4366 vertices
14902 inner tets
14941 outer tets
25 0 39.5833
27.9902 3.79379 39.5833
27.9469 3.80745 39.5833
28.125 3.77604 39.5833
28.0796 3.77802 39.5833
28.0346 3.78395 39.5833
27.7567 3.92859 39.5833
27.726 3.96209 39.5833
27.6984 3.99814 39.5833
27.9049 3.82484 39.5833
27.8646 3.84582 39.5833
27.8263 3.87023 39.5833
27.7902 3.89789 39.5833
27.6219 4.16207 39.5833
27.6121 4.20643 39.5833
27.6061 4.25148 39.5833
27.6739 4.03646 39.5833
27.653 4.07676 39.5833
27.6356 4.11874 39.5833
27.6042 4.29688 39.5833
27.8646 4.74793 39.5833
27.9049 4.76891 39.5833
27.9469 4.7863 39.5833
27.9902 4.79996 39.5833
28.0346 4.8098 39.5833
28.0796 4.81573 39.5833
28.1704 3.77802 39.5833
28.2154 3.78395 39.5833
28.2598 3.79379 39.5833
28.3031 3.80745 39.5833
28.3451 3.82484 39.5833
28.3854 3.84582 39.5833
28.4237 3.87023 39.5833
28.4598 3.89789 39.5833
28.4933 3.92859 39.5833
28.524 3.96209 39.5833
28.5516 3.99814 39.5833
28.5761 4.03646 39.5833
28.597 4.07676 39.5833
28.6144 4.11874 39.5833
28.6281 4.16207 39.5833
28.4237 4.72352 39.5833
28.6379 4.20643 39.5833
28.6439 4.25148 39.5833
28.6458 4.29688 39.5833
28.6439 4.34227 39.5833
28.2154 4.8098 39.5833
28.1704 4.81573 39.5833
28.125 4.81771 39.5833
28.3854 4.74793 39.5833
28.3451 4.76891 39.5833
28.3031 4.7863 39.5833
28.2598 4.79996 39.5833
27.6061 4.34227 39.5833
27.6121 4.38732 39.5833
27.6219 4.43168 39.5833
28.6379 4.38732 39.5833
28.6281 4.43168 39.5833
27.6356 4.47501 39.5833
27.9434 0.789178 42.9167
27.653 4.51699 39.5833
27.6739 4.55729 39.5833
30.2083 2.86458 42.0833
28.125 0.78125 42.9167
28.6144 4.47501 39.5833
28.597 4.51699 39.5833
27.6984 4.59561 39.5833
27.726 4.63166 39.5833
27.7567 4.66516 39.5833
28.5761 4.55729 39.5833
28.5516 4.59561 39.5833
28.524 4.63166 39.5833
27.7902 4.69586 39.5833
28.4598 4.69586 39.5833
27.8263 4.72352 39.5833
28.4933 4.66516 39.5833
30.2083 8.07292 41.6667
30.2083 17.1875 41.6667
30.2083 8.07292 42.0833
30.5851 1.66963 42.0833
30.4874 1.82292 42.0833
30.4035 1.98413 42.0833
30.9525 1.26866 42.0833
30.8185 1.39144 42.0833
30.6957 1.52544 42.0833
30.2793 2.32538 42.0833
30.24 2.50282 42.0833
30.2163 2.68301 42.0833
30.334 2.15204 42.0833
30.9525 1.26866 42.9167
30.9619 5.68302 42.0833
30.7666 5.98958 42.0833
30.2716 7.34938 41.6667
30.2242 7.70977 41.6667
30.2242 17.5507 41.6667
30.7666 5.98958 41.6667
30.5987 6.31201 41.6667
30.4596 6.64783 41.6667
30.3503 6.9945 41.6667
30.2242 7.70977 42.0833
30.2083 17.1875 42.0833
30.2242 17.5507 42.0833
30.5987 6.31201 42.0833
30.4596 6.64783 42.0833
30.3503 6.9945 42.0833
30.2716 7.34938 42.0833
30.2716 17.911 41.6667
30.2242 32.7098 41.6667
30.2083 33.0729 41.6667
30.3503 18.2659 41.6667
30.3503 31.9945 41.6667
30.2716 32.3494 41.6667
30.2083 22.3958 42.0833
30.2083 42.1875 41.6667
30.2083 33.0729 42.0833
30.2716 17.911 42.0833
30.3503 18.2659 42.0833
30.4035 26.9841 42.0833
30.334 27.152 42.0833
30.2083 42.1875 42.0833
30.2242 42.5506 41.6667
30.2242 42.5506 42.0833
30.2716 42.911 41.6667
30.3503 43.2659 41.6667
30.2716 42.911 42.0833
30.2083 47.3958 42.0833
30.2163 47.5774 42.0833
30.24 47.7576 42.0833
30.3503 43.2659 42.0833
30.2793 47.935 42.0833
30.334 48.1084 42.0833
30.4035 48.2763 42.0833
30.4596 18.6126 41.6667
30.5987 18.9484 41.6667
30.4596 18.6126 42.0833
30.5987 18.9484 42.0833
30.7666 19.2708 41.6667
30.7666 19.2708 42.0833
30.6957 26.5254 42.0833
30.5851 26.6696 42.0833
30.4874 26.8229 42.0833
30.9619 19.5774 42.0833
30.9525 23.9918 42.0833
30.9525 26.2687 42.0833
30.8185 26.3914 42.0833
30.4596 31.6478 41.6667
30.4596 43.6126 41.6667
30.4596 43.6126 42.0833
30.7666 30.9896 41.6667
30.5987 31.312 41.6667
30.5987 43.9484 41.6667
30.7666 44.2708 41.6667
30.5987 43.9484 42.0833
30.4874 48.4375 42.0833
30.5851 48.5908 42.0833
30.7666 44.2708 42.0833
30.6957 48.735 42.0833
30.8185 48.869 42.0833
30.9525 48.9918 42.0833
27.0833 24.2001 42.9167
27.2445 24.284 42.9167
27.4125 24.3535 42.9167
27.5858 24.4082 42.9167
27.7632 24.4475 42.9167
27.9434 24.4712 42.9167
27.2445 25.9764 42.9167
27.0833 26.0604 42.9167
26.9301 26.158 42.9167
27.9434 25.7892 42.9167
27.7632 25.8129 42.9167
27.5858 25.8522 42.9167
27.4125 25.9069 42.9167
26.5291 26.5254 42.9167
26.4184 26.6696 42.9167
26.3208 26.8229 42.9167
26.7859 26.2687 42.9167
26.6519 26.3914 42.9167
26.9301 49.1024 42.9167
27.0833 49.2001 42.9167
27.2445 49.284 42.9167
27.4125 49.3535 42.9167
27.5858 49.4082 42.9167
27.7632 49.4475 42.9167
27.9434 49.4712 42.9167
28.125 49.4792 42.9167
30.2163 22.5774 42.0833
30.24 22.7576 42.0833
30.2793 22.935 42.0833
30.334 23.1084 42.0833
30.4035 23.2763 42.0833
30.4874 23.4375 42.0833
30.5851 23.5908 42.0833
28.125 24.4792 42.9167
28.125 25.7812 42.9167
30.6957 23.735 42.0833
30.8185 23.869 42.0833
30.9525 26.2687 42.9167
30.8185 26.3914 42.9167
30.24 27.5028 42.0833
30.2163 27.683 42.0833
30.2083 27.8646 42.0833
30.2793 27.3254 42.0833
30.9619 30.683 42.0833
30.7666 30.9896 42.0833
30.5987 31.312 42.0833
30.3503 31.9945 42.0833
30.2716 32.3494 42.0833
30.2242 32.7098 42.0833
30.6957 26.5254 42.9167
30.5851 26.6696 42.9167
30.4596 31.6478 42.0833
30.4874 26.8229 42.9167
31.4287 5.12664 41.6667
31.1831 5.39464 41.6667
30.9619 5.68302 41.6667
32.2917 4.46448 41.6667
31.9851 4.65978 41.6667
31.6967 4.88107 41.6667
31.4287 5.12664 42.0833
30.9619 19.5774 41.6667
31.1831 5.39464 42.0833
32.2917 0.78125 42.0833
32.2917 4.46448 42.0833
31.9851 4.65978 42.0833
31.6967 4.88107 42.0833
31.1831 19.8658 41.6667
31.4287 20.1338 41.6667
31.6967 20.3794 41.6667
31.9851 20.6006 41.6667
32.2917 20.7959 41.6667
32.2917 29.4645 41.6667
31.4287 20.1338 42.0833
31.6967 29.8811 41.6667
31.0967 26.158 42.0833
31.6967 20.3794 42.0833
31.9851 20.6006 42.0833
31.9851 29.6598 41.6667
32.2917 20.7959 42.0833
33.2966 4.04823 41.6667
32.9499 4.15753 41.6667
32.6141 4.29663 41.6667
34.375 3.90625 41.6667
34.0119 3.92211 41.6667
33.6515 3.96955 41.6667
32.6141 4.29663 42.0833
32.6141 20.9638 41.6667
32.6141 20.9638 42.0833
33.6515 3.96955 42.0833
33.2966 4.04823 42.0833
32.9499 21.1029 41.6667
32.9499 4.15753 42.0833
33.2966 21.2122 41.6667
33.6515 21.2909 41.6667
33.6515 28.9696 41.6667
34.0119 21.3383 41.6667
34.375 21.3542 41.6667
34.375 28.9062 41.6667
34.0119 28.9221 41.6667
32.9499 21.1029 42.0833
32.9499 29.1575 41.6667
32.6141 29.2966 41.6667
33.2966 21.2122 42.0833
33.6515 21.2909 42.0833
33.2966 29.0482 41.6667
34.0119 21.3383 42.0833
31.25 1.06036 42.0833
31.0967 1.15802 42.0833
31.1831 19.8658 42.0833
31.7525 0.852238 42.0833
31.5791 0.90689 42.0833
31.4112 0.976442 42.0833
31.0967 24.1024 42.0833
31.25 24.2001 42.0833
31.0967 24.1024 42.9167
31.4112 24.284 42.0833
31.25 24.2001 42.9167
31.4112 24.284 42.9167
31.5791 24.3535 42.9167
31.5791 24.3535 42.0833
31.4112 25.9764 42.0833
31.25 26.0604 42.0833
31.7525 24.4082 42.0833
31.7525 25.8522 42.0833
31.5791 25.9069 42.0833
31.4112 25.9764 42.9167
31.25 26.0604 42.9167
31.0967 26.158 42.9167
31.7525 24.4082 42.9167
31.7525 25.8522 42.9167
31.6967 29.8811 42.0833
31.5791 25.9069 42.9167
32.1101 0.789178 42.0833
31.9299 0.812901 42.0833
31.9299 24.4475 42.0833
34.375 3.90625 42.0833
34.0119 3.92211 42.0833
34.375 21.3542 42.0833
32.1101 0.789178 42.9167
32.1101 24.4712 42.0833
31.9299 24.4475 42.9167
32.2917 0.78125 42.9167
32.1101 24.4712 42.9167
32.2917 24.4792 42.0833
32.2917 24.4792 42.9167
32.2917 25.7812 42.0833
32.1101 25.7892 42.0833
31.9299 25.8129 42.0833
34.375 28.9062 42.0833
34.0119 28.9221 42.0833
33.6515 28.9696 42.0833
33.2966 29.0482 42.0833
32.1101 25.7892 42.9167
31.9851 29.6598 42.0833
31.9299 25.8129 42.9167
32.9499 29.1575 42.0833
32.2917 25.7812 42.9167
32.6141 29.2966 42.0833
32.2917 29.4645 42.0833
35.5586 36.5518 39.5833
35.48 36.9067 39.5833
35.4325 37.2671 39.5833
35.9749 35.5469 39.5833
35.8071 35.8693 39.5833
35.6679 36.2051 39.5833
31.4287 30.1266 41.6667
35.4167 37.6302 39.5833
35.4167 37.6302 41.6667
35.8071 35.8693 41.6667
35.6679 36.2051 41.6667
35.5586 36.5518 41.6667
35.4325 37.2671 41.6667
35.4325 37.9934 39.5833
35.48 38.3537 39.5833
35.5586 38.7086 39.5833
35.6679 39.0553 39.5833
35.8071 39.3911 39.5833
35.9749 39.7135 39.5833
35.4325 37.9934 41.6667
35.48 38.3537 41.6667
32.6141 45.9638 41.6667
35.5586 38.7086 41.6667
35.6679 39.0553 41.6667
35.8071 39.3911 41.6667
35.9749 39.7135 41.6667
37.5 34.0218 39.5833
37.1934 34.2171 39.5833
36.9051 34.4384 39.5833
38.5049 33.6055 39.5833
38.1582 33.7148 39.5833
37.8224 33.8539 39.5833
36.6371 34.6839 39.5833
36.3915 34.9519 39.5833
36.3915 34.9519 41.6667
37.5 34.0218 41.6667
37.1934 34.2171 41.6667
36.9051 34.4384 41.6667
36.6371 34.6839 41.6667
36.1702 35.2403 39.5833
36.1702 40.0201 39.5833
36.3915 40.3085 39.5833
36.6371 40.5765 39.5833
36.9051 40.8221 39.5833
37.1934 41.0433 39.5833
37.5 41.2386 39.5833
36.1702 35.2403 41.6667
35.9749 35.5469 41.6667
36.1702 40.0201 41.6667
37.8224 41.4065 39.5833
38.1582 41.5456 39.5833
38.5049 41.6549 39.5833
38.8598 41.7336 39.5833
31.1831 30.3946 41.6667
30.9619 30.683 41.6667
30.9619 44.5774 41.6667
31.1831 44.8658 41.6667
31.4287 45.1338 41.6667
31.6967 45.3794 41.6667
31.1831 30.3946 42.0833
30.9619 44.5774 42.0833
31.1831 44.8658 42.0833
31.4287 30.1266 42.0833
31.4287 45.1338 42.0833
31.6967 45.3794 42.0833
31.9851 45.6006 42.0833
31.0967 49.1024 42.0833
31.25 49.2001 42.0833
31.4112 49.284 42.0833
31.9851 45.6006 41.6667
31.5791 49.3535 42.0833
31.7525 49.4082 42.0833
31.9299 49.4475 42.0833
31.25 49.2001 42.9167
31.4112 49.284 42.9167
31.5791 49.3535 42.9167
31.7525 49.4082 42.9167
31.9299 49.4475 42.9167
32.1101 49.4712 42.0833
32.1101 49.4712 42.9167
37.8224 33.8539 41.6667
35.48 36.9067 41.6667
36.3915 40.3085 41.6667
38.8598 33.5268 41.6667
38.5049 33.6055 41.6667
38.1582 33.7148 41.6667
36.6371 40.5765 41.6667
36.9051 40.8221 41.6667
37.1934 41.0433 41.6667
37.5 41.2386 41.6667
37.8224 41.4065 41.6667
38.1582 41.5456 41.6667
38.5049 41.6549 41.6667
32.2917 45.7959 41.6667
32.9499 46.1029 41.6667
33.2966 46.2122 41.6667
38.8598 41.7336 41.6667
33.6515 46.2909 41.6667
34.0119 46.3383 41.6667
34.375 46.3542 41.6667
32.2917 45.7959 42.0833
32.6141 45.9638 42.0833
32.9499 46.1029 42.0833
33.2966 46.2122 42.0833
33.6515 46.2909 42.0833
34.0119 46.3383 42.0833
34.375 46.3542 42.0833
25 43.2824 44.3873
25 43.3756 44.1313
25 43.3234 44.2573
25 43.2529 44.5203
26.0417 43.3234 44.2573
26.0417 43.2824 44.3873
25 43.2292 44.7917
25 43.2351 44.6555
25 43.2351 44.9278
25 43.2529 45.063
25 43.2824 45.1961
25 43.3234 45.3261
25 43.3756 45.452
25 43.5947 43.7873
25 43.7873 43.5947
25 43.6868 43.6868
25 43.4385 44.0104
25 43.5117 43.8955
26.0417 43.4385 44.0104
25 43.4385 45.5729
25 43.5117 45.6879
25 43.5947 45.796
26.0417 43.4385 45.5729
25 43.6868 45.8965
25 43.7873 45.9886
26.0417 43.7873 45.9886
26.0496 2.68301 42.9167
26.0417 2.86458 42.9167
26.0417 22.3958 42.9167
26.1127 2.32538 42.9167
26.0733 2.50282 42.9167
26.0496 22.5774 42.9167
26.0417 27.8646 42.9167
26.0417 43.2292 44.7917
26.0417 43.2351 44.9278
26.0733 22.7576 42.9167
26.1127 22.935 42.9167
26.0733 27.5028 42.9167
26.0496 27.683 42.9167
26.0417 43.5947 43.7873
26.0417 43.7873 43.5947
26.0417 43.6868 43.6868
26.0417 43.2529 44.5203
26.0417 43.2351 44.6555
26.0417 43.5117 43.8955
26.0417 43.3756 44.1313
26.0417 43.2529 45.063
26.0417 43.2824 45.1961
26.0417 43.3234 45.3261
26.0417 43.3756 45.452
26.0417 43.5117 45.6879
26.0417 43.5947 45.796
26.0417 43.6868 45.8965
25 0 54.1667
25 34.9852 54.1667
25 35.076 54.1706
25 35.1661 54.1825
25 35.2548 54.2022
26.0417 35.3415 54.2295
25 35.3415 54.2295
25 35.4254 54.2643
25 35.506 54.3062
26.0417 35.4254 54.2643
25 35.5827 54.355
25 35.6548 54.4104
26.0417 35.6548 54.4104
25 35.7218 54.4718
25 43.8955 46.0716
25 41.3616 60.1116
25 41.4286 60.173
25 41.5007 60.2283
25 41.5773 60.2771
25 41.6579 60.3191
25 41.7419 60.3538
25 41.8285 60.3812
26.0417 41.8285 60.3812
25 41.9173 60.4008
25 42.0074 60.4127
25 42.0981 60.4167
26.0417 0 52.0833
26.0417 2.86458 52.0833
26.0417 22.3958 52.0833
26.0733 2.50282 52.0833
26.0496 2.68301 52.0833
26.0496 22.5774 52.0833
26.0417 0 54.1667
26.0417 27.8646 52.0833
26.0417 34.9852 54.1667
26.0733 22.7576 52.0833
26.0733 27.5028 52.0833
26.0496 27.683 52.0833
26.0417 35.076 54.1706
26.0417 35.1661 54.1825
26.0417 35.2548 54.2022
26.0417 35.506 54.3062
26.0417 35.5827 54.355
26.0417 35.7218 54.4718
26.0417 41.3616 60.1116
26.0417 41.4286 60.173
26.0417 41.5007 60.2283
26.0417 41.5773 60.2771
26.0417 41.6579 60.3191
26.0417 41.7419 60.3538
26.0417 41.9173 60.4008
26.0417 42.0074 60.4127
26.0417 42.0981 60.4167
25 44.6555 43.2351
25 44.7917 43.2292
25 44.9278 43.2351
25 44.3873 43.2824
25 44.5203 43.2529
25 45.063 43.2529
25 44.2573 43.3234
25 45.1961 43.2824
25 45.3261 43.3234
25 44.0104 43.4385
25 43.8955 43.5117
25 44.1313 43.3756
26.0417 44.0104 43.4385
25 45.452 43.3756
25 45.5729 43.4385
25 45.6879 43.5117
25 45.796 43.5947
25 45.8965 43.6868
25 45.9886 43.7873
25 46.0716 43.8955
25 46.1448 44.0104
25 46.2078 44.1313
25 46.2599 44.2573
25 46.3009 44.3873
25 46.3304 44.5203
25 46.3482 44.6555
26.0417 44.6555 43.2351
26.0417 44.7917 43.2292
26.0417 44.9278 43.2351
26.0417 44.3873 43.2824
26.0417 44.5203 43.2529
26.0417 45.063 43.2529
26.0417 44.2573 43.3234
26.0417 45.1961 43.2824
26.0417 45.3261 43.3234
26.0417 44.1313 43.3756
26.0417 43.8955 43.5117
26.0417 45.452 43.3756
26.0417 45.5729 43.4385
26.0417 45.6879 43.5117
26.0417 47.3958 42.9167
26.0417 45.796 43.5947
26.0417 45.8965 43.6868
26.0417 45.9886 43.7873
26.0496 47.5774 42.9167
26.0733 47.7576 42.9167
26.0417 46.0716 43.8955
26.0417 46.1448 44.0104
26.0417 46.2078 44.1313
26.0417 46.2599 44.2573
26.0417 46.3009 44.3873
26.0417 46.3304 44.5203
26.0417 46.3482 44.6555
25 44.0104 46.1448
25 45.5729 46.1448
25 44.1313 46.2078
25 44.2573 46.2599
25 45.452 46.2078
25 45.3261 46.2599
25 44.3873 46.3009
25 45.1961 46.3009
25 44.5203 46.3304
25 44.6555 46.3482
25 44.7917 46.3542
25 45.063 46.3304
25 44.9278 46.3482
25 46.3304 45.063
25 46.3542 44.7917
25 46.3482 44.9278
25 46.2599 45.3261
25 46.2078 45.452
26.0417 46.3542 44.7917
25 46.3009 45.1961
25 45.9886 45.796
25 46.1448 45.5729
25 46.0716 45.6879
25 45.796 45.9886
25 45.6879 46.0716
25 45.8965 45.8965
26.0417 47.3958 52.0833
26.0417 43.8955 46.0716
26.0417 44.0104 46.1448
26.0417 44.1313 46.2078
26.0417 44.2573 46.2599
26.0417 45.452 46.2078
26.0417 45.3261 46.2599
26.0417 44.3873 46.3009
26.0417 45.1961 46.3009
26.0417 44.5203 46.3304
26.0417 44.6555 46.3482
26.0417 44.7917 46.3542
26.0417 45.063 46.3304
26.0417 44.9278 46.3482
26.0417 46.3009 45.1961
26.0417 46.3482 44.9278
26.0417 46.3304 45.063
26.0417 46.1448 45.5729
26.0417 46.0716 45.6879
26.0417 46.2599 45.3261
26.0417 46.2078 45.452
26.0417 45.796 45.9886
26.0417 45.9886 45.796
26.0417 45.8965 45.8965
26.0417 45.6879 46.0716
26.0417 45.5729 46.1448
26.0496 47.5774 52.0833
26.0733 47.7576 52.0833
27.0833 1.06036 42.9167
26.9301 1.15802 42.9167
26.7859 1.26866 42.9167
27.7632 0.812901 42.9167
27.5858 0.852238 42.9167
27.2445 0.976442 42.9167
26.3208 1.82292 42.9167
26.2369 1.98413 42.9167
26.1673 2.15204 42.9167
26.6519 1.39144 42.9167
26.5291 1.52544 42.9167
26.4184 1.66963 42.9167
28.125 3.77604 42.9167
27.9902 3.79379 42.9167
27.9469 3.80745 42.9167
27.9049 3.82484 42.9167
28.0796 3.77802 42.9167
28.1704 3.77802 42.9167
28.0346 3.78395 42.9167
27.6984 4.59561 42.9167
27.726 4.63166 42.9167
27.7567 4.66516 42.9167
27.8646 3.84582 42.9167
27.7902 4.69586 42.9167
27.8263 4.72352 42.9167
27.8646 4.74793 42.9167
31.4112 0.976442 42.9167
31.25 1.06036 42.9167
31.0967 1.15802 42.9167
31.9299 0.812901 42.9167
31.7525 0.852238 42.9167
31.5791 0.90689 42.9167
30.4035 1.98413 42.9167
30.334 2.15204 42.9167
30.2793 2.32538 42.9167
30.8185 1.39144 42.9167
30.6957 1.52544 42.9167
30.5851 1.66963 42.9167
30.4874 1.82292 42.9167
28.2154 3.78395 42.9167
28.2598 3.79379 42.9167
28.3031 3.80745 42.9167
30.24 2.50282 42.9167
30.2163 2.68301 42.9167
30.2083 2.86458 42.9167
28.3451 3.82484 42.9167
28.3854 3.84582 42.9167
28.4237 4.72352 42.9167
28.3854 4.74793 42.9167
28.597 4.51699 42.9167
28.524 4.63166 42.9167
28.4933 4.66516 42.9167
28.4598 4.69586 42.9167
27.2445 0.976442 52.0833
27.0833 1.06036 52.0833
26.9301 1.15802 52.0833
27.5858 0.852238 52.0833
27.4125 0.90689 42.9167
27.4125 0.90689 52.0833
26.3208 1.82292 52.0833
26.2369 1.98413 52.0833
26.1673 2.15204 52.0833
26.7859 1.26866 52.0833
26.6519 1.39144 52.0833
26.5291 1.52544 52.0833
26.4184 1.66963 52.0833
27.6121 4.20643 42.9167
27.6061 4.25148 42.9167
27.6042 4.29688 42.9167
27.653 4.07676 42.9167
27.6356 4.11874 42.9167
27.6219 4.16207 42.9167
26.1127 2.32538 52.0833
27.6061 4.34227 42.9167
27.6121 4.38732 42.9167
27.6219 4.43168 42.9167
27.6356 4.47501 42.9167
27.653 4.51699 42.9167
27.6739 4.55729 42.9167
27.8263 3.87023 42.9167
27.7902 3.89789 42.9167
27.7567 3.92859 42.9167
28.4237 3.87023 42.9167
28.4598 3.89789 42.9167
28.4933 3.92859 42.9167
27.7632 0.812901 52.0833
27.726 3.96209 42.9167
27.6984 3.99814 42.9167
28.125 0.78125 52.0833
27.9434 0.789178 52.0833
28.524 3.96209 42.9167
28.5516 3.99814 42.9167
27.6739 4.03646 42.9167
28.5761 4.03646 42.9167
28.597 4.07676 42.9167
28.6144 4.11874 42.9167
28.6281 4.16207 42.9167
28.6379 4.20643 42.9167
28.6439 4.25148 42.9167
28.6144 4.47501 42.9167
28.5761 4.55729 42.9167
28.5516 4.59561 42.9167
28.6458 4.29688 42.9167
28.6439 4.34227 42.9167
28.6379 4.38732 42.9167
28.6281 4.43168 42.9167
27.9049 4.76891 42.9167
27.9469 4.7863 42.9167
27.9902 4.79996 42.9167
28.3031 4.7863 42.9167
28.2598 4.79996 42.9167
28.2154 4.8098 42.9167
26.1673 23.1084 42.9167
26.2369 23.2763 42.9167
26.3208 23.4375 42.9167
28.0346 4.8098 42.9167
28.0796 4.81573 42.9167
28.1704 4.81573 42.9167
28.125 4.81771 42.9167
26.4184 23.5908 42.9167
26.5291 23.735 42.9167
26.1127 47.935 42.9167
26.6519 23.869 42.9167
26.7859 23.9918 42.9167
26.9301 24.1024 42.9167
26.1673 48.1084 42.9167
26.2369 48.2763 42.9167
26.3208 48.4375 42.9167
26.4184 48.5908 42.9167
26.5291 48.735 42.9167
26.6519 48.869 42.9167
26.7859 48.9918 42.9167
30.2083 22.3958 42.9167
30.2163 22.5774 42.9167
30.24 22.7576 42.9167
30.2793 22.935 42.9167
30.334 23.1084 42.9167
30.4035 23.2763 42.9167
30.4874 23.4375 42.9167
30.4035 26.9841 42.9167
30.24 27.5028 42.9167
30.5851 23.5908 42.9167
30.6957 23.735 42.9167
30.8185 23.869 42.9167
30.9525 23.9918 42.9167
30.2163 27.683 42.9167
30.2083 27.8646 42.9167
30.2083 47.3958 42.9167
30.2163 47.5774 42.9167
30.24 47.7576 42.9167
30.2793 47.935 42.9167
30.334 48.1084 42.9167
30.4035 48.2763 42.9167
30.4874 48.4375 42.9167
30.5851 48.5908 42.9167
30.6957 48.735 42.9167
30.8185 48.869 42.9167
30.9525 48.9918 42.9167
31.0967 49.1024 42.9167
26.1127 22.935 52.0833
26.1673 23.1084 52.0833
26.2369 23.2763 52.0833
26.3208 23.4375 52.0833
26.4184 23.5908 52.0833
26.5291 23.735 52.0833
26.5291 26.5254 52.0833
26.4184 26.6696 52.0833
26.3208 26.8229 52.0833
26.6519 23.869 52.0833
26.7859 23.9918 52.0833
26.7859 26.2687 52.0833
26.6519 26.3914 52.0833
26.1127 27.3254 42.9167
26.1127 27.3254 52.0833
26.1127 47.935 52.0833
26.2369 26.9841 42.9167
26.2369 26.9841 52.0833
26.1673 27.152 42.9167
26.1673 27.152 52.0833
26.1673 48.1084 52.0833
26.2369 48.2763 52.0833
26.3208 48.4375 52.0833
26.4184 48.5908 52.0833
26.5291 48.735 52.0833
26.6519 48.869 52.0833
26.7859 48.9918 52.0833
26.9301 24.1024 52.0833
27.0833 24.2001 52.0833
27.2445 24.284 52.0833
28.3451 4.76891 42.9167
27.4125 24.3535 52.0833
27.5858 24.4082 52.0833
27.7632 24.4475 52.0833
27.7632 25.8129 52.0833
27.5858 25.8522 52.0833
27.9434 24.4712 52.0833
28.125 24.4792 52.0833
28.125 25.7812 52.0833
27.9434 25.7892 52.0833
27.0833 26.0604 52.0833
26.9301 26.158 52.0833
26.9301 49.1024 52.0833
27.4125 25.9069 52.0833
27.2445 25.9764 52.0833
30.334 27.152 42.9167
30.2793 27.3254 42.9167
27.0833 49.2001 52.0833
27.2445 49.284 52.0833
27.4125 49.3535 52.0833
27.5858 49.4082 52.0833
27.7632 49.4475 52.0833
27.9434 49.4712 52.0833
28.125 49.4792 52.0833
30.2242 57.4494 41.6667
30.2083 57.8125 41.6667
30.2083 66.9271 41.6667
30.2716 57.089 41.6667
30.2242 67.2902 41.6667
30.2716 67.6506 41.6667
30.2242 57.4494 42.0833
30.2083 57.8125 42.0833
30.2083 72.1354 42.0833
30.334 51.8916 42.0833
30.2716 57.089 42.0833
30.2242 67.2902 42.0833
30.2716 67.6506 42.0833
30.2083 82.8125 41.6667
28.125 95.1823 39.5833
30.2083 91.9271 41.6667
30.2716 82.089 41.6667
30.2242 82.4493 41.6667
30.2242 92.2902 41.6667
30.2163 72.317 42.0833
30.24 72.4972 42.0833
30.2242 92.2902 42.0833
30.2716 92.6506 41.6667
30.2793 72.6746 42.0833
30.3503 93.0055 41.6667
30.2716 92.6506 42.0833
30.4596 56.3874 41.6667
30.3503 56.7341 41.6667
30.3503 68.0055 41.6667
30.7666 55.7292 41.6667
30.5987 56.0516 41.6667
30.4596 68.3522 41.6667
30.4596 56.3874 42.0833
30.3503 56.7341 42.0833
30.3503 68.0055 42.0833
30.6957 51.265 42.0833
30.5987 56.0516 42.0833
30.5987 68.688 41.6667
30.4596 68.3522 42.0833
30.4596 81.3874 41.6667
30.3503 81.7341 41.6667
30.4596 93.3522 41.6667
30.7666 69.0104 41.6667
30.7666 80.7292 41.6667
30.5987 81.0516 41.6667
30.5987 93.688 41.6667
30.5987 68.688 42.0833
30.3503 93.0055 42.0833
30.4596 93.3522 42.0833
30.7666 69.0104 42.0833
30.5987 93.688 42.0833
30.7666 94.0104 41.6667
30.7666 94.0104 42.0833
28.125 50.5208 42.9167
30.2083 52.6042 42.0833
27.9434 50.5288 42.9167
30.24 52.2424 42.0833
30.2163 52.4226 42.0833
30.2083 66.9271 42.0833
27.4125 50.6465 42.9167
27.2445 50.716 42.9167
26.0417 72.1354 42.9167
27.7632 50.5525 42.9167
27.5858 50.5918 42.9167
30.2083 72.1354 42.9167
30.2163 72.317 42.9167
30.2083 77.6042 42.0833
30.2083 82.8125 42.0833
30.2083 91.9271 42.0833
30.24 77.2424 42.0833
30.2163 77.4226 42.0833
30.2242 82.4493 42.0833
26.0496 72.317 42.9167
26.0733 72.4972 42.9167
26.1127 72.6746 42.9167
26.1673 72.848 42.9167
26.2369 73.0159 42.9167
26.3208 73.1771 42.9167
28.125 95.1823 42.9167
30.4035 51.7237 42.0833
30.2793 52.065 42.0833
30.334 72.848 42.0833
30.5851 51.4092 42.0833
30.4874 51.5625 42.0833
30.7666 55.7292 42.0833
30.24 72.4972 42.9167
30.2793 72.6746 42.9167
30.334 72.848 42.9167
30.4035 73.0159 42.0833
30.4035 73.0159 42.9167
30.4874 73.1771 42.0833
30.4874 73.1771 42.9167
30.5851 73.3304 42.0833
30.4874 76.5625 42.0833
30.4035 76.7237 42.0833
30.6957 73.4746 42.0833
30.8185 73.6086 42.0833
30.6957 76.265 42.0833
30.5851 76.4092 42.0833
30.334 76.8916 42.0833
30.2793 77.065 42.0833
30.2716 82.089 42.0833
30.7666 80.7292 42.0833
30.5987 81.0516 42.0833
30.4596 81.3874 42.0833
30.3503 81.7341 42.0833
27.9049 95.2311 39.5833
27.8646 95.2521 39.5833
27.8263 95.2765 39.5833
28.0796 95.1843 39.5833
28.0346 95.1902 39.5833
27.9902 95.2 39.5833
27.6739 95.4427 39.5833
27.653 95.483 39.5833
27.6356 95.525 39.5833
27.7902 95.3041 39.5833
27.7567 95.3348 39.5833
27.726 95.3683 39.5833
27.6984 95.4044 39.5833
27.6061 95.6577 39.5833
27.6042 95.7031 39.5833
27.6061 95.7485 39.5833
27.6219 95.5683 39.5833
27.6121 95.6127 39.5833
27.6121 95.7936 39.5833
27.6219 95.8379 39.5833
27.6356 95.8813 39.5833
25 100 39.5833
27.653 95.9232 39.5833
27.6739 95.9635 39.5833
27.6984 96.0019 39.5833
27.726 96.0379 39.5833
28.1704 95.1843 39.5833
28.2598 95.2 39.5833
28.3031 95.2137 39.5833
28.3451 95.2311 39.5833
28.3854 95.2521 39.5833
28.4237 95.2765 39.5833
28.4598 95.3041 39.5833
28.4933 95.3348 39.5833
28.524 95.3683 39.5833
28.5516 95.4044 39.5833
28.5761 95.4427 39.5833
28.597 95.483 39.5833
28.6144 95.525 39.5833
28.6281 95.5683 39.5833
28.6379 95.6127 39.5833
28.6281 95.8379 39.5833
28.6439 95.6577 39.5833
28.6458 95.7031 39.5833
28.6439 95.7485 39.5833
28.6379 95.7936 39.5833
28.524 96.0379 39.5833
28.4933 96.0714 39.5833
28.125 96.224 39.5833
28.6144 95.8813 39.5833
28.597 95.9232 39.5833
28.5761 95.9635 39.5833
28.5516 96.0019 39.5833
27.7567 96.0714 39.5833
27.7902 96.1021 39.5833
27.8263 96.1298 39.5833
27.9469 95.2137 39.5833
27.8646 96.1542 39.5833
27.9049 96.1752 39.5833
27.9469 96.1926 39.5833
26.0733 97.4972 42.9167
26.1127 97.6746 42.9167
27.9902 96.2062 39.5833
28.0346 96.216 39.5833
28.0796 96.222 39.5833
28.1704 96.222 39.5833
26.1673 97.848 42.9167
26.2369 98.0159 42.9167
26.3208 98.1771 42.9167
26.4184 98.3304 42.9167
26.5291 98.4746 42.9167
26.7859 98.7313 42.9167
26.9301 98.842 42.9167
27.0833 98.9396 42.9167
27.2445 99.0236 42.9167
27.4125 99.0931 42.9167
27.5858 99.1478 42.9167
27.7632 99.1871 42.9167
27.9434 99.2108 42.9167
28.125 99.2188 42.9167
28.2154 95.1902 39.5833
28.3451 96.1752 39.5833
28.3031 96.1926 39.5833
28.4598 96.1021 39.5833
28.4237 96.1298 39.5833
28.3854 96.1542 39.5833
28.3451 95.2311 42.9167
28.2598 96.2062 39.5833
28.2154 96.216 39.5833
30.2083 97.1354 42.0833
28.4598 96.1021 42.9167
30.2163 97.317 42.0833
30.2163 97.317 42.9167
30.24 97.4972 42.0833
30.2793 97.6746 42.0833
30.334 97.848 42.0833
30.4035 98.0159 42.0833
30.4874 98.1771 42.0833
30.5851 98.3304 42.0833
30.6957 98.4746 42.0833
30.24 97.4972 42.9167
30.2793 97.6746 42.9167
30.334 97.848 42.9167
30.4035 98.0159 42.9167
30.4874 98.1771 42.9167
30.5851 98.3304 42.9167
30.6957 98.4746 42.9167
33.6515 53.7091 41.6667
33.2966 53.7878 41.6667
32.9499 53.8971 41.6667
34.0119 53.6617 41.6667
35.9749 60.2865 39.5833
35.8071 60.6089 39.5833
31.4287 54.8662 41.6667
31.1831 55.1342 41.6667
30.9619 55.4226 41.6667
32.6141 54.0362 41.6667
32.2917 54.2041 41.6667
31.9851 54.3994 41.6667
31.6967 54.6206 41.6667
35.4325 62.0066 39.5833
35.4167 62.3698 39.5833
35.4325 62.7329 39.5833
35.6679 60.9447 39.5833
35.5586 61.2914 39.5833
35.48 61.6463 39.5833
35.48 63.0933 39.5833
35.5586 63.4482 39.5833
35.48 63.0933 41.6667
35.6679 63.7949 39.5833
35.5586 63.4482 41.6667
35.8071 64.1307 39.5833
35.8071 64.1307 41.6667
37.5 58.7614 39.5833
37.1934 58.9567 39.5833
36.9051 59.1779 39.5833
38.5049 58.3451 39.5833
38.1582 58.4544 39.5833
37.8224 58.5935 39.5833
37.1934 58.9567 41.6667
36.6371 59.4235 39.5833
36.9051 59.1779 41.6667
38.5049 58.3451 41.6667
38.1582 58.4544 41.6667
37.8224 58.5935 41.6667
37.5 58.7614 41.6667
36.1702 59.9799 39.5833
35.9749 64.4531 39.5833
36.1702 64.7597 39.5833
36.3915 59.6915 39.5833
36.3915 65.0481 39.5833
36.6371 65.3161 39.5833
36.9051 65.5616 39.5833
35.9749 64.4531 41.6667
37.1934 65.7829 39.5833
36.1702 64.7597 41.6667
37.5 65.9782 39.5833
37.8224 66.1461 39.5833
38.1582 66.2852 39.5833
38.5049 66.3945 39.5833
31.9299 50.5525 42.0833
31.7525 50.5918 42.0833
31.5791 50.6465 42.0833
32.2917 49.4792 42.0833
32.2917 50.5208 42.0833
32.1101 50.5288 42.0833
31.5791 50.6465 42.9167
31.4112 50.716 42.0833
31.4112 50.716 42.9167
32.2917 49.4792 42.9167
32.2917 50.5208 42.9167
32.1101 50.5288 42.9167
31.9299 50.5525 42.9167
30.9525 51.0082 42.0833
30.9619 69.317 41.6667
30.8185 51.131 42.0833
31.25 50.7999 42.0833
31.0967 50.8976 42.0833
32.2917 54.2041 42.0833
31.1831 55.1342 42.0833
30.9619 55.4226 42.0833
30.9619 69.317 42.0833
31.9851 54.3994 42.0833
31.6967 54.6206 42.0833
31.4287 54.8662 42.0833
31.1831 69.6054 42.0833
34.375 53.6458 41.6667
35.9749 60.2865 41.6667
35.8071 60.6089 41.6667
36.6371 59.4235 41.6667
36.3915 59.6915 41.6667
36.1702 59.9799 41.6667
33.2966 53.7878 42.0833
32.9499 53.8971 42.0833
32.6141 54.0362 42.0833
34.375 53.6458 42.0833
34.0119 53.6617 42.0833
35.6679 60.9447 41.6667
33.6515 53.7091 42.0833
35.4325 62.0066 41.6667
35.4167 62.3698 41.6667
35.4325 62.7329 41.6667
35.5586 61.2914 41.6667
35.48 61.6463 41.6667
35.6679 63.7949 41.6667
36.3915 65.0481 41.6667
36.6371 65.3161 41.6667
36.9051 65.5616 41.6667
37.1934 65.7829 41.6667
37.5 65.9782 41.6667
37.8224 66.1461 41.6667
38.1582 66.2852 41.6667
38.5049 66.3945 41.6667
31.1831 69.6054 41.6667
31.4287 69.8734 41.6667
31.6967 70.1189 41.6667
31.9851 70.3402 41.6667
32.2917 70.5355 41.6667
32.2917 74.2188 42.0833
31.4112 75.716 42.0833
31.0967 75.8976 42.0833
30.9525 76.0082 42.0833
32.1101 75.5288 42.0833
31.9299 75.5525 42.0833
31.7525 75.5918 42.0833
31.5791 75.6465 42.0833
31.1831 80.1342 41.6667
30.9619 80.4226 41.6667
30.9619 94.317 41.6667
31.9851 79.3994 41.6667
31.6967 79.6207 41.6667
31.4287 79.8662 41.6667
30.8185 76.131 42.0833
31.1831 94.6054 41.6667
31.4287 94.8734 41.6667
31.6967 95.1189 41.6667
32.2917 79.2041 42.0833
31.9851 95.3402 41.6667
31.5791 99.0931 42.0833
32.6141 70.7034 41.6667
32.9499 70.8425 41.6667
33.2966 70.9518 41.6667
33.6515 71.0304 41.6667
34.0119 71.0779 41.6667
34.375 71.0938 41.6667
32.2917 75.5208 42.0833
33.6515 78.7091 41.6667
33.6515 78.7091 42.0833
34.375 78.6458 41.6667
34.375 78.6458 42.0833
34.0119 78.6617 41.6667
34.0119 78.6617 42.0833
32.6141 79.0362 41.6667
32.2917 79.2041 41.6667
32.2917 95.5355 41.6667
33.2966 78.7878 41.6667
32.9499 78.8971 41.6667
32.6141 95.7034 41.6667
32.9499 95.8425 41.6667
32.9499 78.8971 42.0833
33.2966 95.9518 41.6667
32.6141 79.0362 42.0833
33.6515 96.0304 41.6667
33.2966 78.7878 42.0833
34.0119 96.0779 41.6667
34.375 96.0938 41.6667
30.9525 73.7313 42.0833
31.0967 73.842 42.0833
31.25 73.9396 42.0833
31.4287 69.8734 42.0833
31.6967 70.1189 42.0833
31.4112 74.0236 42.0833
31.25 75.7999 42.0833
31.1831 80.1342 42.0833
30.9619 80.4226 42.0833
31.5791 74.0931 42.0833
31.7525 74.1478 42.0833
31.6967 79.6207 42.0833
31.4287 79.8662 42.0833
30.9619 94.317 42.0833
30.8185 98.6086 42.0833
30.9525 98.7313 42.0833
31.1831 94.6054 42.0833
31.4287 94.8734 42.0833
31.6967 95.1189 42.0833
31.0967 98.842 42.0833
30.9525 98.7313 42.9167
31.25 98.9396 42.0833
31.0967 98.842 42.9167
31.4112 99.0236 42.0833
31.25 98.9396 42.9167
31.4112 99.0236 42.9167
31.5791 99.0931 42.9167
31.9851 70.3402 42.0833
32.2917 70.5355 42.0833
32.6141 70.7034 42.0833
32.9499 70.8425 42.0833
33.2966 70.9518 42.0833
33.6515 71.0304 42.0833
31.9299 74.1871 42.0833
31.9851 79.3994 42.0833
31.9851 95.3402 42.0833
34.0119 71.0779 42.0833
34.375 71.0938 42.0833
32.1101 74.2108 42.0833
32.2917 95.5355 42.0833
32.6141 95.7034 42.0833
32.9499 95.8425 42.0833
31.7525 99.1478 42.0833
33.2966 95.9518 42.0833
33.6515 96.0304 42.0833
34.0119 96.0779 42.0833
34.375 96.0938 42.0833
31.7525 99.1478 42.9167
31.9299 99.1871 42.0833
31.9299 99.1871 42.9167
32.1101 99.2108 42.0833
32.1101 99.2108 42.9167
32.2917 99.2188 42.0833
32.2917 99.2188 42.9167
25 54.1035 43.6868
25 54.3121 43.5117
25 54.204 43.5947
26.0417 52.6042 42.9167
25 54.0114 43.7873
25 53.9284 43.8955
25 53.7401 44.2573
25 53.8552 44.0104
25 53.7922 44.1313
25 53.6696 44.5203
25 53.6518 44.6555
25 53.6991 44.3873
26.0417 53.6696 44.5203
25 55.0722 43.2351
25 55.2083 43.2292
25 55.3445 43.2351
25 54.8039 43.2824
25 54.937 43.2529
25 55.4797 43.2529
25 54.6739 43.3234
25 55.6127 43.2824
25 55.7427 43.3234
25 54.548 43.3756
25 54.4271 43.4385
25 55.8687 43.3756
25 55.9896 43.4385
26.0417 54.0114 43.7873
26.0417 54.204 43.5947
26.0417 54.1035 43.6868
26.1127 52.065 42.9167
26.0733 52.2424 42.9167
26.0496 52.4226 42.9167
26.0417 53.7922 44.1313
26.0417 53.9284 43.8955
26.0417 53.8552 44.0104
26.0417 53.6518 44.6555
26.0417 53.6458 44.7917
26.0417 53.7401 44.2573
26.0417 53.6991 44.3873
26.0417 55.0722 43.2351
26.0417 55.2083 43.2292
26.0417 55.3445 43.2351
26.0417 54.937 43.2529
26.0417 54.8039 43.2824
26.0417 55.4797 43.2529
26.0417 55.6127 43.2824
26.0417 54.548 43.3756
26.0417 54.6739 43.3234
26.0417 55.7427 43.3234
26.0417 54.4271 43.4385
26.0417 54.3121 43.5117
26.0417 55.8687 43.3756
26.0417 55.9896 43.4385
25 53.6458 44.7917
25 53.6518 44.9278
25 53.6696 45.063
25 53.6991 45.1961
25 53.7401 45.3261
25 53.7922 45.452
25 53.8552 45.5729
25 53.9284 45.6879
25 54.0114 45.796
25 54.1035 45.8965
25 54.204 45.9886
25 54.3121 46.0716
26.0417 54.4271 46.1448
25 54.4271 46.1448
25 55.9896 46.1448
25 54.548 46.2078
25 54.6739 46.2599
25 55.8687 46.2078
25 55.7427 46.2599
25 54.8039 46.3009
25 55.6127 46.3009
25 54.937 46.3304
25 55.0722 46.3482
25 55.2083 46.3542
25 55.4797 46.3304
25 55.3445 46.3482
26.0417 53.6518 44.9278
26.0417 53.6696 45.063
26.0417 53.6991 45.1961
26.0417 53.7401 45.3261
26.0417 53.7922 45.452
26.0417 53.8552 45.5729
26.0417 53.9284 45.6879
26.0417 54.0114 45.796
26.0417 54.1035 45.8965
26.1127 52.065 52.0833
26.0733 52.2424 52.0833
26.0496 52.4226 52.0833
26.0417 52.6042 52.0833
26.0417 54.204 45.9886
26.0417 54.3121 46.0716
26.0417 55.9896 46.1448
26.0417 54.548 46.2078
26.0417 54.6739 46.2599
26.0417 55.8687 46.2078
26.0417 55.7427 46.2599
26.0417 54.8039 46.3009
26.0417 55.6127 46.3009
26.0417 54.937 46.3304
26.0417 55.0722 46.3482
26.0417 55.2083 46.3542
26.0417 55.4797 46.3304
26.0417 55.3445 46.3482
25 56.1045 43.5117
25 56.2127 43.5947
25 56.3132 43.6868
25 56.4053 43.7873
25 56.4883 43.8955
25 56.5615 44.0104
25 56.4053 45.796
25 56.5615 45.5729
25 56.4883 45.6879
25 56.2127 45.9886
25 56.1045 46.0716
25 56.3132 45.8965
26.0417 56.2127 45.9886
25 56.6244 44.1313
25 56.6766 44.2573
25 56.7176 44.3873
25 56.7471 44.5203
26.0417 97.1354 42.9167
26.0417 56.7471 44.5203
25 56.7649 44.6555
25 56.7708 44.7917
25 56.7649 44.9278
25 56.6766 45.3261
25 56.6244 45.452
25 56.7471 45.063
25 56.7176 45.1961
26.0417 56.1045 43.5117
26.0417 56.2127 43.5947
26.0417 56.3132 43.6868
26.0417 56.4053 43.7873
26.0417 56.4883 43.8955
26.0417 56.5615 44.0104
26.0417 56.5615 45.5729
26.0417 56.6244 44.1313
26.0417 56.6244 45.452
26.0417 56.3132 45.8965
26.0417 56.1045 46.0716
26.0417 56.4883 45.6879
26.0417 56.4053 45.796
26.0417 56.6766 44.2573
26.0417 77.6042 42.9167
26.0417 56.7176 44.3873
26.1127 77.065 42.9167
26.0733 77.2424 42.9167
26.0496 77.4226 42.9167
26.0496 97.317 42.9167
26.0417 56.7649 44.6555
26.0417 56.7708 44.7917
26.0417 56.7649 44.9278
26.0417 56.7176 45.1961
26.0417 56.6766 45.3261
26.0417 56.7471 45.063
26.0417 72.1354 52.0833
25 58.6384 60.1116
25 64.3452 54.4104
25 64.2782 54.4718
25 58.4227 60.2771
25 58.5714 60.173
25 58.4993 60.2283
25 58.1715 60.3812
25 58.3421 60.3191
25 58.2581 60.3538
25 57.9926 60.4127
25 57.9019 60.4167
26.0417 58.2581 60.3538
25 58.0827 60.4008
25 64.924 54.1706
25 65.0148 54.1667
25 100 54.1667
25 64.8339 54.1825
25 64.7452 54.2022
26.0417 97.1354 52.0833
26.0417 64.8339 54.1825
25 64.494 54.3062
25 64.6585 54.2295
25 64.5746 54.2643
26.0417 64.494 54.3062
25 64.4173 54.355
26.0417 64.6585 54.2295
26.0417 64.5746 54.2643
26.0417 64.3452 54.4104
26.0417 64.7452 54.2022
26.0417 64.4173 54.355
26.0417 58.5714 60.173
26.0417 64.2782 54.4718
26.0417 58.6384 60.1116
26.0417 58.3421 60.3191
26.0417 58.4993 60.2283
26.0417 58.4227 60.2771
26.0417 57.9926 60.4127
26.0417 57.9019 60.4167
26.0417 58.1715 60.3812
26.0417 58.0827 60.4008
26.0496 72.317 52.0833
26.0496 77.4226 52.0833
26.0417 77.6042 52.0833
26.0733 72.4972 52.0833
26.1127 72.6746 52.0833
26.1127 77.065 52.0833
26.0733 77.2424 52.0833
26.0417 65.0148 54.1667
26.0417 100 52.0833
26.0417 100 54.1667
26.0496 97.317 52.0833
26.0417 64.924 54.1706
26.0733 97.4972 52.0833
26.1127 97.6746 52.0833
26.6519 51.131 42.9167
26.5291 51.265 42.9167
26.4184 51.4092 42.9167
27.0833 50.7999 42.9167
26.9301 50.8976 42.9167
26.7859 51.0082 42.9167
26.3208 51.5625 42.9167
26.2369 51.7237 42.9167
26.1673 51.8916 42.9167
30.2163 52.4226 42.9167
30.2083 52.6042 42.9167
26.4184 73.3304 42.9167
26.5291 73.4746 42.9167
26.6519 73.6086 42.9167
26.7859 73.7313 42.9167
27.5858 74.1478 42.9167
28.125 74.2188 42.9167
28.125 75.5208 42.9167
27.9434 75.5288 42.9167
27.0833 75.7999 42.9167
26.9301 75.8976 42.9167
26.7859 76.0082 42.9167
27.7632 75.5525 42.9167
27.5858 75.5918 42.9167
27.4125 75.6465 42.9167
27.2445 75.716 42.9167
30.9525 51.0082 42.9167
30.8185 51.131 42.9167
30.6957 51.265 42.9167
31.7525 50.5918 42.9167
31.25 50.7999 42.9167
31.0967 50.8976 42.9167
30.334 51.8916 42.9167
30.2793 52.065 42.9167
30.24 52.2424 42.9167
30.5851 51.4092 42.9167
30.4874 51.5625 42.9167
30.4035 51.7237 42.9167
30.5851 73.3304 42.9167
30.6957 73.4746 42.9167
30.8185 73.6086 42.9167
30.9525 73.7313 42.9167
32.1101 74.2108 42.9167
32.2917 74.2188 42.9167
32.2917 75.5208 42.9167
32.1101 75.5288 42.9167
31.25 75.7999 42.9167
31.0967 75.8976 42.9167
30.9525 76.0082 42.9167
31.9299 75.5525 42.9167
31.7525 75.5918 42.9167
31.5791 75.6465 42.9167
31.4112 75.716 42.9167
26.6519 51.131 52.0833
26.5291 51.265 52.0833
26.4184 51.4092 52.0833
27.0833 50.7999 52.0833
26.9301 50.8976 52.0833
26.7859 51.0082 52.0833
26.2369 51.7237 52.0833
26.1673 51.8916 52.0833
26.1673 72.848 52.0833
26.3208 51.5625 52.0833
26.2369 73.0159 52.0833
26.3208 73.1771 52.0833
26.4184 73.3304 52.0833
26.5291 73.4746 52.0833
26.6519 76.131 42.9167
26.6519 73.6086 52.0833
26.7859 73.7313 52.0833
26.9301 73.842 42.9167
27.0833 73.9396 42.9167
26.9301 73.842 52.0833
26.7859 76.0082 52.0833
26.6519 76.131 52.0833
27.0833 73.9396 52.0833
27.2445 74.0236 52.0833
27.0833 75.7999 52.0833
26.9301 75.8976 52.0833
31.0967 73.842 42.9167
27.2445 74.0236 42.9167
27.4125 74.0931 42.9167
31.25 73.9396 42.9167
31.4112 74.0236 42.9167
31.5791 74.0931 42.9167
27.4125 50.6465 52.0833
27.2445 50.716 52.0833
27.4125 74.0931 52.0833
28.125 50.5208 52.0833
27.9434 50.5288 52.0833
27.7632 50.5525 52.0833
27.5858 50.5918 52.0833
27.5858 74.1478 52.0833
27.7632 74.1871 42.9167
27.7632 74.1871 52.0833
31.7525 74.1478 42.9167
31.9299 74.1871 42.9167
27.9434 74.2108 42.9167
27.9434 74.2108 52.0833
27.5858 75.5918 52.0833
27.4125 75.6465 52.0833
27.2445 75.716 52.0833
28.125 74.2188 52.0833
28.125 75.5208 52.0833
27.9434 75.5288 52.0833
27.7632 75.5525 52.0833
26.3208 76.5625 42.9167
26.2369 76.7237 42.9167
26.1673 76.8916 42.9167
26.5291 76.265 42.9167
26.4184 76.4092 42.9167
28.1704 95.1843 42.9167
27.9469 95.2137 42.9167
27.9049 95.2311 42.9167
27.8646 95.2521 42.9167
28.0796 95.1843 42.9167
28.0346 95.1902 42.9167
28.2154 95.1902 42.9167
27.9902 95.2 42.9167
27.726 95.3683 42.9167
27.6984 95.4044 42.9167
27.6739 95.4427 42.9167
27.8263 95.2765 42.9167
27.7902 95.3041 42.9167
27.7567 95.3348 42.9167
27.6061 95.6577 42.9167
27.6042 95.7031 42.9167
27.6061 95.7485 42.9167
27.653 95.483 42.9167
27.6356 95.525 42.9167
27.6219 95.5683 42.9167
27.6121 95.6127 42.9167
30.4874 76.5625 42.9167
30.4035 76.7237 42.9167
30.334 76.8916 42.9167
30.8185 76.131 42.9167
30.6957 76.265 42.9167
30.5851 76.4092 42.9167
28.2598 95.2 42.9167
28.3031 95.2137 42.9167
28.3854 95.2521 42.9167
30.2793 77.065 42.9167
30.24 77.2424 42.9167
30.2163 77.4226 42.9167
30.2083 77.6042 42.9167
28.4237 95.2765 42.9167
28.4598 95.3041 42.9167
28.4933 95.3348 42.9167
28.524 95.3683 42.9167
28.5516 95.4044 42.9167
28.5761 95.4427 42.9167
28.597 95.483 42.9167
28.6144 95.525 42.9167
28.6281 95.5683 42.9167
28.6379 95.6127 42.9167
28.6439 95.6577 42.9167
28.6458 95.7031 42.9167
28.6439 95.7485 42.9167
28.6379 95.7936 42.9167
27.6121 95.7936 42.9167
27.6219 95.8379 42.9167
27.6356 95.8813 42.9167
27.653 95.9232 42.9167
27.6739 95.9635 42.9167
27.6984 96.0019 42.9167
26.3208 76.5625 52.0833
26.2369 76.7237 52.0833
26.1673 76.8916 52.0833
26.5291 76.265 52.0833
26.4184 76.4092 52.0833
27.726 96.0379 42.9167
27.7567 96.0714 42.9167
26.1673 97.848 52.0833
26.2369 98.0159 52.0833
26.3208 98.1771 52.0833
26.4184 98.3304 52.0833
26.5291 98.4746 52.0833
26.6519 98.6086 42.9167
26.6519 98.6086 52.0833
26.7859 98.7313 52.0833
26.9301 98.842 52.0833
27.0833 98.9396 52.0833
27.2445 99.0236 52.0833
27.4125 99.0931 52.0833
27.5858 99.1478 52.0833
27.7632 99.1871 52.0833
28.5761 95.9635 42.9167
28.5516 96.0019 42.9167
28.524 96.0379 42.9167
28.6281 95.8379 42.9167
28.6144 95.8813 42.9167
28.597 95.9232 42.9167
27.7902 96.1021 42.9167
27.8263 96.1298 42.9167
27.8646 96.1542 42.9167
28.4933 96.0714 42.9167
28.4237 96.1298 42.9167
28.3854 96.1542 42.9167
27.9049 96.1752 42.9167
27.9469 96.1926 42.9167
27.9902 96.2062 42.9167
28.0346 96.216 42.9167
28.3451 96.1752 42.9167
28.3031 96.1926 42.9167
28.2598 96.2062 42.9167
28.2154 96.216 42.9167
28.0796 96.222 42.9167
28.125 96.224 42.9167
27.9434 99.2108 52.0833
28.1704 96.222 42.9167
30.2083 97.1354 42.9167
30.8185 98.6086 42.9167
28.125 99.2188 52.0833
41.3601 9.21707 39.5833
41.0717 9.43836 39.5833
40.8037 9.68393 39.5833
42.3249 8.71482 39.5833
41.9891 8.85393 39.5833
41.6667 9.02177 39.5833
39.8346 11.2051 39.5833
39.7253 11.5518 39.5833
39.6466 11.9067 39.5833
40.5581 9.95193 39.5833
40.3369 10.2403 39.5833
40.1416 10.5469 39.5833
39.9737 10.8693 39.5833
39.5992 12.2671 39.5833
39.5833 12.6302 39.5833
39.5992 12.9934 39.5833
39.6466 13.3537 39.5833
39.7253 13.7086 39.5833
39.8346 14.0553 39.5833
39.9737 14.3911 39.5833
40.1416 14.7135 39.5833
40.3369 15.0201 39.5833
40.5581 15.3085 39.5833
40.8037 15.5765 39.5833
41.0717 15.8221 39.5833
41.3601 16.0433 39.5833
43.75 8.46354 39.5833
43.3869 8.4794 39.5833
43.0265 8.52684 39.5833
44.1131 8.4794 39.5833
44.4735 8.52684 39.5833
44.8284 8.60552 39.5833
42.6716 8.60552 39.5833
45.1751 8.71482 39.5833
45.5109 8.85393 39.5833
45.8333 9.02177 39.5833
46.1399 9.21707 39.5833
46.4283 9.43836 39.5833
46.6963 9.68393 39.5833
46.9419 9.95193 39.5833
47.1631 10.2403 39.5833
47.3584 10.5469 39.5833
47.5263 10.8693 39.5833
47.6654 11.2051 39.5833
47.7747 11.5518 39.5833
47.6654 14.0553 39.5833
46.6963 15.5765 39.5833
46.4283 15.8221 39.5833
46.1399 16.0433 39.5833
47.5263 14.3911 39.5833
47.3584 14.7135 39.5833
47.1631 15.0201 39.5833
46.9419 15.3085 39.5833
41.6667 9.02177 41.6667
41.3601 9.21707 41.6667
41.0717 9.43836 41.6667
42.6716 8.60552 41.6667
42.3249 8.71482 41.6667
41.9891 8.85393 41.6667
39.9737 10.8693 41.6667
39.8346 11.2051 41.6667
39.7253 11.5518 41.6667
40.8037 9.68393 41.6667
40.5581 9.95193 41.6667
40.3369 10.2403 41.6667
40.1416 10.5469 41.6667
39.5992 12.2671 41.6667
39.5833 12.6302 41.6667
39.5992 12.9934 41.6667
39.6466 11.9067 41.6667
39.6466 13.3537 41.6667
39.7253 13.7086 41.6667
39.8346 14.0553 41.6667
39.9737 14.3911 41.6667
40.1416 14.7135 41.6667
40.3369 15.0201 41.6667
40.5581 15.3085 41.6667
40.8037 15.5765 41.6667
41.0717 15.8221 41.6667
43.75 8.46354 41.6667
43.3869 8.4794 41.6667
43.0265 8.52684 41.6667
44.1131 8.4794 41.6667
44.4735 8.52684 41.6667
44.8284 8.60552 41.6667
45.1751 8.71482 41.6667
45.5109 8.85393 41.6667
45.8333 9.02177 41.6667
46.1399 9.21707 41.6667
46.4283 9.43836 41.6667
46.6963 9.68393 41.6667
46.9419 9.95193 41.6667
47.1631 10.2403 41.6667
47.3584 10.5469 41.6667
47.5263 10.8693 41.6667
47.6654 11.2051 41.6667
47.7747 11.5518 41.6667
47.7747 13.7086 41.6667
47.6654 14.0553 41.6667
46.6963 15.5765 41.6667
46.4283 15.8221 41.6667
46.1399 16.0433 41.6667
47.5263 14.3911 41.6667
47.3584 14.7135 41.6667
47.1631 15.0201 41.6667
46.9419 15.3085 41.6667
39.5833 33.4635 39.5833
39.2202 33.4794 39.5833
39.9465 33.4794 39.5833
41.6667 16.2386 39.5833
41.9891 16.4065 39.5833
42.3249 16.5456 39.5833
38.8598 33.5268 39.5833
40.3069 33.5268 39.5833
40.6617 33.6055 39.5833
41.0084 33.7148 39.5833
41.3442 33.8539 39.5833
41.6667 34.0218 39.5833
41.9732 34.2171 39.5833
42.2616 34.4384 39.5833
41.9732 41.0433 39.5833
41.6667 41.2386 39.5833
42.5296 34.6839 39.5833
42.5296 40.5765 39.5833
42.2616 40.8221 39.5833
39.2202 41.781 39.5833
39.9465 41.781 39.5833
39.5833 41.7969 39.5833
41.3442 41.4065 39.5833
41.0084 41.5456 39.5833
40.6617 41.6549 39.5833
40.3069 41.7336 39.5833
42.6716 16.6549 39.5833
44.8284 16.6549 39.5833
43.0265 16.7336 39.5833
45.8333 16.2386 39.5833
45.5109 16.4065 39.5833
45.1751 16.5456 39.5833
42.7752 34.9519 39.5833
42.9965 35.2403 39.5833
43.1918 35.5469 39.5833
44.4735 16.7336 39.5833
43.3869 16.781 39.5833
44.1131 16.781 39.5833
43.75 16.7969 39.5833
43.3596 35.8693 39.5833
43.4987 36.2051 39.5833
43.608 36.5518 39.5833
43.6867 36.9067 39.5833
43.7341 37.2671 39.5833
43.75 37.6302 39.5833
43.7341 37.9934 39.5833
43.1918 39.7135 39.5833
42.9965 40.0201 39.5833
42.7752 40.3085 39.5833
43.6867 38.3537 39.5833
43.608 38.7086 39.5833
43.4987 39.0553 39.5833
43.3596 39.3911 39.5833
41.3601 16.0433 41.6667
39.5833 33.4635 41.6667
39.2202 33.4794 41.6667
41.6667 16.2386 41.6667
41.9891 16.4065 41.6667
42.3249 16.5456 41.6667
39.9465 33.4794 41.6667
40.3069 33.5268 41.6667
40.6617 33.6055 41.6667
41.0084 33.7148 41.6667
41.3442 33.8539 41.6667
41.6667 34.0218 41.6667
41.9732 34.2171 41.6667
42.2616 34.4384 41.6667
41.9732 41.0433 41.6667
41.6667 41.2386 41.6667
42.5296 34.6839 41.6667
42.5296 40.5765 41.6667
42.2616 40.8221 41.6667
39.2202 41.781 41.6667
39.9465 41.781 41.6667
39.5833 41.7969 41.6667
41.3442 41.4065 41.6667
41.0084 41.5456 41.6667
40.6617 41.6549 41.6667
40.3069 41.7336 41.6667
42.6716 16.6549 41.6667
44.8284 16.6549 41.6667
43.0265 16.7336 41.6667
45.8333 16.2386 41.6667
45.5109 16.4065 41.6667
45.1751 16.5456 41.6667
42.7752 34.9519 41.6667
42.9965 35.2403 41.6667
43.1918 35.5469 41.6667
44.4735 16.7336 41.6667
43.3869 16.781 41.6667
44.1131 16.781 41.6667
43.75 16.7969 41.6667
43.3596 35.8693 41.6667
43.4987 36.2051 41.6667
43.608 36.5518 41.6667
43.6867 36.9067 41.6667
43.7341 37.2671 41.6667
43.75 37.6302 41.6667
43.7341 37.9934 41.6667
43.1918 39.7135 41.6667
42.9965 40.0201 41.6667
42.7752 40.3085 41.6667
43.6867 38.3537 41.6667
43.608 38.7086 41.6667
43.4987 39.0553 41.6667
43.3596 39.3911 41.6667
47.8534 11.9067 39.5833
47.9008 12.2671 39.5833
47.8534 13.3537 39.5833
64.5644 0 39.5833
47.9167 12.6302 39.5833
47.9008 12.9934 39.5833
47.7747 13.7086 39.5833
63.9874 19.9537 41.6667
63.7429 20.2068 41.6667
64.8475 18.4332 41.6667
64.7283 18.7643 41.6667
64.4082 19.3904 41.6667
64.2097 19.6809 41.6667
63.4779 20.4383 41.6667
67.2817 37.3315 39.5833
63.1943 20.6466 41.6667
67.3735 37.2312 39.5833
67.3401 37.2619 39.5833
67.3093 37.2954 39.5833
61.5721 21.2948 41.6667
61.223 21.3393 41.6667
60.8715 21.3542 41.6667
62.8942 20.8303 41.6667
62.5796 20.988 41.6667
62.2528 21.1185 41.6667
61.9162 21.2211 41.6667
67.7083 37.1094 39.5833
67.6629 37.1114 39.5833
67.7537 37.1114 39.5833
68.2871 9.58764 39.5833
71.209 19.4489 39.5833
73.3104 29.517 39.5833
67.4752 30.2843 41.6667
67.6179 37.1173 39.5833
67.5735 37.1271 39.5833
67.6976 30.5531 41.6667
67.8968 30.8395 41.6667
67.7988 37.1173 39.5833
68.0713 31.1416 41.6667
67.5302 37.1408 39.5833
67.4882 37.1582 39.5833
67.4479 37.1792 39.5833
67.8431 37.1271 39.5833
67.8865 37.1408 39.5833
67.9284 37.1582 39.5833
67.9688 37.1792 39.5833
67.4096 37.2036 39.5833
68.0071 37.2036 39.5833
68.0431 37.2312 39.5833
68.0766 37.2619 39.5833
68.1073 37.2954 39.5833
68.135 37.3315 39.5833
68.1594 37.3698 41.6667
59.4867 4.28291 41.6667
59.8048 4.44499 41.6667
60.1078 4.6337 41.6667
60.3935 4.84764 41.6667
60.6599 5.08526 41.6667
60.9049 5.3448 41.6667
61.1269 5.62437 41.6667
47.8534 11.9067 41.6667
47.9008 12.2671 41.6667
61.3241 5.9219 41.6667
61.4951 6.23522 41.6667
61.6386 6.56203 41.6667
62.802 9.67941 41.6667
47.9167 12.6302 41.6667
47.9008 12.9934 41.6667
47.8534 13.3537 41.6667
63.8783 12.8279 41.6667
64.8668 16.0051 41.6667
64.9524 16.3464 41.6667
65.0004 17.7469 41.6667
64.9385 18.0933 41.6667
64.5815 19.0841 41.6667
65.0088 16.6937 41.6667
65.0357 17.0446 41.6667
65.0329 17.3965 41.6667
67.2817 37.3315 41.6667
68.2199 31.4573 41.6667
68.3416 31.7842 41.6667
67.7083 37.1094 41.6667
68.4356 32.1202 41.6667
68.501 32.4629 41.6667
68.9232 35.6013 41.6667
67.6179 37.1173 41.6667
67.5735 37.1271 41.6667
67.5302 37.1408 41.6667
67.6629 37.1114 41.6667
67.7537 37.1114 41.6667
67.7988 37.1173 41.6667
67.8431 37.1271 41.6667
67.4882 37.1582 41.6667
67.4479 37.1792 41.6667
67.4096 37.2036 41.6667
67.8865 37.1408 41.6667
67.9284 37.1582 41.6667
67.9688 37.1792 41.6667
68.0071 37.2036 41.6667
67.3735 37.2312 41.6667
67.3401 37.2619 41.6667
67.3093 37.2954 41.6667
68.0431 37.2312 41.6667
68.0766 37.2619 41.6667
68.1073 37.2954 41.6667
68.135 37.3315 41.6667
67.2052 37.4954 39.5833
67.1954 37.5398 39.5833
67.1895 37.5848 39.5833
67.2573 37.3698 39.5833
67.2363 37.4101 39.5833
67.2189 37.4521 39.5833
67.1875 37.6302 39.5833
67.1895 37.6756 39.5833
67.1954 37.7206 39.5833
67.2052 37.765 39.5833
67.1954 37.7206 41.6667
67.2189 37.8083 39.5833
67.2363 37.8503 39.5833
67.2573 37.8906 39.5833
67.2817 37.9289 39.5833
67.3093 37.965 39.5833
67.3401 37.9985 39.5833
67.3735 38.0292 39.5833
67.4096 38.0568 39.5833
67.3735 38.0292 41.6667
67.4479 38.0813 39.5833
67.4882 38.1022 39.5833
67.5302 38.1196 39.5833
67.5735 38.1333 39.5833
67.6179 38.1431 39.5833
67.6629 38.1491 39.5833
68.1594 37.3698 39.5833
68.1804 37.4101 39.5833
68.1978 37.4521 39.5833
68.2114 37.4954 39.5833
68.2213 37.5398 39.5833
68.2272 37.5848 39.5833
68.1978 37.8083 39.5833
68.1804 37.8503 39.5833
68.1594 37.8906 39.5833
68.2292 37.6302 39.5833
68.2272 37.6756 39.5833
68.2213 37.7206 39.5833
68.2114 37.765 39.5833
68.0071 38.0568 39.5833
67.9688 38.0813 39.5833
67.9284 38.1022 39.5833
68.135 37.9289 39.5833
68.1073 37.965 39.5833
68.0766 37.9985 39.5833
68.0431 38.0292 39.5833
67.7988 38.1431 39.5833
67.7537 38.1491 39.5833
67.7083 38.151 39.5833
67.8865 38.1196 39.5833
67.8431 38.1333 39.5833
74.5769 39.7237 39.5833
75 50 39.5833
67.2052 37.4954 41.6667
67.1954 37.5398 41.6667
67.1895 37.5848 41.6667
67.2573 37.3698 41.6667
67.2363 37.4101 41.6667
67.2189 37.4521 41.6667
67.1875 37.6302 41.6667
67.1895 37.6756 41.6667
67.2817 37.9289 41.6667
67.3093 37.965 41.6667
67.3401 37.9985 41.6667
67.4096 38.0568 41.6667
67.4479 38.0813 41.6667
67.4882 38.1022 41.6667
67.5302 38.1196 41.6667
67.5735 38.1333 41.6667
67.6179 38.1431 41.6667
67.6629 38.1491 41.6667
67.7083 38.151 41.6667
67.7259 45.6178 41.6667
66.0758 46.2924 41.6667
65.7196 46.3387 41.6667
65.3608 46.3542 41.6667
67.4217 45.8088 41.6667
67.1021 45.9728 41.6667
66.7696 46.1087 41.6667
66.4267 46.2155 41.6667
68.1804 37.4101 41.6667
68.1978 37.4521 41.6667
68.2114 37.4954 41.6667
68.2213 37.5398 41.6667
68.2272 37.5848 41.6667
68.2292 37.6302 41.6667
67.9688 38.0813 41.6667
67.9284 38.1022 41.6667
67.8865 38.1196 41.6667
68.135 37.9289 41.6667
68.1073 37.965 41.6667
68.0766 37.9985 41.6667
68.0071 38.0568 41.6667
67.8431 38.1333 41.6667
67.7988 38.1431 41.6667
67.7537 38.1491 41.6667
69.2622 38.7497 41.6667
69.5179 41.906 41.6667
69.5267 42.2651 41.6667
69.5045 42.6236 41.6667
68.9431 44.3154 41.6667
68.2795 45.1611 41.6667
68.0126 45.4014 41.6667
69.4516 42.9788 41.6667
69.3682 43.3282 41.6667
69.2551 43.6691 41.6667
69.113 43.999 41.6667
57.8587 0.78125 42.0833
58.031 0.788382 42.0833
58.202 0.809731 42.0833
58.3707 0.845149 42.0833
58.5359 0.894395 42.0833
58.6965 0.957131 42.0833
58.8514 1.03293 42.0833
58.9994 1.12127 42.0833
59.1396 1.22154 42.0833
59.2711 1.33307 42.0833
59.3929 1.45508 42.0833
59.5041 1.58674 42.0833
59.6042 1.72715 42.0833
57.7556 3.90625 41.6667
58.1122 3.92154 41.6667
58.4662 3.9673 41.6667
59.7677 2.03033 42.0833
58.815 4.04319 41.6667
59.156 4.14865 41.6667
57.7556 3.90625 42.0833
58.1122 3.92154 42.0833
58.4662 3.9673 42.0833
58.815 4.04319 42.0833
59.156 4.14865 42.0833
59.4867 4.28291 42.0833
59.8048 4.44499 42.0833
60.412 3.53234 42.0833
60.1078 4.6337 42.0833
60.3935 4.84764 42.0833
61.0356 5.043 42.0833
60.6599 5.08526 42.0833
60.9049 5.3448 42.0833
61.1269 5.62437 42.0833
61.3241 5.9219 42.0833
61.4951 6.23522 42.0833
61.6386 6.56203 42.0833
64.8668 16.0051 42.0833
64.9524 16.3464 42.0833
65.0088 16.6937 42.0833
64.9385 18.0933 42.0833
64.8475 18.4332 42.0833
64.7283 18.7643 42.0833
65.0357 17.0446 42.0833
65.0329 17.3965 42.0833
65.0004 17.7469 42.0833
65.4283 17.9634 42.0833
63.7429 20.2068 42.0833
63.4779 20.4383 42.0833
63.1943 20.6466 42.0833
64.5815 19.0841 42.0833
64.4082 19.3904 42.0833
64.2097 19.6809 42.0833
65.9564 19.931 42.0833
57.8587 0.78125 42.9167
58.031 0.788382 42.9167
58.202 0.809731 42.9167
62.3911 0.78125 42.9167
62.5656 0.788567 42.9167
62.7388 0.810466 42.9167
62.3911 0.78125 52.0833
58.3707 0.845149 42.9167
58.5359 0.894395 42.9167
62.5656 0.788567 52.0833
62.7388 0.810466 52.0833
62.9096 0.846794 42.9167
62.9096 0.846794 52.0833
58.6965 0.957131 42.9167
58.8514 1.03293 42.9167
58.9994 1.12127 42.9167
59.1396 1.22154 42.9167
59.6922 1.87535 42.0833
62.8942 20.8303 42.0833
59.2711 1.33307 42.9167
59.3929 1.45508 42.9167
59.5041 1.58674 42.9167
59.6042 1.72715 42.9167
59.6922 1.87535 42.9167
59.7677 2.03033 42.9167
62.3816 8.52196 42.9167
63.0767 0.897295 42.9167
63.2391 0.961614 42.9167
63.3954 1.0393 42.9167
63.5448 1.12981 42.9167
63.686 1.2325 42.9167
63.8181 1.34666 42.9167
63.0767 0.897295 52.0833
63.2391 0.961614 52.0833
63.3954 1.0393 52.0833
64.5644 0 52.0833
63.5448 1.12981 52.0833
63.686 1.2325 52.0833
63.8181 1.34666 52.0833
63.9402 1.47148 42.9167
63.9874 19.9537 42.0833
64.0514 1.60608 42.9167
64.1509 1.74953 42.9167
64.2381 1.9008 42.9167
64.3124 2.05885 42.9167
66.8251 8.55663 42.9167
63.9402 1.47148 52.0833
64.0514 1.60608 52.0833
64.1509 1.74953 52.0833
64.2381 1.9008 52.0833
64.3124 2.05885 52.0833
64.6119 15.1552 42.9167
66.8251 8.55663 52.0833
61.5721 21.2948 42.0833
61.223 21.3393 42.0833
60.8715 21.3542 42.0833
62.2528 21.1185 42.0833
61.9162 21.2211 42.0833
66.0056 23.7539 42.0833
65.295 24.2892 42.0833
65.129 24.3569 42.0833
64.9578 24.4101 42.0833
65.883 23.8847 42.0833
65.7496 24.0045 42.0833
65.6064 24.1123 42.0833
65.4545 24.2075 42.0833
64.7827 24.4484 42.0833
64.3793 28.9062 41.6667
64.7278 28.9209 41.6667
65.074 28.9646 41.6667
65.4152 29.0371 41.6667
65.7492 29.1379 41.6667
64.6049 24.4715 42.0833
64.4258 24.4792 42.0833
65.3608 46.3542 42.0833
65.6083 25.7812 42.0833
65.788 25.789 42.0833
66.0736 29.2663 42.0833
65.7196 46.3387 42.0833
66.451 21.9073 42.0833
66.0736 29.2663 41.6667
66.3862 29.4214 41.6667
66.4855 22.0832 42.0833
66.6846 29.6021 41.6667
66.4702 22.7967 42.0833
66.3 23.3055 42.0833
66.2149 23.4633 42.0833
66.1165 23.6131 42.0833
66.4282 22.971 42.0833
66.3713 23.141 42.0833
67.1919 26.5109 42.0833
66.3862 29.4214 42.0833
66.6846 29.6021 42.0833
66.9669 29.8071 41.6667
67.2052 37.765 41.6667
67.231 30.0351 41.6667
67.2189 37.8083 41.6667
67.2363 37.8503 41.6667
67.2573 37.8906 41.6667
66.7696 46.1087 42.0833
66.4267 46.2155 42.0833
66.0758 46.2924 42.0833
66.9669 29.8071 42.0833
67.231 30.0351 42.0833
67.4217 45.8088 42.0833
67.1021 45.9728 42.0833
62.5796 20.988 42.0833
66.0056 23.7539 42.9167
65.883 23.8847 42.9167
66.3 23.3055 42.9167
66.2149 23.4633 42.9167
66.1165 23.6131 42.9167
65.129 24.3569 42.9167
64.9578 24.4101 42.9167
64.7827 24.4484 42.9167
65.7496 24.0045 42.9167
65.6064 24.1123 42.9167
65.4545 24.2075 42.9167
65.295 24.2892 42.9167
64.3793 28.9062 42.0833
64.7278 28.9209 42.0833
65.074 28.9646 42.0833
65.9663 25.8122 42.0833
66.142 25.8508 42.0833
66.3137 25.9043 42.0833
65.4152 29.0371 42.0833
64.6049 24.4715 42.9167
64.4258 24.4792 42.9167
65.6083 25.7812 42.9167
65.788 25.789 42.9167
65.9663 25.8122 42.9167
65.7492 29.1379 42.0833
66.142 25.8508 42.9167
66.451 21.9073 42.9167
66.4971 22.6195 42.0833
66.4855 22.0832 42.9167
66.5048 22.2614 42.0833
66.5086 22.4406 42.0833
66.5048 22.2614 42.9167
66.4282 22.971 42.9167
66.3713 23.141 42.9167
66.3137 25.9043 42.9167
66.5086 22.4406 42.9167
66.4971 22.6195 42.9167
66.4702 22.7967 42.9167
66.4801 25.9724 42.9167
66.4801 25.9724 42.0833
66.64 26.0547 42.0833
66.7923 26.1504 42.0833
66.9357 26.2589 42.0833
67.0692 26.3794 42.0833
67.3027 26.6525 42.0833
67.4009 26.8032 42.0833
66.64 26.0547 42.9167
66.7923 26.1504 42.9167
66.9357 26.2589 42.9167
67.0692 26.3794 42.9167
67.1919 26.5109 42.9167
67.3027 26.6525 42.9167
67.4009 26.8032 42.9167
67.4858 26.9617 42.0833
67.5567 27.127 42.0833
67.613 27.2978 42.0833
68.9689 15.1853 42.9167
67.6544 27.4728 42.0833
69.2374 24.4107 42.9167
67.4858 26.9617 42.9167
67.5567 27.127 42.9167
67.613 27.2978 42.9167
69.063 24.4487 42.9167
68.886 24.4715 42.9167
68.7077 24.4792 42.9167
67.6544 27.4728 42.9167
67.9601 29.1322 42.0833
67.4752 30.2843 42.0833
67.6976 30.5531 42.0833
68.2423 30.7956 42.0833
68.2272 37.6756 41.6667
68.2213 37.7206 41.6667
67.8968 30.8395 42.0833
68.0713 31.1416 42.0833
68.2199 31.4573 42.0833
68.3416 31.7842 42.0833
68.4356 32.1202 42.0833
68.501 32.4629 42.0833
68.7259 34.0559 42.9167
70.7369 21.924 42.9167
70.7699 22.0993 42.9167
70.7496 22.8096 42.9167
70.7877 22.2769 42.9167
70.7902 22.4553 42.9167
70.7775 22.6333 42.9167
70.2822 23.7601 42.9167
70.1597 23.8899 42.9167
70.0265 24.0086 42.9167
70.6491 23.1517 42.9167
70.5773 23.315 42.9167
70.4918 23.4717 42.9167
70.3932 23.6204 42.9167
69.7322 24.2099 42.9167
69.5732 24.2909 42.9167
69.4078 24.358 42.9167
69.8837 24.1156 42.9167
69.848 25.7812 42.9167
70.0285 25.7891 42.9167
70.2077 25.8125 42.9167
71.1806 26.2632 42.9167
71.6458 26.812 42.9167
71.7303 26.9717 42.9167
71.8006 27.1382 42.9167
71.8562 27.3101 42.9167
71.8967 27.4862 42.9167
72.9303 34.0683 42.9167
68.2871 9.58764 52.0833
68.9689 15.1853 52.0833
70.5773 23.315 52.0833
70.7067 22.9828 42.9167
70.7067 22.9828 52.0833
70.6491 23.1517 52.0833
70.0265 24.0086 52.0833
69.8837 24.1156 52.0833
69.7322 24.2099 52.0833
70.4918 23.4717 52.0833
70.3932 23.6204 52.0833
70.2822 23.7601 52.0833
70.1597 23.8899 52.0833
69.4078 24.358 52.0833
69.2374 24.4107 52.0833
69.063 24.4487 52.0833
69.5732 24.2909 52.0833
70.3841 25.8514 42.9167
70.5566 25.9055 42.9167
68.886 24.4715 52.0833
68.7077 24.4792 52.0833
69.848 25.7812 52.0833
70.0285 25.7891 52.0833
70.2077 25.8125 52.0833
70.3841 25.8514 52.0833
70.5566 25.9055 52.0833
70.7369 21.924 52.0833
70.7237 25.9742 42.9167
70.7699 22.0993 52.0833
71.209 19.4489 52.0833
70.8842 26.0572 42.9167
71.0369 26.1538 42.9167
70.7775 22.6333 52.0833
70.7496 22.8096 52.0833
70.7237 25.9742 52.0833
70.7877 22.2769 52.0833
70.7902 22.4553 52.0833
70.8842 26.0572 52.0833
71.0369 26.1538 52.0833
71.1806 26.2632 52.0833
71.3144 26.3847 42.9167
71.3144 26.3847 52.0833
71.4371 26.5174 42.9167
71.4371 26.5174 52.0833
71.5479 26.6601 42.9167
71.5479 26.6601 52.0833
71.6458 26.812 52.0833
71.7303 26.9717 52.0833
71.8006 27.1382 52.0833
71.8562 27.3101 52.0833
71.8967 27.4862 52.0833
73.3104 29.517 52.0833
72.9303 34.0683 52.0833
68.1804 37.8503 41.6667
68.1594 37.8906 41.6667
68.0431 38.0292 41.6667
68.2114 37.765 41.6667
68.1978 37.8083 41.6667
68.7465 44.6161 41.6667
68.5247 44.8986 41.6667
68.2795 45.1611 42.0833
68.0126 45.4014 42.0833
69.113 43.999 42.0833
68.9431 44.3154 42.0833
68.7465 44.6161 42.0833
68.5247 44.8986 42.0833
67.7259 45.6178 42.0833
68.8332 49.1306 42.0833
68.6839 49.2211 42.0833
69.2286 48.7889 42.0833
69.1065 48.9137 42.0833
68.9744 49.0279 42.0833
67.854 49.4718 42.0833
67.6795 49.4792 42.0833
67.6795 49.4792 42.9167
68.5275 49.2988 42.0833
68.3651 49.3631 42.0833
68.198 49.4136 42.0833
68.0272 49.4499 42.0833
69.4516 42.9788 42.0833
69.3682 43.3282 42.0833
69.2551 43.6691 42.0833
69.5179 41.906 42.0833
69.5267 42.2651 42.0833
69.5045 42.6236 42.0833
69.4292 40.6884 42.9167
69.6269 43.7193 42.0833
69.7084 45.534 42.0833
69.7623 47.3497 42.0833
73.93 47.3513 42.9167
69.7589 47.5243 42.0833
69.7408 47.698 42.0833
69.5266 48.3595 42.0833
69.4394 48.5108 42.0833
69.3398 48.6543 42.0833
69.7083 47.8695 42.0833
73.8756 47.8708 42.9167
69.6615 48.0378 42.0833
69.6008 48.2015 42.0833
69.6008 48.2015 42.9167
69.5266 48.3595 42.9167
71.8472 49.4792 42.9167
73.8288 48.039 42.9167
73.768 48.2026 42.9167
73.6937 48.3605 42.9167
72.0216 49.4719 42.9167
69.7083 47.8695 42.9167
69.6615 48.0378 42.9167
69.4394 48.5108 42.9167
69.7623 47.3497 42.9167
69.7589 47.5243 42.9167
69.7408 47.698 42.9167
68.8332 49.1306 42.9167
68.6839 49.2211 42.9167
68.5275 49.2988 42.9167
69.3398 48.6543 42.9167
69.2286 48.7889 42.9167
69.1065 48.9137 42.9167
68.9744 49.0279 42.9167
68.3651 49.3631 42.9167
68.198 49.4136 42.9167
68.0272 49.4499 42.9167
72.6948 49.299 42.9167
72.5325 49.3632 42.9167
72.3654 49.4137 42.9167
72.1947 49.45 42.9167
67.854 49.4718 42.9167
72.0216 49.4719 52.0833
71.8472 49.4792 52.0833
72.6948 49.299 52.0833
72.5325 49.3632 52.0833
72.3654 49.4137 52.0833
72.1947 49.45 52.0833
73.6087 40.6964 42.9167
73.6065 48.5117 42.9167
73.6087 40.6964 52.0833
74.5769 39.7237 52.0833
73.9265 47.5258 42.9167
73.9083 47.6994 42.9167
73.8288 48.039 52.0833
73.768 48.2026 52.0833
73.6937 48.3605 52.0833
73.93 47.3513 52.0833
73.9265 47.5258 52.0833
73.9083 47.6994 52.0833
73.8756 47.8708 52.0833
73.1415 49.0283 42.9167
73.0003 49.1309 42.9167
72.8511 49.2213 42.9167
73.5069 48.655 42.9167
73.6065 48.5117 52.0833
73.3957 48.7895 42.9167
73.2736 48.9142 42.9167
73.1415 49.0283 52.0833
73.0003 49.1309 52.0833
72.8511 49.2213 52.0833
73.5069 48.655 52.0833
73.3957 48.7895 52.0833
73.2736 48.9142 52.0833
75 50 52.0833
39.5833 58.2031 39.5833
39.2202 58.219 39.5833
38.8598 58.2664 39.5833
39.9465 58.219 39.5833
40.3069 58.2664 39.5833
40.6617 58.3451 39.5833
39.5833 58.2031 41.6667
41.0084 58.4544 39.5833
41.3442 58.5935 39.5833
41.6667 58.7614 39.5833
41.9732 58.9567 39.5833
42.2616 59.1779 39.5833
42.5296 59.4235 39.5833
41.3442 66.1461 39.5833
41.0084 66.2852 39.5833
40.6617 66.3945 39.5833
42.2616 65.5616 39.5833
41.9732 65.7829 39.5833
41.6667 65.9782 39.5833
38.8598 66.4732 39.5833
39.2202 66.5206 39.5833
39.5833 66.5365 39.5833
40.3069 66.4732 39.5833
39.9465 66.5206 39.5833
42.3249 83.4544 39.5833
41.9891 83.5935 39.5833
42.7752 59.6915 39.5833
42.9965 59.9799 39.5833
43.1918 60.2865 39.5833
43.3596 60.6089 39.5833
43.4987 60.9447 39.5833
43.608 61.2914 39.5833
43.6867 61.6463 39.5833
43.608 63.4482 39.5833
43.4987 63.7949 39.5833
43.7341 62.0066 39.5833
43.75 62.3698 39.5833
43.7341 62.7329 39.5833
43.6867 63.0933 39.5833
42.9965 64.7597 39.5833
42.7752 65.0481 39.5833
42.5296 65.3161 39.5833
43.3596 64.1307 39.5833
43.1918 64.4531 39.5833
43.75 83.2031 39.5833
43.3869 83.219 39.5833
44.1131 83.219 39.5833
43.0265 83.2664 39.5833
42.6716 83.3451 39.5833
44.4735 83.2664 39.5833
44.8284 83.3451 39.5833
45.1751 83.4544 39.5833
45.5109 83.5935 39.5833
39.2202 58.219 41.6667
39.9465 58.219 41.6667
38.8598 58.2664 41.6667
40.3069 58.2664 41.6667
40.6617 58.3451 41.6667
41.0084 58.4544 41.6667
41.3442 58.5935 41.6667
41.6667 58.7614 41.6667
41.9732 58.9567 41.6667
42.2616 59.1779 41.6667
42.5296 59.4235 41.6667
42.5296 65.3161 41.6667
42.2616 65.5616 41.6667
41.0084 66.2852 41.6667
40.6617 66.3945 41.6667
40.3069 66.4732 41.6667
41.9732 65.7829 41.6667
41.6667 65.9782 41.6667
41.3442 66.1461 41.6667
38.8598 66.4732 41.6667
39.2202 66.5206 41.6667
39.5833 66.5365 41.6667
39.9465 66.5206 41.6667
42.6716 83.3451 41.6667
42.3249 83.4544 41.6667
41.9891 83.5935 41.6667
42.7752 59.6915 41.6667
42.9965 59.9799 41.6667
43.1918 60.2865 41.6667
43.3596 60.6089 41.6667
43.4987 60.9447 41.6667
43.608 61.2914 41.6667
43.6867 61.6463 41.6667
43.608 63.4482 41.6667
43.4987 63.7949 41.6667
43.7341 62.0066 41.6667
43.75 62.3698 41.6667
43.7341 62.7329 41.6667
43.6867 63.0933 41.6667
43.1918 64.4531 41.6667
42.9965 64.7597 41.6667
42.7752 65.0481 41.6667
43.3596 64.1307 41.6667
60.8715 78.6458 41.6667
61.223 78.6607 41.6667
43.75 83.2031 41.6667
43.3869 83.219 41.6667
44.1131 83.219 41.6667
43.0265 83.2664 41.6667
44.4735 83.2664 41.6667
44.8284 83.3451 41.6667
45.1751 83.4544 41.6667
45.5109 83.5935 41.6667
40.5581 84.6915 39.5833
40.3369 84.9799 39.5833
40.1416 85.2865 39.5833
41.6667 83.7614 39.5833
41.3601 83.9567 39.5833
40.8037 84.4235 39.5833
39.5992 87.0066 39.5833
39.5833 87.3698 39.5833
39.5992 87.7329 39.5833
39.9737 85.6089 39.5833
39.8346 85.9447 39.5833
39.7253 86.2914 39.5833
39.6466 86.6463 39.5833
39.6466 88.0933 39.5833
39.7253 88.4482 39.5833
39.8346 88.7949 39.5833
39.9737 89.1307 39.5833
40.1416 89.4531 39.5833
40.3369 89.7597 39.5833
40.5581 90.0481 39.5833
41.9891 91.1461 39.5833
42.3249 91.2852 39.5833
42.6716 91.3945 39.5833
43.0265 91.4732 39.5833
43.3869 91.5206 39.5833
43.75 91.5365 39.5833
45.8333 83.7614 39.5833
46.1399 83.9567 39.5833
46.4283 84.1779 39.5833
46.6963 84.4235 39.5833
46.9419 84.6915 39.5833
47.1631 84.9799 39.5833
47.3584 85.2865 39.5833
47.5263 85.6089 39.5833
47.6654 85.9447 39.5833
47.7747 86.2914 39.5833
47.8534 86.6463 39.5833
47.9008 87.0066 39.5833
47.9167 87.3698 39.5833
47.5263 89.1307 39.5833
47.3584 89.4531 39.5833
47.1631 89.7597 39.5833
47.9008 87.7329 39.5833
47.8534 88.0933 39.5833
47.7747 88.4482 39.5833
47.6654 88.7949 39.5833
44.8284 91.3945 39.5833
44.4735 91.4732 39.5833
44.1131 91.5206 39.5833
46.9419 90.0481 39.5833
46.6963 90.3161 39.5833
45.5109 91.1461 39.5833
45.1751 91.2852 39.5833
41.0717 84.1779 39.5833
40.8037 90.3161 39.5833
41.0717 90.5616 39.5833
41.6667 83.7614 41.6667
41.3601 83.9567 41.6667
41.0717 84.1779 41.6667
40.3369 84.9799 41.6667
40.1416 85.2865 41.6667
39.9737 85.6089 41.6667
40.8037 84.4235 41.6667
40.5581 84.6915 41.6667
40.8037 90.3161 41.6667
41.0717 90.5616 41.6667
41.3601 90.7829 39.5833
41.6667 90.9782 39.5833
41.3601 90.7829 41.6667
41.6667 90.9782 41.6667
41.9891 91.1461 41.6667
45.5109 91.1461 41.6667
42.3249 91.2852 41.6667
42.6716 91.3945 41.6667
43.0265 91.4732 41.6667
43.3869 91.5206 41.6667
45.1751 91.2852 41.6667
44.8284 91.3945 41.6667
44.4735 91.4732 41.6667
44.1131 91.5206 41.6667
45.8333 83.7614 41.6667
46.4283 90.5616 39.5833
46.1399 83.9567 41.6667
46.4283 84.1779 41.6667
46.6963 84.4235 41.6667
46.9419 84.6915 41.6667
46.9419 90.0481 41.6667
46.6963 90.3161 41.6667
46.4283 90.5616 41.6667
47.1631 84.9799 41.6667
47.3584 85.2865 41.6667
47.5263 85.6089 41.6667
47.6654 85.9447 41.6667
46.1399 90.7829 39.5833
45.8333 90.9782 39.5833
45.8333 90.9782 41.6667
46.1399 90.7829 41.6667
61.3241 94.0781 41.6667
60.3935 95.1524 41.6667
60.1078 95.3663 41.6667
58.4662 96.0327 41.6667
58.1122 96.0785 41.6667
57.7556 96.0938 41.6667
59.8048 95.555 41.6667
59.4867 95.7171 41.6667
59.156 95.8513 41.6667
58.815 95.9568 41.6667
67.6179 61.8569 39.5833
67.5735 61.8667 39.5833
67.5302 61.8804 39.5833
67.7083 61.849 39.5833
67.6629 61.8509 39.5833
67.7537 61.8509 39.5833
65.3608 53.6458 41.6667
67.4096 61.9432 39.5833
67.4096 61.9432 41.6667
67.4882 61.8978 39.5833
67.5302 61.8804 41.6667
67.4479 61.9187 39.5833
67.4479 61.9187 41.6667
67.2817 62.0711 39.5833
67.2573 62.1094 39.5833
67.2363 62.1497 39.5833
67.3735 61.9708 39.5833
67.3401 62.0015 39.5833
67.3093 62.035 39.5833
67.1895 62.3244 39.5833
67.1875 62.3698 39.5833
67.1895 62.4152 39.5833
67.2189 62.1917 39.5833
67.2052 62.235 39.5833
67.1954 62.2794 39.5833
67.1954 62.4602 39.5833
67.7988 61.8569 39.5833
67.8431 61.8667 39.5833
67.8865 61.8804 39.5833
74.5769 60.2763 39.5833
67.9284 61.8978 39.5833
67.9688 61.9187 39.5833
67.8431 61.8667 41.6667
67.8865 61.8804 41.6667
67.9284 61.8978 41.6667
68.0071 61.9432 39.5833
67.9688 61.9187 41.6667
68.0431 61.9708 39.5833
68.0071 61.9432 41.6667
68.0766 62.0015 39.5833
68.1073 62.035 39.5833
68.135 62.0711 39.5833
68.1594 62.1094 39.5833
68.1804 62.1497 39.5833
68.1978 62.1917 39.5833
68.2114 62.235 39.5833
68.2213 62.2794 39.5833
68.2114 62.5046 39.5833
68.2114 62.5046 41.6667
68.2272 62.3244 39.5833
68.2292 62.3698 39.5833
68.2272 62.4152 39.5833
68.2213 62.4602 39.5833
65.7196 53.6613 41.6667
66.0758 53.7076 41.6667
66.4267 53.7845 41.6667
66.7696 53.8913 41.6667
67.1021 54.0272 41.6667
67.4217 54.1912 41.6667
67.6179 61.8569 41.6667
67.5735 61.8667 41.6667
67.4882 61.8978 41.6667
67.7259 54.3822 41.6667
67.7083 61.849 41.6667
67.6629 61.8509 41.6667
67.7537 61.8509 41.6667
67.2817 62.0711 41.6667
67.2573 62.1094 41.6667
67.2363 62.1497 41.6667
67.3735 61.9708 41.6667
67.3401 62.0015 41.6667
67.3093 62.035 41.6667
67.1895 62.3244 41.6667
67.1875 62.3698 41.6667
67.1895 62.4152 41.6667
67.2189 62.1917 41.6667
67.2052 62.235 41.6667
67.1954 62.2794 41.6667
67.1954 62.4602 41.6667
68.0126 54.5986 41.6667
68.2795 54.8389 41.6667
68.5247 55.1014 41.6667
68.7465 55.3839 41.6667
68.9431 55.6846 41.6667
69.113 56.001 41.6667
69.2551 56.3309 41.6667
69.3682 56.6718 41.6667
69.2622 61.2503 41.6667
69.4516 57.0212 41.6667
69.5045 57.3764 41.6667
69.5267 57.7349 41.6667
69.5179 58.094 41.6667
67.7988 61.8569 41.6667
68.0431 61.9708 41.6667
68.0766 62.0015 41.6667
68.1073 62.035 41.6667
68.135 62.0711 41.6667
68.1594 62.1094 41.6667
68.1804 62.1497 41.6667
68.1978 62.1917 41.6667
68.2114 62.235 41.6667
68.2213 62.2794 41.6667
68.2272 62.3244 41.6667
68.2292 62.3698 41.6667
68.2272 62.4152 41.6667
68.2213 62.4602 41.6667
67.2052 62.5046 39.5833
67.2189 62.5479 39.5833
67.2363 62.5899 39.5833
67.2573 62.6302 39.5833
67.2817 62.6685 39.5833
67.3093 62.7046 39.5833
67.2363 62.5899 41.6667
67.2573 62.6302 41.6667
67.2817 62.6685 41.6667
67.3401 62.7381 39.5833
67.3093 62.7046 41.6667
67.3401 62.7381 41.6667
67.3735 62.7688 41.6667
67.3735 62.7688 39.5833
67.4096 62.7964 39.5833
67.4479 62.8208 39.5833
67.4882 62.8418 39.5833
67.5302 62.8592 39.5833
67.5735 62.8729 39.5833
67.4096 62.7964 41.6667
64.5644 100 39.5833
67.4479 62.8208 41.6667
67.6179 62.8827 39.5833
67.5302 62.8592 41.6667
67.6629 62.8886 39.5833
67.7083 62.8906 39.5833
68.135 62.6685 39.5833
68.1073 62.7046 39.5833
68.0766 62.7381 39.5833
68.1978 62.5479 39.5833
68.1804 62.5899 39.5833
68.1594 62.6302 39.5833
68.1073 62.7046 41.6667
68.0431 62.7688 39.5833
68.0766 62.7381 41.6667
68.1978 62.5479 41.6667
68.1804 62.5899 41.6667
68.1594 62.6302 41.6667
68.135 62.6685 41.6667
67.8431 62.8729 39.5833
67.7988 62.8827 39.5833
67.7537 62.8886 39.5833
68.0071 62.7964 39.5833
67.9688 62.8208 39.5833
67.9284 62.8418 39.5833
67.8865 62.8592 39.5833
68.0071 62.7964 41.6667
67.9688 62.8208 41.6667
67.7537 62.8886 41.6667
73.3104 70.483 39.5833
68.0431 62.7688 41.6667
71.209 80.5511 39.5833
68.2871 90.4124 39.5833
61.5721 78.7052 41.6667
61.9162 78.7789 41.6667
62.2528 78.8815 41.6667
65.074 71.0354 41.6667
64.7278 71.0791 41.6667
64.3793 71.0938 41.6667
62.5796 79.012 41.6667
62.8942 79.1697 41.6667
63.1943 79.3534 41.6667
63.4779 79.5617 41.6667
63.7429 79.7932 41.6667
63.9874 80.0463 41.6667
64.2097 80.3191 41.6667
64.4082 80.6097 41.6667
64.5815 80.9159 41.6667
64.7283 81.2357 41.6667
64.8475 81.5668 41.6667
64.9385 81.9067 41.6667
65.0004 82.2531 41.6667
65.0329 82.6035 41.6667
62.802 90.3206 41.6667
61.6386 93.438 41.6667
61.4951 93.7648 41.6667
65.0357 82.9554 41.6667
65.0088 83.3063 41.6667
64.9524 83.6536 41.6667
64.8668 83.9949 41.6667
67.2052 62.5046 41.6667
67.2189 62.5479 41.6667
67.4882 62.8418 41.6667
67.9284 62.8418 41.6667
67.8865 62.8592 41.6667
67.5735 62.8729 41.6667
67.6179 62.8827 41.6667
67.6629 62.8886 41.6667
67.7083 62.8906 41.6667
67.8431 62.8729 41.6667
67.7988 62.8827 41.6667
68.9232 64.3987 41.6667
68.501 67.5371 41.6667
67.8968 69.1605 41.6667
67.6976 69.4469 41.6667
67.4752 69.7157 41.6667
68.4356 67.8798 41.6667
68.3416 68.2158 41.6667
68.2199 68.5427 41.6667
68.0713 68.8584 41.6667
66.0736 70.7337 41.6667
65.7492 70.8621 41.6667
65.4152 70.9629 41.6667
67.231 69.9649 41.6667
66.9669 70.1929 41.6667
66.6846 70.3979 41.6667
66.3862 70.5786 41.6667
64.3793 71.0938 42.0833
64.4258 75.5208 42.0833
64.6049 75.5285 42.0833
65.074 71.0354 42.0833
64.7278 71.0791 42.0833
64.7827 75.5516 42.0833
63.1943 79.3534 42.0833
63.4779 79.5617 42.0833
63.7429 79.7932 42.0833
64.9578 75.5899 42.0833
63.9874 80.0463 42.0833
64.2097 80.3191 42.0833
64.4082 80.6097 42.0833
39.8346 85.9447 41.6667
39.7253 86.2914 41.6667
47.7747 86.2914 41.6667
64.5815 80.9159 42.0833
64.7283 81.2357 42.0833
64.8475 81.5668 42.0833
64.9385 81.9067 42.0833
64.9524 83.6536 42.0833
64.8668 83.9949 42.0833
65.0004 82.2531 42.0833
65.0329 82.6035 42.0833
65.0357 82.9554 42.0833
65.0088 83.3063 42.0833
65.3608 53.6458 42.0833
65.7196 53.6613 42.0833
66.0758 53.7076 42.0833
66.9669 70.1929 42.0833
66.6846 70.3979 42.0833
66.3862 70.5786 42.0833
66.0736 70.7337 42.0833
65.7492 70.8621 42.0833
65.4152 70.9629 42.0833
66.9357 73.7411 42.0833
66.7923 73.8496 42.0833
66.64 73.9453 42.0833
66.4801 74.0276 42.0833
65.6083 74.2188 42.0833
65.129 75.6431 42.0833
65.295 75.7108 42.0833
66.3137 74.0957 42.0833
66.142 74.1492 42.0833
65.9663 74.1878 42.0833
65.788 74.211 42.0833
65.4545 75.7925 42.0833
65.6064 75.8877 42.0833
65.4283 82.0366 42.0833
65.7496 75.9955 42.0833
65.883 76.1153 42.0833
66.5048 77.7386 42.0833
65.9564 80.069 42.0833
65.6083 74.2188 42.9167
64.4258 75.5208 42.9167
64.6049 75.5285 42.9167
66.142 74.1492 42.9167
65.9663 74.1878 42.9167
65.788 74.211 42.9167
64.7827 75.5516 42.9167
64.9578 75.5899 42.9167
65.129 75.6431 42.9167
65.295 75.7108 42.9167
65.4545 75.7925 42.9167
65.6064 75.8877 42.9167
65.7496 75.9955 42.9167
60.8715 78.6458 42.0833
61.223 78.6607 42.0833
61.5721 78.7052 42.0833
66.0056 76.2461 42.0833
66.1165 76.3869 42.0833
61.9162 78.7789 42.0833
62.2528 78.8815 42.0833
62.5796 79.012 42.0833
62.8942 79.1697 42.0833
65.883 76.1153 42.9167
66.0056 76.2461 42.9167
66.1165 76.3869 42.9167
64.6119 84.8448 42.9167
66.2149 76.5368 42.0833
66.3 76.6945 42.0833
66.3713 76.859 42.0833
66.4267 53.7845 42.0833
66.7696 53.8913 42.0833
67.0692 73.6206 42.9167
66.3137 74.0957 42.9167
66.2149 76.5368 42.9167
66.3 76.6945 42.9167
66.9357 73.7411 42.9167
66.7923 73.8496 42.9167
66.64 73.9453 42.9167
66.4801 74.0276 42.9167
66.3713 76.859 42.9167
66.4282 77.029 42.0833
66.451 78.0927 42.0833
66.4702 77.2033 42.0833
66.4971 77.3805 42.0833
66.5086 77.5594 42.0833
66.4855 77.9168 42.0833
66.4282 77.029 42.9167
66.4702 77.2033 42.9167
66.451 78.0927 42.9167
66.4971 77.3805 42.9167
66.5086 77.5594 42.9167
66.5048 77.7386 42.9167
66.4855 77.9168 42.9167
39.6466 86.6463 41.6667
39.5992 87.0066 41.6667
39.5833 87.3698 41.6667
47.8534 86.6463 41.6667
47.9008 87.0066 41.6667
47.9167 87.3698 41.6667
39.5992 87.7329 41.6667
39.6466 88.0933 41.6667
39.7253 88.4482 41.6667
47.9008 87.7329 41.6667
47.8534 88.0933 41.6667
47.7747 88.4482 41.6667
39.8346 88.7949 41.6667
39.9737 89.1307 41.6667
40.1416 89.4531 41.6667
47.1631 89.7597 41.6667
47.6654 88.7949 41.6667
47.5263 89.1307 41.6667
47.3584 89.4531 41.6667
40.3369 89.7597 41.6667
40.5581 90.0481 41.6667
43.75 91.5365 41.6667
58.1122 96.0785 42.0833
57.7556 96.0938 42.0833
58.202 99.1903 42.0833
58.031 99.2116 42.0833
61.1269 94.3756 41.6667
60.9049 94.6552 41.6667
60.6599 94.9147 41.6667
63.8783 87.1721 41.6667
61.6386 93.438 42.0833
61.3241 94.0781 42.0833
60.3935 95.1524 42.0833
60.1078 95.3663 42.0833
59.8048 95.555 42.0833
61.1269 94.3756 42.0833
60.9049 94.6552 42.0833
60.6599 94.9147 42.0833
61.0356 94.957 42.0833
59.156 95.8513 42.0833
58.815 95.9568 42.0833
58.4662 96.0327 42.0833
59.4867 95.7171 42.0833
60.412 96.4677 42.0833
59.7677 97.9697 42.0833
59.6922 98.1246 42.0833
58.6965 99.0429 42.0833
58.5359 99.1056 42.0833
58.3707 99.1549 42.0833
59.5041 98.4133 42.0833
59.3929 98.5449 42.0833
58.9994 98.8787 42.0833
58.8514 98.9671 42.0833
59.6042 98.2728 42.0833
59.2711 98.6669 42.0833
59.1396 98.7785 42.0833
62.3816 91.478 42.9167
61.4951 93.7648 42.0833
59.7677 97.9697 42.9167
59.2711 98.6669 42.9167
59.1396 98.7785 42.9167
58.9994 98.8787 42.9167
59.6922 98.1246 42.9167
59.6042 98.2728 42.9167
59.5041 98.4133 42.9167
59.3929 98.5449 42.9167
58.3707 99.1549 42.9167
57.8587 99.2188 42.0833
58.202 99.1903 42.9167
58.8514 98.9671 42.9167
58.6965 99.0429 42.9167
58.5359 99.1056 42.9167
62.7388 99.1895 42.9167
58.031 99.2116 42.9167
57.8587 99.2188 42.9167
62.3911 99.2188 42.9167
62.5656 99.2114 42.9167
62.7388 99.1895 52.0833
62.5656 99.2114 52.0833
62.3911 99.2188 52.0833
64.1509 98.2505 42.9167
64.0514 98.3939 42.9167
63.9402 98.5285 42.9167
66.8251 91.4434 42.9167
64.3124 97.9411 42.9167
64.2381 98.0992 42.9167
64.0514 98.3939 52.0833
63.9402 98.5285 52.0833
63.8181 98.6533 52.0833
66.8251 91.4434 52.0833
64.3124 97.9411 52.0833
64.2381 98.0992 52.0833
64.1509 98.2505 52.0833
63.2391 99.0384 42.9167
63.0767 99.1027 42.9167
62.9096 99.1532 42.9167
63.8181 98.6533 42.9167
63.686 98.7675 42.9167
63.5448 98.8702 42.9167
63.3954 98.9607 42.9167
63.2391 99.0384 52.0833
63.0767 99.1027 52.0833
62.9096 99.1532 52.0833
63.686 98.7675 52.0833
63.5448 98.8702 52.0833
63.3954 98.9607 52.0833
64.5644 100 52.0833
67.6795 50.5208 42.0833
67.854 50.5282 42.0833
68.0272 50.5501 42.0833
68.198 50.5864 42.0833
68.3651 50.6369 42.0833
68.5275 50.7012 42.0833
67.6795 50.5208 42.9167
68.6839 50.7789 42.0833
68.3651 50.6369 42.9167
68.8332 50.8694 42.0833
68.9744 50.9721 42.0833
69.1065 51.0863 42.0833
69.1065 51.0863 42.9167
67.1021 54.0272 42.0833
67.4217 54.1912 42.0833
67.7259 54.3822 42.0833
69.2286 51.2111 42.0833
68.0126 54.5986 42.0833
68.2795 54.8389 42.0833
68.5247 55.1014 42.0833
68.501 67.5371 42.0833
68.4356 67.8798 42.0833
68.7465 55.3839 42.0833
68.9431 55.6846 42.0833
69.113 56.001 42.0833
68.7259 65.9441 42.9167
69.3398 51.3457 42.0833
69.4394 51.4892 42.0833
69.5266 51.6405 42.0833
71.8472 50.5208 42.9167
69.6008 51.7985 42.0833
69.6615 51.9622 42.0833
69.2286 51.2111 42.9167
69.3398 51.3457 42.9167
69.4394 51.4892 42.9167
73.2736 51.0858 42.9167
73.5069 51.345 42.9167
73.6065 51.4883 42.9167
73.6937 51.6395 42.9167
69.7083 52.1305 42.0833
69.6269 56.2807 42.0833
69.2551 56.3309 42.0833
69.7408 52.302 42.0833
69.7589 52.4757 42.0833
69.7623 52.6503 42.0833
69.7084 54.466 42.0833
69.3682 56.6718 42.0833
69.4516 57.0212 42.0833
69.4292 59.3116 42.9167
69.5045 57.3764 42.0833
69.5267 57.7349 42.0833
69.5179 58.094 42.0833
72.9303 65.9317 42.9167
67.854 50.5282 42.9167
68.0272 50.5501 42.9167
68.198 50.5864 42.9167
72.0216 50.5281 42.9167
72.1947 50.55 42.9167
72.3654 50.5863 42.9167
71.8472 50.5208 52.0833
72.0216 50.5281 52.0833
72.1947 50.55 52.0833
72.5325 50.6368 42.9167
72.3654 50.5863 52.0833
72.6948 50.701 42.9167
72.5325 50.6368 52.0833
68.5275 50.7012 42.9167
68.6839 50.7789 42.9167
68.8332 50.8694 42.9167
72.8511 50.7787 42.9167
68.9744 50.9721 42.9167
69.5266 51.6405 42.9167
69.6008 51.7985 42.9167
69.6615 51.9622 42.9167
69.7083 52.1305 42.9167
69.7408 52.302 42.9167
72.6948 50.701 52.0833
69.7589 52.4757 42.9167
69.7623 52.6503 42.9167
72.8511 50.7787 52.0833
73.0003 50.8691 42.9167
73.0003 50.8691 52.0833
73.1415 50.9717 42.9167
73.3957 51.2105 42.9167
73.768 51.7974 42.9167
73.1415 50.9717 52.0833
73.2736 51.0858 52.0833
73.3957 51.2105 52.0833
73.5069 51.345 52.0833
73.6065 51.4883 52.0833
73.6937 51.6395 52.0833
73.768 51.7974 52.0833
73.8288 51.961 42.9167
73.6087 59.3036 42.9167
73.8288 51.961 52.0833
73.8756 52.1292 42.9167
73.9083 52.3006 42.9167
73.9265 52.4742 42.9167
73.93 52.6487 42.9167
73.8756 52.1292 52.0833
73.6087 59.3036 52.0833
72.9303 65.9317 52.0833
73.9083 52.3006 52.0833
73.9265 52.4742 52.0833
73.93 52.6487 52.0833
74.5769 60.2763 52.0833
68.0713 68.8584 42.0833
67.8968 69.1605 42.0833
67.6976 69.4469 42.0833
68.3416 68.2158 42.0833
68.2199 68.5427 42.0833
68.2423 69.2044 42.0833
67.4752 69.7157 42.0833
67.231 69.9649 42.0833
67.613 72.7022 42.0833
67.9601 70.8679 42.0833
67.6544 72.5272 42.0833
67.6544 72.5272 42.9167
67.613 72.7022 42.9167
67.3027 73.3475 42.0833
67.1919 73.4891 42.0833
67.0692 73.6206 42.0833
67.5567 72.873 42.0833
67.4858 73.0383 42.0833
67.4009 73.1968 42.0833
67.4009 73.1968 42.9167
67.3027 73.3475 42.9167
67.1919 73.4891 42.9167
67.5567 72.873 42.9167
67.4858 73.0383 42.9167
69.063 75.5513 42.9167
69.2374 75.5893 42.9167
71.6458 73.188 42.9167
71.5479 73.3399 42.9167
71.4371 73.4826 42.9167
71.8967 72.5138 42.9167
71.8562 72.6899 42.9167
71.7303 73.0283 42.9167
70.7237 74.0258 42.9167
70.5566 74.0946 42.9167
70.3841 74.1486 42.9167
71.3144 73.6153 42.9167
71.1806 73.7368 42.9167
71.0369 73.8462 42.9167
70.8842 73.9428 42.9167
70.0265 75.9914 42.9167
70.1597 76.1101 42.9167
70.2822 76.2399 42.9167
70.3932 76.3796 42.9167
70.4918 76.5283 42.9167
70.5773 76.685 42.9167
70.6491 76.8483 42.9167
70.7067 77.0172 42.9167
70.7496 77.1904 42.9167
70.7369 78.076 42.9167
70.7775 77.3667 42.9167
70.7902 77.5447 42.9167
70.7877 77.7231 42.9167
70.7699 77.9007 42.9167
69.848 74.2188 42.9167
68.7077 75.5208 42.9167
68.886 75.5285 42.9167
70.3841 74.1486 52.0833
70.2077 74.1875 42.9167
70.0285 74.2109 42.9167
68.7077 75.5208 52.0833
68.886 75.5285 52.0833
69.063 75.5513 52.0833
70.2077 74.1875 52.0833
70.0285 74.2109 52.0833
69.848 74.2188 52.0833
69.2374 75.5893 52.0833
69.4078 75.642 42.9167
68.9689 84.8147 42.9167
69.4078 75.642 52.0833
69.5732 75.7091 42.9167
69.5732 75.7091 52.0833
69.7322 75.7901 42.9167
69.8837 75.8844 42.9167
69.7322 75.7901 52.0833
68.9689 84.8147 52.0833
68.2871 90.4124 52.0833
69.8837 75.8844 52.0833
70.0265 75.9914 52.0833
70.1597 76.1101 52.0833
70.2822 76.2399 52.0833
71.8006 72.8618 42.9167
71.8006 72.8618 52.0833
71.7303 73.0283 52.0833
73.3104 70.483 52.0833
71.8967 72.5138 52.0833
71.8562 72.6899 52.0833
71.1806 73.7368 52.0833
71.0369 73.8462 52.0833
70.8842 73.9428 52.0833
71.6458 73.188 52.0833
71.5479 73.3399 52.0833
71.4371 73.4826 52.0833
71.3144 73.6153 52.0833
70.5566 74.0946 52.0833
70.3932 76.3796 52.0833
70.4918 76.5283 52.0833
70.7237 74.0258 52.0833
70.5773 76.685 52.0833
70.6491 76.8483 52.0833
70.7067 77.0172 52.0833
70.7496 77.1904 52.0833
70.7699 77.9007 52.0833
70.7369 78.076 52.0833
70.7775 77.3667 52.0833
70.7902 77.5447 52.0833
70.7877 77.7231 52.0833
71.209 80.5511 52.0833
69.5958 55.9809 42.9167
69.5724 57.1874 42.0833
68.1902 69.2357 42.9167
68.3717 68.3707 42.0833
69.7633 50.5208 42.9167
60.1249 99.2188 42.9167
61.0746 94.7239 42.9167
61.7086 93.2175 42.5
61.3371 94.1975 42.0833
65.5314 81.4688 42.9167
66.5668 75.5208 42.9167
67.7281 74.2188 42.9167
65.1476 83.0158 42.0833
69.5958 44.0191 42.9167
69.5724 42.8126 42.0833
69.7633 49.4792 42.9167
68.3717 31.6293 42.0833
68.1902 30.7643 42.9167
67.7281 25.7812 42.9167
66.5668 24.4792 42.9167
65.5314 18.5312 42.9167
61.0746 5.27615 42.9167
60.1249 0.78125 42.9167
65.1476 16.9842 42.0833
61.7086 6.78248 42.5
61.3371 5.80252 42.0833
30.2083 82.8787 42.9167
68.1172 74.2188 52.0833
30.2083 75.5208 42.9167
30.2083 74.2188 42.9167
26.1673 51.8916 45.956
26.2369 51.7237 45.9615
26.3208 51.5625 45.9669
26.7859 51.0082 46.0515
26.9301 50.8976 46.0568
27.0833 50.7999 46.062
26.4184 51.4092 45.9723
26.5291 51.265 45.9777
26.6519 51.131 46.0568
26.0417 77.7754 54.1667
26.0417 98.5677 52.0833
26.0417 74.8698 52.0833
26.0496 52.4226 46.0043
26.0733 52.2424 46.0097
26.1127 52.065 46.015
26.0417 52.6042 46.0016
45.1416 96.0938 42.0833
42.9321 71.0938 42.0833
45.1496 96.0938 41.6667
45.4882 78.6458 42.0833
45.496 78.6458 41.6667
45.8532 75.5208 42.0833
42.9422 71.0938 41.6667
45.9156 74.2188 42.0833
42.9321 53.6458 42.0833
42.9422 53.6458 41.6667
43.3815 50.5208 42.0833
43.4303 49.4792 42.0833
30.2083 99.2188 42.9167
30.2083 94.5312 42.0833
30.2083 80.2083 42.0833
30.2083 57.8787 42.9167
27.5858 50.5918 46.1087
26.0417 55.363 42.9167
27.2445 50.716 46.0673
27.4125 50.6465 46.1139
30.2083 50.5208 42.9167
30.2083 69.5312 42.0833
30.2083 55.2083 42.0833
68.1172 25.7812 52.0833
30.2083 33.1392 42.9167
26.7859 48.9918 46.5708
26.6519 48.869 46.5753
26.5291 48.735 46.5799
26.4184 48.5908 46.5844
26.3208 48.4375 46.5889
26.2369 48.2763 46.5934
26.1673 48.1084 46.5978
26.1127 47.935 46.6023
30.2083 8.13916 42.9167
26.0417 50 52.0833
26.0733 47.7576 46.6068
26.0496 47.5774 46.6113
26.0417 47.3958 46.6083
26.0417 22.2246 54.1667
26.0417 25.1302 52.0833
26.0417 1.43229 52.0833
26.0417 44.637 42.9167
43.9543 46.3542 42.0833
43.9634 46.3542 41.6667
42.9321 28.9062 42.0833
43.3815 25.7812 42.0833
43.4577 24.4792 42.0833
43.9802 21.3542 42.0833
45.1416 3.90625 42.0833
42.9422 28.9062 41.6667
43.9893 21.3542 41.6667
45.1496 3.90625 41.6667
30.2083 25.7812 42.9167
30.2083 24.4792 42.9167
30.2083 49.4792 42.9167
27.5858 49.4082 46.6805
27.4125 49.3535 46.6849
27.2445 49.284 46.6892
27.0833 49.2001 46.6936
26.9301 49.1024 46.698
30.2083 44.7917 42.0833
30.2083 30.4688 42.0833
30.2083 19.7917 42.0833
30.2083 0.78125 42.9167
30.2083 5.46875 42.0833
26.6519 51.131 45.8586
26.5291 51.265 46.1759
36.0474 50.5208 42.0833
61.3234 94.2132 42.2615
69.6946 45.5345 42.5
31.25 49.4792 42.9167
67.9484 29.1342 42.5
30.2083 43.4896 42.0833
30.2083 91.8608 42.9167
27.0833 49.2001 46.3103
30.2083 18.4896 42.0833
27.9434 50.5288 46.1293
65.0201 83.4407 42.5
27.2445 49.284 46.2689
26.0496 47.5774 44.764
68.7214 49.4792 42.9167
68.4841 67.5742 42.5
31.25 74.2188 42.9167
26.0496 52.4226 44.4605
59.693 24.4792 42.0833
63.7882 50.5208 42.0833
31.25 50.5208 42.9167
65.9397 80.0647 42.5
67.9484 70.8658 42.5
69.5281 42.2038 42.5
26.1673 51.8916 46.1471
47.2526 71.0938 42.0833
26.9301 50.8976 46.6135
26.0417 47.3958 44.7617
27.0833 50.7999 46.6427
61.3234 5.78679 42.2615
30.2083 6.77083 42.0833
26.7859 51.0082 46.6422
26.0417 43.6862 42.9167
36.1892 49.4792 42.0833
36.0474 24.4792 42.0833
26.5291 48.735 47.1364
69.5281 57.7962 42.5
31.25 24.4792 42.9167
30.2083 42.1213 42.9167
61.5069 93.7697 42.0833
46.4076 49.4792 52.0833
30.2083 31.7708 42.0833
27.7632 49.4475 46.6849
27.2445 50.716 46.6707
59.5514 25.7812 42.0833
64.9638 83.6567 42.0833
66.6682 74.2188 42.9167
26.7859 48.9918 47.2429
30.2083 81.5104 42.0833
60.4017 96.4633 42.5
47.2727 71.0938 41.6667
31.25 25.7812 42.9167
28.125 50.5208 46.1344
68.4841 32.4258 42.5
26.0417 56.3138 42.9167
27.7632 50.5525 46.1344
26.0417 52.6042 44.4583
48.4164 75.5208 52.0833
26.9301 49.1024 46.2698
26.6519 48.869 47.2672
68.7214 50.5208 42.9167
30.2083 66.8608 42.9167
28.125 49.4792 46.7023
30.2083 56.5104 42.0833
62.0101 7.542 42.5
26.4184 51.4092 46.2452
69.5395 57.7355 42.0833
46.4305 24.4792 52.0833
69.5395 42.2645 42.0833
26.1127 52.065 44.4658
60.4017 3.53666 42.5
30.2083 17.1213 42.9167
26.0417 97.8516 52.0833
30.2083 93.2292 42.0833
36.2668 25.7812 42.0833
41.595 74.2188 42.0833
65.4963 75.5208 42.9167
26.0733 52.2424 44.4632
59.693 75.5208 42.0833
63.6512 49.4792 42.0833
65.0201 16.5593 42.5
41.4004 75.5208 42.0833
26.1127 47.935 44.7595
68.4475 67.8818 42.0833
27.9434 49.4712 46.7067
65.4963 24.4792 42.9167
66.6682 25.7812 42.9167
26.2369 51.7237 46.2213
30.2083 68.2292 42.0833
69.6946 54.4655 42.5
59.5514 74.2188 42.0833
65.9397 19.9353 42.5
62.0101 92.458 42.5
26.0417 2.14844 52.0833
64.9638 16.3433 42.0833
31.25 75.5208 42.9167
46.4372 50.5208 52.0833
61.5069 6.23026 42.0833
26.0733 47.7576 44.7617
68.4475 32.1182 42.0833
27.4125 50.6465 45.9263
31.7708 25.7812 42.9167
26.9301 50.8976 45.6431
58.6132 28.9062 41.6667
31.7708 50.5208 42.9167
64.961 24.4792 42.9167
26.1127 52.065 46.2397
60.0898 97.2187 42.5
66.1382 74.2188 42.9167
27.5858 49.4082 47.7433
26.0733 52.2424 46.3028
36.0474 74.2188 42.0833
69.6599 44.6029 42.2862
69.5791 57.013 42.2847
30.2083 7.70942 42.0833
30.2083 17.551 42.0833
27.7632 49.4475 47.7588
27.9434 50.5288 45.5488
68.3623 68.3953 42.2901
26.1673 51.8916 44.4548
48.3734 74.2188 52.0833
30.2083 32.7094 42.0833
27.2445 50.716 45.5089
63.8494 25.7812 42.0833
69.5791 42.987 42.2847
26.5291 48.735 47.3603
27.9434 49.4712 47.7744
27.5858 50.5918 46.7779
26.7859 48.9918 48.2743
67.8073 28.3025 42.5
26.3208 48.4375 44.7528
65.6776 81.0753 42.2865
26.9301 49.1024 48.2847
26.1673 51.8916 46.3511
26.4184 48.5908 47.3813
27.9434 50.5288 46.8726
31.7708 49.4792 42.9167
30.2083 67.2906 42.0833
31.7708 75.5208 42.9167
67.8073 71.6975 42.5
26.1673 48.1084 47.5516
60.0898 2.78133 42.5
26.2369 48.2763 44.755
46.4767 25.7812 52.0833
57.5058 21.3542 41.6667
37.9885 46.3542 42.0833
61.8624 53.6458 42.0833
26.4184 51.4092 46.9186
27.0833 49.2001 44.6135
65.6776 18.9247 42.2865
27.7632 50.5525 46.8946
27.5858 49.4082 44.6985
36.2668 75.5208 42.0833
26.2369 51.7237 47.0074
57.4801 21.3542 42.0833
27.9434 49.4712 44.7351
26.3208 48.4375 47.4019
26.7859 51.0082 45.6045
27.2445 49.284 48.3256
27.4125 49.3535 44.7077
69.7354 53.5581 42.5
68.2005 49.4792 42.9167
26.5291 51.265 44.4472
69.6599 55.3971 42.2862
26.9301 50.8976 48.9871
66.2037 79.0809 42.5
69.7354 46.4419 42.5
58.6132 71.0938 41.6667
62.0101 7.542 42.2917
30.2083 92.2906 42.0833
40.3428 78.6458 42.0833
26.5291 48.735 44.7483
68.2005 50.5208 42.9167
61.8377 53.6458 41.6667
63.8494 74.2188 42.0833
26.4184 48.5908 44.7505
64.961 75.5208 42.9167
27.0833 50.7999 48.9941
26.1673 48.1084 44.7573
26.3208 51.5625 44.4418
26.2369 48.2763 47.5687
27.4125 49.3535 48.3356
49.3146 74.2188 42.0833
26.6519 51.131 49.0095
27.0833 50.7999 45.4798
27.7632 50.5525 45.5212
58.5982 28.9062 42.0833
30.2083 82.449 42.0833
27.4125 50.6465 49.0169
27.7632 49.4475 44.7442
26.7859 48.9918 44.7437
26.6519 48.869 44.746
31.7708 74.2188 42.9167
30.2083 42.551 42.0833
26.5291 51.265 49.0153
26.4184 51.4092 44.4445
31.7708 24.4792 42.9167
66.2037 20.9191 42.5
38.0124 46.3542 41.6667
27.0833 49.2001 48.3356
68.3623 31.6047 42.2901
30.2083 57.449 42.0833
40.3259 78.6458 41.6667
27.5858 50.5918 45.4938
62.0101 92.458 42.2917
26.3208 51.5625 47.0232
26.0496 52.4226 46.3538
26.2369 51.7237 44.4391
66.1382 25.7812 42.9167
27.5858 49.4082 48.3628
26.9301 49.1024 47.2725
27.7632 50.5525 49.0478
26.9301 50.8976 46.7976
27.7632 49.4475 46.0002
32.1099 24.4792 42.9167
28.125 50.5208 49.0703
64.6051 24.4792 42.9167
26.3208 51.5625 49.0481
27.5858 50.5918 49.055
61.7956 93.0239 42.2594
26.6519 51.131 44.4355
26.4184 48.5908 48.4269
58.5982 71.0938 42.0833
27.7632 49.4475 48.3896
26.2369 48.2763 48.5006
27.4125 50.6465 45.4571
28.125 49.4792 47.7897
28.125 49.4792 44.7442
64.6051 75.5208 42.9167
27.4125 49.3535 47.7161
26.7859 51.0082 44.4215
27.4125 50.6465 46.8023
55.8638 24.4792 42.0833
27.2445 49.284 44.6035
60.0809 50.5208 42.0833
26.5291 51.265 45.4569
26.6519 48.869 48.2906
27.2445 50.716 44.2931
67.8541 49.4792 42.9167
26.5291 48.735 48.4423
32.1099 75.5208 42.9167
27.0833 49.2001 44.9993
26.3208 51.5625 46.2993
26.4184 51.4092 49.0559
27.7632 50.5525 46.6786
27.9434 49.4712 45.9772
26.3208 48.4375 48.5155
26.5291 51.265 46.9405
32.1099 50.5208 42.9167
61.7956 6.97612 42.2594
26.2369 51.7237 49.0562
26.0417 47.3958 48.3888
26.0733 52.2424 49.1094
26.0417 52.6042 49.0873
26.7859 51.0082 49.0165
27.0833 49.2001 47.3003
27.7632 49.4475 44.5568
55.6407 25.7812 42.0833
26.1127 52.065 49.1152
51.3573 78.6458 41.6667
26.9301 50.8976 44.408
27.0833 50.7999 44.2792
27.9434 50.5288 49.0778
32.1099 25.7812 42.9167
26.6519 51.131 46.959
26.6519 48.869 46.1007
27.2445 49.284 49.8615
26.0496 52.4226 49.1154
27.5858 49.4082 45.9763
27.4125 49.3535 45.9534
27.5858 50.5918 45.8512
27.2445 49.284 47.3268
49.5514 75.5208 42.0833
26.9301 49.1024 44.6035
51.372 78.6458 42.0833
28.125 50.5208 45.5212
27.2445 50.716 49.0239
26.7859 48.9918 46.0668
32.1099 49.4792 42.9167
27.9434 49.4712 48.4159
26.9301 49.1024 49.9027
26.1127 47.935 47.5688
27.9434 50.5288 44.2327
65.7881 74.2188 42.9167
26.0733 47.7576 47.5859
59.9321 49.4792 42.0833
26.1673 51.8916 49.1211
67.8541 50.5208 42.9167
26.0496 47.5774 48.3981
27.7632 50.5525 44.22
65.7881 25.7812 42.9167
32.1099 74.2188 42.9167
59.0969 46.3542 42.0833
27.5858 49.4082 49.9048
27.5858 49.4082 44.468
27.2445 49.284 47.7564
27.5858 49.4082 44.8859
26.3208 48.4375 50.1701
26.7859 48.9918 49.9129
26.5291 51.265 49.2015
26.5291 48.735 50.2079
27.4125 49.3535 46.3175
27.9434 50.5288 46.6068
26.4184 51.4092 47.1283
26.9301 50.8976 49.5717
27.0833 49.2001 49.9133
59.083 46.3542 41.6667
27.7632 49.4475 49.9157
26.0496 47.5774 47.5658
27.5858 49.4082 47.2119
27.9434 50.5288 48.8936
27.0833 49.2001 45.8011
27.4125 50.6465 44.279
27.2445 50.716 46.8951
26.3208 51.5625 45.3408
58.2653 53.6458 42.0833
26.7859 51.0082 47.0074
26.1127 47.935 48.5688
27.4125 50.6465 46.5779
27.5858 50.5918 46.9939
27.9434 49.4712 44.4805
54.2802 28.9062 41.6667
28.125 50.5208 44.22
26.0733 47.7576 48.5855
27.4125 49.3535 44.4069
50.638 74.2188 42.0833
27.0833 49.2001 47.7913
26.3208 48.4375 47.6486
26.0417 52.6042 47.5445
58.2411 53.6458 41.6667
53.9512 21.3542 41.6667
26.9301 50.8976 47.0752
26.0496 52.4226 47.5583
26.1673 51.8916 47.0321
26.9301 50.8976 45.3987
27.5858 50.5918 44.2071
26.9301 49.1024 45.7671
27.9434 49.4712 49.9267
26.1127 52.065 47.0527
26.9301 50.8976 44.1853
26.6519 51.131 46.5938
27.4125 50.6465 49.7938
26.4184 48.5908 45.9796
27.2445 49.284 45.767
27.4125 49.3535 47.2005
27.2445 50.716 45.3199
27.7632 50.5525 49.8775
26.0733 52.2424 47.5713
51.2473 75.5208 42.0833
26.5291 48.735 45.9527
26.6519 48.869 50.1991
53.9267 21.3542 42.0833
27.0833 50.7999 49.5996
27.4125 49.3535 49.9153
54.2601 28.9062 42.0833
26.2369 51.7237 49.2492
27.4125 49.3535 45.6931
27.7632 50.5525 45.8278
26.7859 48.9918 44.5142
26.2369 48.2763 50.18
26.4184 51.4092 45.3152
26.1673 48.1084 50.1713
26.6519 51.131 45.4177
27.0833 50.7999 45.2377
26.4184 48.5908 50.2171
27.0833 50.7999 47.1118
26.5291 48.735 48.2055
26.3208 51.5625 49.3192
26.0496 47.5774 50.2407
26.1673 48.1084 48.5849
52.1871 24.4792 42.0833
26.4184 51.4092 49.3758
27.2445 49.284 44.3358
26.5291 48.735 49.74
26.0417 47.3958 47.5621
27.2445 49.284 50.051
26.1673 51.8916 47.6822
26.6519 51.131 47.3596
26.1673 51.8916 49.3435
27.4125 50.6465 45.2294
27.0833 50.7999 44.502
27.5858 49.4082 45.6398
26.9301 50.8976 45.1559
27.0833 50.7999 44.0746
27.2445 50.716 47.1779
27.0833 50.7999 50.0114
26.4184 48.5908 49.7065
55.4161 49.4792 42.0833
26.5291 51.265 49.4533
27.9434 49.4712 47.2405
27.0833 50.7999 46.8773
27.4125 50.6465 44.0835
26.0733 52.2424 47.0218
26.2369 51.7237 45.3148
52.0756 74.2188 42.0833
26.9301 49.1024 50.3715
26.6519 48.869 49.7053
27.5858 50.5918 46.5077
26.9301 49.1024 47.7786
26.1127 52.065 47.7079
27.5858 49.4082 44.2763
26.9301 49.1024 44.1523
27.5858 49.4082 46.3284
26.7859 51.0082 47.4038
26.1127 47.935 50.1816
27.0833 49.2001 50.4062
27.7632 49.4475 44.2226
26.3208 48.4375 45.953
26.0733 47.7576 50.2506
26.7859 51.0082 44.1234
27.0833 49.2001 49.7243
27.7632 49.4475 45.5966
27.0833 49.2001 44.1178
26.7859 51.0082 49.6007
26.9301 49.1024 45.039
26.5291 51.265 47.3974
27.9434 50.5288 49.8979
55.3012 50.5208 42.0833
27.7632 50.5525 48.8094
27.4125 49.3535 49.505
27.2445 49.284 45.039
27.5858 50.5918 49.8973
26.5291 51.265 45.2265
27.5858 50.5918 45.1729
26.4184 48.5908 47.7045
27.4125 49.3535 45.0856
26.6519 48.869 45.8663
26.6519 48.869 44.4514
26.0417 52.6042 46.3509
26.3208 51.5625 47.7757
51.9498 25.7812 42.0833
27.7632 49.4475 47.2218
26.5291 51.265 46.5582
27.5858 50.5918 48.7495
26.2369 48.2763 45.9278
26.1673 51.8916 45.2895
26.6519 51.131 49.628
28.125 49.4792 49.9344
27.2445 50.716 50.028
26.7859 48.9918 50.4062
26.7859 48.9918 45.7163
26.7859 51.0082 45.1205
27.4125 50.6465 47.2196
26.0733 47.7576 45.7368
26.7859 51.0082 45.3625
26.7859 51.0082 50.1489
26.9301 49.1024 50.5565
26.5291 48.735 44.4002
27.4125 50.6465 50.0903
26.1127 47.935 45.7179
27.2445 50.716 48.5688
26.1127 52.065 49.407
26.4184 48.5908 44.3559
27.2445 49.284 44.052
53.9304 53.6458 41.6667
26.4184 51.4092 50.3211
27.5858 50.5918 47.2837
27.4125 49.3535 50.5259
26.6519 48.869 48.5273
54.2684 46.3542 42.0833
26.0496 47.5774 48.6591
27.7632 50.5525 47.324
26.7859 48.9918 47.7586
27.7632 49.4475 44.9747
26.9301 49.1024 49.648
26.6519 51.131 48.0444
27.9434 49.4712 45.5554
26.6519 48.869 43.981
27.0833 50.7999 48.5316
53.9104 53.6458 42.0833
27.9434 50.5288 45.0262
27.5858 50.5918 49.6882
26.3208 48.4375 49.6722
26.9301 50.8976 50.1769
26.6519 48.869 45.6307
26.6519 48.869 47.7789
26.2369 48.2763 49.6406
26.9301 50.8976 48.4966
26.1673 48.1084 45.6994
27.2445 49.284 49.4613
27.2445 50.716 44.57
26.6519 51.131 45.0693
26.2369 51.7237 47.7969
26.6519 51.131 50.1797
27.4125 49.3535 44.0082
27.5858 50.5918 50.1624
26.4184 51.4092 47.8007
27.2445 50.716 49.5627
27.5858 50.5918 43.9873
26.6519 51.131 44.0744
26.0733 52.2424 45.2364
26.7859 48.9918 43.9509
26.0417 47.3958 50.2318
27.2445 50.716 44.0089
26.0496 52.4226 45.2324
26.7859 48.9918 49.5917
27.9434 49.4712 44.165
27.7632 50.5525 44.9938
27.7632 49.4475 49.3675
27.2445 49.284 50.5595
26.1127 52.065 45.2404
27.7632 49.4475 46.3425
26.9301 50.8976 43.9725
27.5858 49.4082 50.552
52.7905 75.5208 42.0833
27.4125 50.6465 44.6221
26.2369 51.7237 50.3809
27.4125 50.6465 48.5333
26.5291 48.735 50.6216
26.3208 51.5625 50.3964
54.2504 46.3542 41.6667
27.5858 49.4082 45.1559
27.7632 49.4475 50.5774
27.5858 49.4082 49.3376
27.7632 50.5525 50.2154
27.7632 50.5525 46.4291
26.5291 51.265 50.3399
26.5291 51.265 48.0694
26.0496 52.4226 46.9918
26.7859 48.9918 45.0905
26.6519 48.869 50.6591
26.7859 51.0082 43.8872
26.6519 51.131 50.422
26.9301 49.1024 43.881
27.2445 50.716 47.3644
27.5858 50.5918 50.3517
26.0417 52.6042 45.23
27.9434 50.5288 50.2638
26.2369 48.2763 45.6359
27.9434 50.5288 47.3592
26.6519 48.869 45.1355
27.7632 50.5525 49.6151
26.3208 48.4375 50.7495
26.5291 48.735 43.9433
27.4125 49.3535 50.7107
27.7632 49.4475 43.8008
26.9301 49.1024 48.7215
27.5858 50.5918 48.4671
26.1127 52.065 50.4464
27.9434 49.4712 50.6023
27.9434 49.4712 45.0358
26.5291 51.265 49.7054
27.7632 50.5525 43.9247
26.7859 48.9918 48.757
26.7859 51.0082 48.0697
27.0833 49.2001 50.644
26.5291 51.265 47.745
26.9301 50.8976 48.0326
28.125 49.4792 44.1371
27.0833 49.2001 43.8193
26.5291 48.735 48.9228
27.2445 50.716 45.1169
27.4125 50.6465 50.4087
26.4184 48.5908 50.7797
27.0833 50.7999 50.2572
26.4184 51.4092 48.1251
27.5858 49.4082 43.7673
27.9434 50.5288 43.8751
26.1673 48.1084 49.6104
26.0417 47.3958 45.7264
27.4125 49.3535 49.2579
26.5291 48.735 47.7829
26.1673 51.8916 50.4613
26.7859 51.0082 50.4769
27.9434 49.4712 49.3387
26.0496 47.5774 45.708
52.087 49.4792 42.0833
27.0833 50.7999 48.0005
27.0833 49.2001 48.7621
27.7632 49.4475 45.2313
26.5291 48.735 45.176
26.0733 52.2424 50.4587
27.0833 50.7999 43.8662
27.0833 50.7999 45.0194
27.4125 50.6465 49.4998
26.3208 48.4375 44.3162
51.9224 50.5208 42.0833
26.5291 51.265 44.0324
26.7859 48.9918 50.7176
26.4184 51.4092 50.5178
27.2445 50.716 50.4498
27.9434 49.4712 46.3419
53.561 74.2188 42.0833
27.5858 50.5918 44.6601
27.4125 50.6465 43.8779
27.5858 49.4082 49.1391
26.3208 51.5625 50.6149
26.3208 51.5625 48.1695
27.7632 50.5525 48.4218
26.5291 48.735 50.8625
27.0833 50.7999 50.522
26.4184 48.5908 43.905
26.0496 52.4226 50.471
26.4184 48.5908 45.2132
26.2369 48.2763 44.2801
26.2369 51.7237 50.6772
26.1673 48.1084 44.2466
26.1127 47.935 49.5822
27.4125 50.6465 47.8885
27.2445 49.284 48.7984
26.9301 50.8976 50.567
26.9301 50.8976 44.9286
27.7632 49.4475 50.9643
27.5858 50.5918 50.5422
27.4125 50.6465 45.0156
26.9301 49.1024 50.7994
26.9301 50.8976 43.7619
27.4125 49.3535 43.7064
27.2445 50.716 47.9722
27.9434 50.5288 49.5617
28.125 50.5208 47.3727
26.6519 51.131 50.6119
26.7859 51.0082 48.5337
26.6519 51.131 47.702
26.4184 48.5908 48.9551
27.5858 49.4082 51.0025
27.5858 49.4082 44.0218
27.7632 50.5525 44.6138
26.9301 50.8976 47.4507
26.6519 48.869 48.9626
26.2369 48.2763 50.7778
27.2445 50.716 43.7778
26.1127 47.935 50.8797
26.5291 51.265 50.667
27.5858 50.5918 49.4264
27.4125 49.3535 48.7967
27.2445 49.284 43.6615
27.9434 49.4712 43.758
27.0833 49.2001 49.4046
26.3208 48.4375 45.2478
27.2445 49.284 50.796
26.4184 51.4092 43.9941
26.1673 48.1084 50.9027
27.0833 50.7999 47.4963
26.6519 51.131 43.8135
27.7632 50.5525 50.5893
26.6519 48.869 50.9319
27.5858 50.5918 43.7751
26.7859 51.0082 44.8562
26.9301 49.1024 49.3443
26.6519 51.131 48.5269
27.9434 50.5288 44.6294
26.3208 48.4375 43.8666
27.5858 50.5918 44.9178
26.4184 48.5908 50.9794
26.4184 51.4092 50.7529
27.2445 50.716 50.6454
27.0833 49.2001 43.5786
26.1127 47.935 44.2154
26.7859 51.0082 43.6665
26.0417 52.6042 50.4607
26.3208 51.5625 43.9586
26.2369 48.2763 50.9983
26.5291 51.265 43.7479
26.0496 47.5774 44.1061
27.0833 50.7999 43.6566
27.9434 50.5288 48.388
27.7632 50.5525 43.6893
26.0733 47.7576 50.9055
26.1673 51.8916 50.7435
27.4125 50.6465 50.7071
26.7859 48.9918 50.9986
26.7859 48.9918 49.2847
27.4125 50.6465 43.6691
27.7632 49.4475 49.0756
27.5858 50.5918 47.8754
26.7859 51.0082 47.7367
26.2369 51.7237 48.2115
27.0833 49.2001 50.8831
26.3208 48.4375 48.9912
27.9434 50.5288 50.6366
27.7632 50.5525 47.8729
26.0733 47.7576 49.5579
26.7859 51.0082 50.7033
27.4125 49.3535 51.0545
27.4125 50.6465 47.452
26.0733 47.7576 44.0814
27.2445 49.284 49.1885
26.5291 48.735 45.5829
27.5858 49.4082 48.7515
27.2445 50.716 47.589
27.7632 50.5525 49.3531
27.9434 49.4712 51.0073
26.3208 51.5625 50.8431
26.0496 47.5774 49.5341
26.9301 49.1024 43.5282
26.9301 49.1024 51.069
27.5858 50.5918 50.7876
27.5858 50.5918 43.5647
26.5291 51.265 48.5424
26.1127 52.065 50.7947
26.2369 48.2763 49.0237
27.9434 50.5288 47.8736
27.7632 50.5525 50.8583
26.2369 48.2763 43.8285
26.5291 51.265 50.868
26.0417 47.3958 44.104
27.5858 50.5918 47.5314
26.6519 51.131 43.5797
26.9301 50.8976 50.7942
27.9434 50.5288 43.6152
26.4184 48.5908 45.5964
26.2369 51.7237 43.9254
27.7632 49.4475 48.7326
26.4184 51.4092 43.6881
27.0833 49.2001 49.1223
26.0496 47.5774 50.9299
27.2445 49.284 51.112
26.1673 51.8916 48.2418
26.9301 50.8976 47.7416
27.7632 49.4475 51.151
26.9301 50.8976 43.5519
27.0833 50.7999 50.8493
26.6519 51.131 50.926
26.3208 48.4375 51.0576
27.2445 50.716 43.5594
26.5291 48.735 51.0786
27.9434 49.4712 51.239
26.3208 48.4375 45.6004
27.0833 49.2001 51.1754
26.1127 52.065 43.8147
26.3208 51.5625 43.6327
26.1127 52.065 48.2719
27.0833 50.7999 47.7484
26.9301 50.8976 50.9841
27.2445 50.716 50.9185
27.5858 50.5918 50.9826
27.0833 50.7999 43.4469
26.1673 48.1084 43.7907
27.5858 49.4082 51.2372
27.7632 50.5525 43.469
26.2369 51.7237 50.9233
26.1673 48.1084 49.0599
26.0733 52.2424 50.8407
26.4184 48.5908 51.1865
26.7859 51.0082 43.4516
26.7859 51.0082 51.0378
26.5291 51.265 43.5003
27.9434 50.5288 50.9233
26.4184 51.4092 50.9681
27.7632 50.5525 47.5985
26.7859 48.9918 43.4908
27.4125 50.6465 51.0372
26.6519 48.869 43.4582
27.4125 50.6465 43.4568
26.1127 47.935 43.7534
26.6519 48.869 51.1655
28.125 50.5208 43.5885
26.1673 51.8916 43.7894
26.4184 51.4092 48.5802
26.9301 49.1024 49.0573
26.0733 52.2424 43.7897
26.3208 51.5625 51.0637
26.7859 48.9918 49.0208
27.9434 50.5288 43.3819
26.6519 51.131 51.1393
26.2369 51.7237 43.5809
27.4125 49.3535 51.3122
27.7632 50.5525 51.0785
26.5291 48.735 43.43
26.0733 52.2424 48.2951
26.7859 48.9918 51.2453
26.9301 49.1024 51.3222
26.0733 47.7576 43.7064
27.2445 50.716 51.1356
27.0833 50.7999 51.1884
26.0496 52.4226 48.3172
26.4184 51.4092 43.4267
26.5291 51.265 51.1946
26.1673 51.8916 50.9992
27.5858 50.5918 43.3533
26.9301 50.8976 43.342
26.3208 48.4375 51.2804
26.3208 51.5625 48.6088
26.5291 48.735 51.29
26.0496 52.4226 43.7656
27.7632 49.4475 51.353
27.2445 50.716 43.3456
27.7632 50.5525 43.2536
27.4125 50.6465 43.2437
26.4184 51.4092 51.2585
26.1127 52.065 51.0683
27.0833 49.2001 51.409
26.2369 48.2763 51.3339
27.2445 49.284 51.4602
27.4125 50.6465 51.2439
26.6519 48.869 51.3858
27.5858 50.5918 51.3009
27.9434 49.4712 51.4535
26.0496 47.5774 43.667
26.4184 48.5908 51.3956
27.5858 49.4082 51.4527
26.9301 50.8976 51.2575
26.0417 52.6042 43.7636
26.4184 48.5908 43.4108
26.2369 51.7237 51.153
26.7859 51.0082 51.323
27.9434 50.5288 51.1623
26.3208 48.4375 51.4956
27.2445 50.716 51.3471
26.0417 47.3958 43.6651
26.5291 48.735 51.5002
27.7632 49.4475 51.5607
26.3208 48.4375 43.3917
27.7632 50.5525 51.3657
26.7859 48.9918 51.475
26.6519 51.131 51.3977
26.3208 51.5625 51.3301
26.1673 48.1084 51.3706
27.4125 49.3535 51.5466
26.1673 51.8916 51.2373
26.2369 48.2763 43.3726
26.4184 48.5908 51.6053
27.9434 50.5288 51.4351
26.2369 51.7237 51.4068
27.0833 50.7999 51.4297
27.5858 49.4082 51.6641
27.4125 50.6465 51.4529
26.9301 49.1024 51.5597
26.1127 47.935 51.4032
26.6519 48.869 51.6005
26.5291 51.265 51.4671
26.0733 47.7576 51.4353
27.5858 50.5918 51.5378
26.7859 48.9918 51.6959
26.9301 50.8976 51.5079
26.4184 51.4092 51.5352
26.5291 48.735 51.7102
26.1673 48.1084 43.3537
27.2445 50.716 51.5574
27.0833 49.2001 51.6451
27.4125 50.6465 51.6626
27.2445 49.284 51.7195
26.9301 49.1024 51.7868
26.1127 47.935 43.335
27.7632 50.5525 51.616
26.7859 51.0082 51.5822
27.0833 50.7999 51.6518
26.3208 51.5625 51.6041
27.5858 50.5918 51.7583
26.9301 50.8976 51.7397
27.9434 50.5288 51.6915
26.0733 47.7576 43.3115
27.4125 49.3535 51.7974
26.6519 51.131 51.6567
26.5291 51.265 51.7298
26.0496 47.5774 43.2919
26.4184 51.4092 51.8014
4 640 504 639 0
4 661 78 659 76
4 4 59 3 0
4 645 504 644 0
4 3516 91 95 90
4 3548 754 25 24
4 452 451 16 0
4 639 638 2 0
4 3501 1822 1875 1821
4 3485 659 661 78
4 80 79 32 31
4 730 707 452 16
4 455 451 8 7
4 1918 221 300 0
4 641 504 59 0
4 3548 3516 52 46
4 651 648 647 1
4 3516 95 71 70
4 451 8 16 0
4 3548 52 98 46
4 3632 3485 754 753
4 1722 254 255 77
4 3516 688 739 70
4 452 54 55 0
4 217 212 62 42
4 452 11 451 10
4 3611 455 3492 454
4 77 52 76 51
4 479 453 426 0
4 80 79 30 29
4 63 27 26 0
4 88 63 81 27
4 81 80 28 27
4 239 238 39 38
4 659 453 658 67
4 660 452 451 10
4 83 82 30 29
4 684 681 682 62
4 3492 702 703 648
4 84 29 79 28
4 1765 1758 1704 241
4 3516 95 214 90
4 752 186 751 185
4 658 453 452 67
4 3611 507 455 454
4 3632 78 745 76
4 656 638 643 5
4 80 79 29 28
4 718 12 452 11
4 651 647 640 1
4 655 650 87 3
4 93 48 76 25
4 3516 102 96 91
4 707 17 452 16
4 93 48 92 47
4 1715 96 215 95
4 93 25 76 24
4 93 92 25 24
4 3515 668 669 268
4 654 641 650 3
4 660 455 653 9
4 240 239 38 37
4 656 5 643 4
4 3579 909 3572 858
4 452 12 451 11
4 452 55 58 0
4 3491 808 809 175
4 178 130 177 129
4 3515 726 504 63
4 638 2 0 1
4 93 92 48 25
4 453 77 94 72
4 657 66 452 61
4 3527 134 132 109
4 651 649 648 1
4 650 63 86 3
4 653 455 454 9
4 744 93 76 21
4 452 16 17 0
4 88 85 63 26
4 88 63 27 26
4 3485 661 662 78
4 266 82 63 0
4 658 452 657 66
4 84 79 63 0
4 683 679 681 87
4 452 7 451 6
4 80 79 31 30
4 240 239 40 39
4 283 279 274 249
4 642 4 5 0
4 213 212 56 45
4 63 3 59 0
4 63 26 3 0
4 86 63 26 3
4 639 504 638 0
4 659 77 453 68
4 3515 667 668 268
4 654 642 641 4
4 3548 827 3516 747
4 1704 43 241 42
4 652 2 649 1
4 659 76 77 68
4 3548 827 3485 686
4 678 86 677 63
4 677 87 62 27
4 241 36 221 35
4 80 79 28 27
4 94 77 25 24
4 3632 99 78 76
4 77 76 52 46
4 190 162 189 161
4 240 239 39 38
4 77 76 48 25
4 3491 797 461 460
4 457 319 320 66
4 520 476 490 446
4 77 47 76 46
4 453 452 60 0
4 461 198 149 133
4 94 77 24 23
4 711 53 452 19
4 77 48 76 47
4 319 108 318 107
4 94 77 74 72
4 186 163 185 162
4 94 77 23 22
4 77 76 25 24
4 106 94 23 22
4 1715 238 239 96
4 83 28 27 0
4 94 74 77 20
4 77 76 24 23
4 94 77 22 21
4 77 76 23 22
4 94 77 21 20
4 77 76 22 21
4 323 322 111 107
4 77 76 21 20
4 109 106 25 24
4 77 74 76 20
4 171 165 160 117
4 77 76 74 72
4 240 84 83 37
4 77 76 72 68
4 3491 799 800 751
4 662 78 661 76
4 106 74 94 20
4 659 68 453 67
4 485 484 483 437
4 1712 56 241 45
4 3514 226 231 112
4 3548 25 92 24
4 190 161 189 117
4 3716 1834 3495 1829
4 679 678 87 62
4 452 451 12 6
4 227 226 185 112
4 242 241 39 38
4 656 640 639 5
4 452 13 14 0
4 93 23 76 22
4 660 10 455 9
4 655 86 650 63
4 678 87 677 86
4 3515 83 84 63
4 93 47 92 46
4 93 76 47 46
4 456 453 67 66
4 212 43 62 42
4 3516 213 214 57
4 610 493 522 491
4 84 63 83 0
4 656 640 5 1
4 216 215 42 40
4 84 83 27 0
4 79 27 63 0
4 80 63 79 27
4 81 63 80 27
4 217 216 42 40
4 216 215 40 39
4 216 40 62 39
4 1715 215 240 69
4 86 63 85 26
4 3516 75 96 73
4 83 82 29 28
4 86 85 27 26
4 80 79 33 32
4 81 80 29 28
4 80 79 34 33
4 86 85 28 27
4 80 79 35 34
4 81 80 30 29
4 80 79 36 35
4 3548 93 753 92
4 80 79 37 36
4 81 80 31 30
4 216 215 57 56
4 236 194 228 139
4 81 80 32 31
4 247 243 238 221
4 81 80 33 32
4 81 80 34 33
4 88 81 29 28
4 81 80 35 34
4 217 216 44 43
4 81 80 36 35
4 87 86 26 3
4 81 80 37 36
4 81 80 38 37
4 88 28 85 27
4 240 42 215 40
4 88 27 85 26
4 241 37 221 36
4 227 226 186 185
4 217 42 62 40
4 213 212 45 44
4 295 242 247 221
4 84 83 28 27
4 266 265 29 0
4 84 28 79 27
4 3515 673 83 82
4 83 82 28 0
4 84 27 79 0
4 83 63 82 0
4 84 83 29 28
4 83 82 31 30
4 334 333 120 113
4 83 82 37 36
4 216 215 64 57
4 83 82 32 31
4 83 82 36 35
4 3503 1788 1787 1734
4 83 82 33 32
4 84 30 79 29
4 83 82 35 34
4 84 83 30 29
4 83 82 34 33
4 215 62 87 38
4 217 43 212 42
4 84 31 79 30
4 84 83 31 30
4 84 37 79 36
4 84 83 37 36
4 84 32 79 31
4 84 83 32 31
4 84 36 79 35
4 84 83 36 35
4 84 33 79 32
4 84 83 33 32
4 84 35 79 34
4 84 83 35 34
4 84 34 79 33
4 84 83 34 33
4 4028 3824 2036 2035
4 87 31 62 30
4 88 29 85 28
4 88 81 28 27
4 3492 478 504 455
4 239 238 40 39
4 292 30 268 0
4 86 85 29 28
4 245 195 229 142
4 224 217 212 62
4 86 85 38 37
4 88 81 30 29
4 87 86 30 29
4 88 30 85 29
4 1715 215 217 95
4 88 81 38 37
4 355 345 346 256
4 94 77 48 25
4 86 85 30 29
4 87 30 62 29
4 86 85 37 36
4 695 5 643 1
4 86 85 31 30
4 87 86 29 28
4 86 85 36 35
4 87 86 27 26
4 86 85 32 31
4 87 29 62 28
4 86 85 35 34
4 87 28 62 27
4 86 85 33 32
4 87 86 28 27
4 86 85 34 33
4 87 86 31 30
4 87 32 62 31
4 87 86 32 31
4 87 33 62 32
4 87 86 33 32
4 87 34 62 33
4 87 86 34 33
4 87 35 62 34
4 87 86 35 34
4 87 36 62 35
4 87 86 36 35
4 87 37 62 36
4 87 86 37 36
4 87 38 62 37
4 87 86 38 37
4 266 265 30 29
4 88 38 85 37
4 88 81 31 30
4 88 31 85 30
4 88 81 37 36
4 88 37 85 36
4 88 81 32 31
4 88 32 85 31
4 88 81 36 35
4 88 36 85 35
4 88 81 33 32
4 88 33 85 32
4 88 81 35 34
4 88 35 85 34
4 88 81 34 33
4 88 34 85 33
4 3515 675 676 79
4 216 215 56 45
4 215 86 85 38
4 244 240 84 83
4 246 245 195 194
4 3492 510 504 478
4 266 30 82 29
4 723 641 694 504
4 659 100 77 76
4 93 24 76 23
4 1715 239 215 96
4 455 454 7 0
4 455 451 7 6
4 216 215 45 44
4 695 5 642 4
4 93 92 24 23
4 1715 97 98 96
4 96 71 95 70
4 93 76 48 47
4 3516 687 737 64
4 655 87 650 86
4 650 641 59 3
4 3632 93 99 76
4 1715 242 243 241
4 3515 667 292 291
4 3516 741 740 44
4 93 22 76 21
4 97 70 96 69
4 744 78 663 76
4 96 70 95 69
4 452 14 15 0
4 452 18 13 0
4 679 87 678 86
4 250 248 238 221
4 478 454 455 0
4 3516 96 95 91
4 93 52 76 46
4 93 92 52 46
4 93 76 52 51
4 93 52 92 51
4 93 76 51 50
4 93 51 92 50
4 93 76 50 49
4 93 50 92 49
4 93 76 49 41
4 93 49 92 41
4 93 73 76 41
4 93 92 73 41
4 93 75 76 73
4 93 92 75 73
4 93 76 75 71
4 93 75 92 71
4 93 76 71 70
4 93 71 92 70
4 93 76 70 69
4 93 70 92 69
4 3503 1787 1786 1733
4 1707 38 241 37
4 1715 76 93 69
4 1728 1727 348 255
4 457 320 319 108
4 750 186 461 185
4 225 188 219 118
4 106 94 25 24
4 188 164 187 163
4 106 94 24 23
4 217 216 43 42
4 1493 177 178 131
4 352 236 351 232
4 1720 48 77 47
4 3492 649 644 504
4 453 77 72 68
4 260 233 230 143
4 106 94 22 21
4 106 94 74 72
4 463 61 457 60
4 106 94 21 20
4 323 111 318 107
4 230 144 143 142
4 504 63 59 0
4 216 62 215 39
4 217 45 212 44
4 456 453 61 60
4 98 92 70 69
4 610 594 503 493
4 3516 218 212 62
4 656 639 638 5
4 718 452 12 6
4 97 71 96 70
4 98 70 97 69
4 98 71 97 70
4 652 645 644 2
4 678 677 62 27
4 1715 92 98 69
4 97 75 96 71
4 98 75 97 71
4 2220 2212 2216 1918
4 97 96 75 73
4 98 92 71 70
4 97 96 73 41
4 98 97 75 73
4 3633 453 3589 100
4 97 49 96 41
4 98 92 75 71
4 3516 96 97 49
4 98 75 92 73
4 455 7 454 6
4 98 73 92 41
4 98 97 73 41
4 98 92 49 41
4 98 49 97 41
4 98 92 50 49
4 98 50 97 49
4 3548 3516 690 689
4 98 92 51 50
4 98 51 97 50
4 98 92 48 47
4 98 92 52 51
4 98 52 97 51
4 98 92 47 46
4 98 52 92 46
4 3548 97 3516 96
4 3491 479 506 453
4 678 62 28 27
4 3662 1945 1752 1748
4 452 53 54 0
4 463 457 456 0
4 3514 267 225 141
4 452 15 19 0
4 452 19 53 0
4 3559 205 206 110
4 656 643 654 4
4 654 4 641 3
4 659 78 100 76
4 3516 736 682 62
4 708 452 18 13
4 735 734 682 62
4 452 16 451 8
4 661 72 76 68
4 452 8 451 7
4 706 452 705 15
4 677 86 655 63
4 3491 479 463 457
4 652 649 651 1
4 744 21 76 20
4 3632 754 3548 753
4 452 17 18 0
4 677 655 87 26
4 653 454 646 9
4 678 677 87 62
4 683 679 87 62
4 684 683 681 87
4 658 67 452 66
4 246 245 189 188
4 190 164 169 140
4 190 169 164 163
4 490 448 489 446
4 3491 514 515 462
4 460 185 456 112
4 1716 50 76 49
4 1715 243 1714 238
4 1714 243 242 69
4 3514 267 231 225
4 928 871 927 870
4 215 85 88 38
4 3503 3500 2128 221
4 1065 413 412 390
4 1705 45 241 44
4 1070 930 131 130
4 219 136 185 112
4 335 334 146 123
4 1715 241 238 93
4 1970 1968 1969 1918
4 2141 1742 1794 1741
4 323 111 322 110
4 1715 238 96 93
4 323 318 108 107
4 1713 64 241 57
4 3491 750 815 461
4 226 225 186 185
4 3550 114 119 108
4 1429 1402 1399 912
4 236 228 194 144
4 322 321 149 145
4 784 783 199 193
4 187 162 186 161
4 190 169 163 162
4 322 108 321 107
4 3493 571 532 332
4 243 242 38 37
4 1722 249 251 245
4 3505 776 190 189
4 3537 2522 3252 2468
4 3559 3513 149 145
4 336 335 122 120
4 744 76 663 20
4 109 106 24 23
4 109 106 23 22
4 1064 415 367 363
4 109 106 22 21
4 188 161 187 160
4 109 106 21 20
4 109 74 106 20
4 457 66 320 61
4 1705 241 1704 44
4 1771 1717 1718 77
4 219 186 185 136
4 775 192 774 188
4 198 186 148 133
4 3639 114 108 107
4 167 166 118 117
4 1775 1720 1721 77
4 357 321 148 136
4 1735 241 221 35
4 324 201 232 118
4 235 234 227 112
4 931 913 906 860
4 186 164 185 163
4 322 321 111 107
4 189 164 188 163
4 226 225 185 112
4 336 335 120 113
4 340 338 332 113
4 3589 453 659 100
4 327 321 322 108
4 322 145 132 74
4 1724 255 1723 254
4 1720 77 1719 47
4 1710 76 75 73
4 3616 3600 599 598
4 372 198 201 148
4 1707 39 241 38
4 324 118 232 117
4 400 359 373 151
4 1121 1067 1064 415
4 186 161 185 160
4 836 168 831 164
4 1081 1080 854 851
4 399 319 330 108
4 201 174 173 118
4 1722 109 133 94
4 931 913 914 907
4 571 532 332 331
4 372 371 201 198
4 1725 255 1724 254
4 3537 3252 3199 2468
4 1143 1095 1067 367
4 343 335 336 113
4 236 140 232 117
4 4028 1858 1911 1854
4 4037 3962 3900 3852
4 398 344 353 256
4 274 272 258 249
4 4044 1357 1332 1331
4 1722 94 254 77
4 322 110 145 72
4 452 58 60 0
4 170 169 118 117
4 3491 811 514 462
4 181 126 180 125
4 228 227 186 185
4 186 162 185 161
4 350 190 226 189
4 761 188 760 187
4 169 164 168 140
4 453 106 109 74
4 2361 2360 2357 1951
4 3512 152 155 150
4 180 127 179 126
4 366 336 358 113
4 453 94 106 72
4 225 219 185 112
4 1280 1081 854 851
4 171 170 118 117
4 192 190 191 164
4 1715 93 92 69
4 340 332 333 113
4 456 453 74 72
4 342 341 334 113
4 334 333 122 120
4 1087 1085 1083 853
4 788 129 184 127
4 457 111 323 110
4 1214 1000 1211 999
4 357 321 133 132
4 418 383 411 125
4 3662 1945 1753 1752
4 3493 123 571 122
4 399 329 318 108
4 233 230 143 142
4 345 263 344 259
4 3657 3352 3310 3309
4 335 334 123 122
4 330 319 320 108
4 1307 576 335 334
4 323 110 322 72
4 1072 1071 373 130
4 161 160 159 112
4 338 331 332 113
4 186 185 136 133
4 456 453 72 68
4 260 233 245 229
4 398 349 344 256
4 216 215 65 64
4 530 528 500 499
4 336 335 146 123
4 185 136 133 112
4 3874 3788 3787 3618
4 305 298 304 263
4 163 162 161 112
4 366 358 120 113
4 3503 1783 1730 1729
4 479 478 453 0
4 346 236 228 139
4 4128 4047 3907 3653
4 461 185 460 112
4 653 646 652 2
4 365 321 327 108
4 457 442 453 438
4 3732 298 3714 293
4 3611 478 3492 451
4 338 337 331 113
4 535 534 457 0
4 151 150 126 125
4 243 221 242 37
4 3548 756 48 25
4 243 38 238 37
4 175 167 118 117
4 3513 149 200 148
4 336 335 123 122
4 457 453 442 441
4 3572 1396 1388 912
4 171 140 170 117
4 1074 362 411 339
4 178 129 177 127
4 784 193 200 168
4 3559 210 205 110
4 178 131 177 130
4 479 453 457 427
4 337 326 325 113
4 3513 372 202 148
4 350 232 140 117
4 181 127 180 126
4 151 150 127 126
4 244 240 215 62
4 351 219 350 136
4 179 178 177 125
4 457 453 440 438
4 3572 3474 3469 3467
4 322 111 321 110
4 456 453 66 61
4 519 486 485 444
4 1434 1404 1431 912
4 3892 608 3769 585
4 260 230 233 229
4 3639 3476 457 114
4 246 245 194 191
4 3491 463 479 456
4 351 188 225 118
4 1706 37 241 36
4 1722 106 109 94
4 456 453 133 132
4 225 219 187 186
4 1722 1721 132 109
4 132 109 24 23
4 132 109 23 22
4 345 344 263 253
4 132 109 22 21
4 132 109 21 20
4 371 351 225 118
4 132 74 109 20
4 1722 1721 109 106
4 228 194 191 139
4 1723 252 1722 251
4 1711 76 1710 73
4 1719 77 1718 46
4 366 343 336 113
4 133 132 24 23
4 133 132 23 22
4 133 132 22 21
4 380 289 232 200
4 357 136 351 133
4 3633 453 100 77
4 217 62 216 40
4 3527 134 135 132
4 3766 1121 1122 396
4 1717 77 76 51
4 3503 1731 34 33
4 1719 47 77 46
4 345 257 344 253
4 351 133 23 22
4 571 122 333 120
4 228 227 188 187
4 3514 136 219 112
4 321 74 132 20
4 187 164 186 163
4 171 118 165 117
4 517 472 473 435
4 225 219 186 185
4 1775 1774 1720 77
4 190 164 189 163
4 456 453 68 67
4 3503 1784 1731 1730
4 893 888 870 859
4 3513 372 371 202
4 190 164 140 139
4 266 28 82 0
4 171 160 161 117
4 611 492 491 449
4 201 198 187 148
4 191 164 190 139
4 3552 302 296 255
4 224 223 216 62
4 3504 197 144 143
4 186 136 148 133
4 518 517 473 436
4 352 145 351 110
4 1735 36 241 35
4 457 318 323 111
4 166 165 118 117
4 460 185 186 133
4 187 148 186 136
4 346 228 227 191
4 357 133 22 21
4 1133 385 1124 339
4 4019 3573 3731 3528
4 343 342 335 113
4 3473 1138 1131 893
4 3512 374 375 125
4 1712 57 241 56
4 1076 1070 908 907
4 371 199 324 198
4 357 321 132 20
4 3461 2557 2608 2554
4 571 532 331 0
4 3503 1783 1784 1730
4 3513 380 377 324
4 240 38 80 37
4 3458 2621 2620 2568
4 178 126 177 125
4 223 215 216 62
4 1711 76 73 41
4 1717 76 1716 50
4 322 145 74 72
4 219 187 201 118
4 219 201 187 148
4 350 225 346 219
4 351 225 350 219
4 3632 745 746 93
4 344 259 263 249
4 1072 860 130 129
4 610 590 592 493
4 344 263 252 251
4 344 263 251 249
4 322 145 149 132
4 1715 70 76 69
4 1291 1280 978 0
4 457 323 318 68
4 457 318 319 67
4 4356 4325 4332 3486
4 463 456 61 60
4 457 325 320 108
4 930 914 910 860
4 330 320 326 108
4 1083 969 968 912
4 1064 413 415 363
4 357 132 21 20
4 373 359 358 151
4 342 334 335 113
4 350 324 232 117
4 1722 251 254 245
4 3839 1903 1902 1849
4 1493 911 931 860
4 933 904 154 153
4 420 412 385 384
4 914 181 913 153
4 420 384 419 339
4 759 150 576 127
4 376 375 131 130
4 400 374 373 359
4 324 232 201 198
4 335 334 122 120
4 178 127 177 126
4 187 160 186 159
4 373 151 129 127
4 519 447 475 444
4 456 453 132 109
4 1307 1293 1296 538
4 461 460 456 112
4 239 238 42 40
4 3527 116 109 106
4 1307 907 908 881
4 185 159 160 112
4 194 192 191 139
4 167 159 166 117
4 4265 4145 4075 4066
4 193 164 192 139
4 3639 206 207 107
4 322 132 321 74
4 185 160 161 112
4 783 778 198 193
4 187 163 186 162
4 170 140 169 117
4 316 260 200 199
4 4365 4363 3486 1544
4 246 195 245 142
4 463 60 457 0
4 169 140 168 117
4 457 68 318 67
4 770 461 453 112
4 168 140 164 139
4 322 149 133 132
4 180 126 179 125
4 453 452 61 60
4 192 185 186 164
4 185 161 162 112
4 179 127 178 126
4 3491 509 456 453
4 457 320 325 61
4 193 139 192 138
4 3714 293 306 281
4 541 453 540 0
4 201 173 172 118
4 3633 100 101 77
4 1092 1091 1073 1066
4 199 149 198 148
4 166 159 160 117
4 166 160 165 117
4 904 156 886 154
4 219 187 186 136
4 280 260 259 233
4 192 164 191 139
4 3839 1902 1901 1848
4 3527 135 133 132
4 1491 908 1490 905
4 193 168 164 139
4 229 228 186 185
4 457 440 453 439
4 179 126 178 125
4 479 457 428 425
4 457 108 319 107
4 228 227 185 112
4 187 161 186 160
4 3514 132 453 109
4 192 185 164 112
4 194 192 139 138
4 457 427 453 426
4 3505 782 273 142
4 419 339 129 127
4 169 168 118 117
4 242 221 241 37
4 752 751 461 112
4 3513 377 371 324
4 236 230 228 144
4 1143 1100 1094 1093
4 3654 3570 3580 3522
4 179 129 178 127
4 179 130 178 129
4 237 228 229 112
4 911 908 910 905
4 4357 848 4334 847
4 179 131 178 130
4 182 126 181 125
4 182 127 181 126
4 183 126 182 125
4 180 129 179 127
4 180 130 179 129
4 183 127 182 126
4 914 910 908 905
4 3555 273 275 271
4 180 131 179 130
4 1495 177 1494 131
4 457 319 318 107
4 610 587 590 491
4 183 182 181 125
4 1076 933 1075 154
4 181 129 180 127
4 181 130 180 129
4 478 451 452 0
4 1280 332 1082 331
4 184 126 183 125
4 181 131 180 130
4 181 153 180 131
4 184 127 183 126
4 1307 1306 1279 1277
4 1306 907 881 127
4 383 382 376 125
4 3550 531 535 457
4 183 180 179 125
4 182 129 181 127
4 182 130 181 129
4 183 181 180 125
4 3545 602 583 556
4 1121 1120 416 415
4 182 131 181 130
4 182 153 181 131
4 3506 793 794 156
4 4156 3748 3738 3708
4 183 129 182 127
4 183 130 182 129
4 457 61 325 0
4 1150 1119 1118 1066
4 183 131 182 130
4 183 153 182 131
4 418 411 339 125
4 1120 422 415 413
4 412 385 384 339
4 479 453 427 426
4 1147 1097 1106 1075
4 184 129 183 127
4 184 130 183 129
4 3641 2300 3562 2248
4 184 131 183 130
4 184 153 183 131
4 188 163 187 162
4 219 188 187 118
4 185 162 163 112
4 453 106 74 72
4 185 163 164 112
4 186 160 185 159
4 3505 775 776 189
4 200 149 199 148
4 188 162 187 161
4 188 160 187 159
4 198 148 149 133
4 457 453 456 0
4 751 186 750 185
4 3559 149 204 145
4 306 298 305 263
4 189 163 188 162
4 337 325 331 113
4 236 230 140 117
4 762 167 761 117
4 3514 225 226 112
4 198 186 187 148
4 3491 173 758 172
4 190 163 189 162
4 189 162 188 161
4 219 148 187 136
4 758 188 757 187
4 3491 801 802 757
4 760 188 758 187
4 758 186 757 185
4 757 187 752 186
4 189 161 160 117
4 189 160 159 117
4 189 160 188 159
4 189 161 188 160
4 762 189 159 117
4 761 167 175 117
4 762 761 189 117
4 762 189 188 159
4 190 169 170 140
4 190 170 169 162
4 190 170 162 161
4 190 140 171 117
4 190 171 161 117
4 190 170 171 140
4 190 171 170 161
4 280 245 260 233
4 237 235 228 112
4 521 477 450 448
4 192 186 187 164
4 192 187 188 164
4 3505 776 779 190
4 192 188 189 164
4 192 189 190 164
4 236 140 230 139
4 770 161 461 112
4 3505 780 781 194
4 457 67 319 66
4 193 140 168 139
4 235 227 228 112
4 193 118 168 117
4 193 168 140 117
4 302 264 296 254
4 372 371 351 219
4 236 194 139 138
4 3569 285 286 233
4 228 195 194 144
4 335 334 120 113
4 3504 233 286 143
4 357 132 133 21
4 833 831 830 163
4 3505 3504 834 192
4 506 479 478 453
4 371 225 219 118
4 1722 1721 94 77
4 3504 196 197 143
4 3505 192 194 138
4 1713 241 1712 57
4 201 172 176 118
4 843 201 198 193
4 810 198 462 149
4 3522 392 393 386
4 199 193 198 168
4 201 198 176 172
4 201 173 198 172
4 200 193 199 168
4 460 456 185 133
4 199 198 169 168
4 201 174 198 173
4 3548 92 753 24
4 245 229 195 194
4 813 750 751 187
4 199 198 170 169
4 199 198 171 170
4 272 271 249 245
4 199 171 198 165
4 230 229 228 144
4 230 229 144 142
4 199 198 166 165
4 199 198 167 166
4 328 323 318 108
4 199 198 175 167
4 200 169 171 168
4 199 198 173 172
4 199 198 174 173
4 200 199 169 168
4 199 176 198 172
4 199 198 176 175
4 200 170 171 169
4 200 199 170 169
4 200 199 171 170
4 200 167 171 165
4 200 171 199 165
4 200 172 174 167
4 200 166 167 165
4 200 199 166 165
4 200 199 167 166
4 200 175 172 167
4 200 199 175 167
4 200 173 174 172
4 200 199 173 172
4 200 199 174 173
4 200 175 176 172
4 200 176 199 172
4 200 199 176 175
4 201 176 175 118
4 201 176 198 175
4 201 168 193 118
4 201 198 193 168
4 201 175 167 118
4 201 175 198 167
4 201 169 168 118
4 201 169 198 168
4 201 167 166 118
4 201 167 198 166
4 201 170 169 118
4 201 170 198 169
4 201 166 165 118
4 201 166 198 165
4 201 171 170 118
4 201 171 198 170
4 201 165 171 118
4 201 198 171 165
4 457 453 441 426
4 322 149 321 133
4 316 140 260 117
4 813 198 201 174
4 815 750 813 187
4 3513 457 145 110
4 3513 3476 784 457
4 520 519 475 445
4 357 149 321 145
4 462 149 145 132
4 453 438 442 0
4 326 325 113 108
4 345 344 257 256
4 3639 3559 206 111
4 3504 193 140 117
4 236 232 140 139
4 3504 211 777 117
4 3569 286 3504 233
4 3513 200 372 148
4 3716 410 414 369
4 224 212 218 62
4 215 39 62 38
4 216 215 43 42
4 216 215 44 43
4 215 87 86 38
4 240 56 215 45
4 266 29 28 0
4 3555 277 278 274
4 240 79 84 37
4 240 215 88 38
4 239 238 38 37
4 213 212 44 43
4 3516 689 688 71
4 213 212 57 56
4 745 744 93 76
4 213 212 64 57
4 709 704 452 13
4 213 212 65 64
4 213 212 69 65
4 214 213 64 57
4 214 213 65 64
4 1715 97 96 69
4 1715 241 243 238
4 3516 738 687 65
4 214 213 69 65
4 217 216 45 44
4 216 215 69 65
4 217 44 212 43
4 217 56 212 45
4 217 216 56 45
4 1715 96 95 69
4 217 69 212 65
4 217 216 69 65
4 217 57 212 56
4 217 216 57 56
4 217 65 212 64
4 217 216 65 64
4 217 64 212 57
4 217 216 64 57
4 517 436 481 435
4 225 219 188 187
4 1723 255 1722 254
4 1725 254 1724 252
4 229 195 228 144
4 226 225 188 187
4 1717 51 76 50
4 371 324 351 118
4 1720 94 77 48
4 229 228 185 112
4 357 321 136 133
4 357 133 351 22
4 356 346 350 256
4 326 320 325 108
4 3516 95 96 71
4 3516 213 44 43
4 240 83 82 37
4 3503 1918 1734 1733
4 242 241 38 37
4 266 240 244 82
4 240 39 215 38
4 240 40 215 39
4 239 221 238 37
4 269 268 30 0
4 221 33 32 0
4 221 32 31 0
4 266 63 265 0
4 3515 292 667 268
4 3515 269 270 0
4 248 247 238 221
4 1709 71 76 70
4 244 84 240 79
4 244 240 81 80
4 239 238 69 65
4 270 29 265 0
4 3515 664 270 269
4 680 679 678 86
4 240 239 42 40
4 223 222 215 62
4 224 216 217 62
4 3781 311 313 305
4 226 225 187 186
4 1722 1721 106 94
4 346 345 260 259
4 346 230 345 229
4 3555 280 3505 272
4 1735 1706 241 36
4 346 227 345 226
4 346 232 236 139
4 358 336 151 150
4 371 324 201 198
4 229 195 144 142
4 346 229 345 228
4 350 219 346 136
4 3503 34 221 33
4 372 371 219 118
4 1722 133 254 94
4 227 226 187 186
4 227 226 188 187
4 228 227 191 190
4 351 118 324 117
4 535 457 531 0
4 228 227 187 186
4 3493 122 571 120
4 227 226 189 188
4 227 226 190 189
4 260 230 144 143
4 1715 241 93 76
4 350 226 346 225
4 341 340 333 113
4 245 229 194 191
4 324 199 232 198
4 229 228 195 194
4 302 254 257 252
4 228 227 189 188
4 228 227 190 189
4 1714 65 241 64
4 1709 75 76 71
4 3492 478 455 451
4 1715 1709 76 70
4 3527 106 453 94
4 356 350 260 259
4 324 200 232 199
4 229 228 187 186
4 229 228 188 187
4 3662 1945 1754 1753
4 229 228 189 188
4 229 228 190 189
4 229 228 191 190
4 229 228 194 191
4 322 133 321 132
4 3514 231 226 225
4 352 351 111 110
4 1708 40 241 39
4 236 139 230 138
4 236 144 194 138
4 236 230 144 138
4 351 236 350 232
4 351 350 324 232
4 321 149 148 133
4 351 133 350 23
4 1731 35 221 34
4 236 118 230 117
4 3967 3961 3616 597
4 1780 1779 1725 255
4 233 229 230 142
4 835 833 834 164
4 234 226 227 112
4 234 231 226 112
4 246 245 185 112
4 3505 781 782 142
4 236 232 118 117
4 236 201 230 118
4 236 232 201 118
4 236 230 201 198
4 236 201 232 198
4 236 199 230 198
4 236 232 199 198
4 236 200 230 199
4 236 232 200 199
4 316 260 230 200
4 312 230 236 200
4 346 228 191 139
4 372 201 219 148
4 479 432 457 431
4 246 237 229 112
4 245 229 191 190
4 250 238 239 221
4 243 238 221 37
4 244 87 240 62
4 453 452 67 66
4 3619 306 313 282
4 1979 1918 1944 1746
4 240 80 79 37
4 243 39 238 38
4 240 43 215 42
4 239 238 43 42
4 240 215 87 86
4 239 238 65 64
4 240 81 80 38
4 244 240 80 79
4 240 88 215 85
4 239 238 44 43
4 240 239 56 45
4 239 238 64 57
4 240 88 81 38
4 240 239 43 42
4 239 238 45 44
4 244 240 83 82
4 239 238 57 56
4 244 240 87 86
4 240 44 215 43
4 240 239 45 44
4 239 238 56 45
4 240 239 44 43
4 240 215 86 85
4 240 45 215 44
4 240 57 215 56
4 240 239 57 56
4 240 87 215 62
4 244 215 222 62
4 240 64 215 57
4 240 239 64 57
4 240 65 215 64
4 240 239 65 64
4 240 69 215 65
4 240 239 69 65
4 1715 239 240 215
4 1718 77 52 46
4 1704 44 241 43
4 3732 301 303 298
4 1707 241 1706 37
4 1704 241 1703 42
4 3490 505 506 478
4 242 241 42 40
4 247 242 243 221
4 242 241 40 39
4 1712 241 1705 45
4 1765 1704 1705 241
4 243 242 39 38
4 242 241 43 42
4 243 242 40 39
4 242 241 44 43
4 336 335 150 146
4 242 241 45 44
4 243 242 42 40
4 242 241 56 45
4 1715 1714 242 241
4 242 241 57 56
4 243 42 238 40
4 242 241 64 57
4 242 241 65 64
4 243 40 238 39
4 242 241 69 65
4 243 43 238 42
4 243 242 43 42
4 243 69 238 65
4 243 242 69 65
4 243 44 238 43
4 243 242 44 43
4 243 65 238 64
4 243 242 65 64
4 243 45 238 44
4 243 242 45 44
4 243 64 238 57
4 243 242 64 57
4 243 56 238 45
4 243 242 56 45
4 243 57 238 56
4 243 242 57 56
4 244 240 86 85
4 244 240 88 81
4 681 679 680 86
4 681 87 679 86
4 244 88 240 85
4 245 229 190 189
4 1715 93 98 92
4 245 229 189 188
4 246 229 245 112
4 350 190 189 117
4 245 229 188 187
4 3552 3502 1813 1812
4 333 332 120 113
4 245 229 187 186
4 3514 219 225 112
4 245 229 186 185
4 246 245 190 189
4 245 229 185 112
4 246 245 191 190
4 246 245 186 185
4 770 164 163 112
4 246 245 188 187
4 835 192 193 164
4 246 245 187 186
4 3503 1730 33 0
4 3503 221 1918 0
4 352 350 351 236
4 571 123 334 122
4 372 357 351 148
4 1762 1714 1715 241
4 323 108 322 107
4 810 457 463 200
4 1721 1720 94 77
4 3493 571 536 533
4 272 271 245 233
4 3574 1289 1312 1286
4 316 233 260 143
4 400 366 358 120
4 371 201 324 118
4 404 360 387 359
4 3503 1730 1731 33
4 374 373 130 129
4 322 321 145 110
4 542 457 537 0
4 304 257 302 255
4 3505 194 195 144
4 831 830 163 162
4 260 230 201 118
4 314 283 282 259
4 3555 281 282 278
4 329 328 318 108
4 271 229 233 142
4 272 271 258 249
4 260 144 230 138
4 479 457 432 428
4 1715 98 97 69
4 328 327 322 108
4 3619 3569 835 834
4 260 230 139 138
4 316 144 260 138
4 314 280 279 259
4 260 230 140 139
4 316 260 201 118
4 316 260 144 143
4 316 260 199 198
4 260 140 230 117
4 260 230 118 117
4 316 259 260 233
4 316 201 260 198
4 260 201 230 198
4 260 230 199 198
4 260 230 200 199
4 317 316 230 200
4 783 198 199 193
4 317 230 312 200
4 3552 835 834 303
4 456 453 60 0
4 314 282 306 259
4 3505 143 144 142
4 352 111 351 107
4 3574 1312 1287 1286
4 291 31 30 0
4 266 265 31 30
4 3515 292 268 0
4 3515 666 89 82
4 291 221 31 0
4 265 239 240 37
4 3515 266 82 63
4 266 29 82 28
4 266 31 82 30
4 266 265 32 31
4 3515 669 664 269
4 266 32 82 31
4 292 291 30 0
4 266 240 82 37
4 266 265 240 37
4 266 244 240 239
4 266 240 265 239
4 266 250 244 239
4 266 265 250 239
4 266 33 82 32
4 266 265 33 32
4 266 37 82 36
4 266 265 37 36
4 266 34 82 33
4 266 265 34 33
4 266 36 82 35
4 266 265 36 35
4 266 35 82 34
4 266 265 35 34
4 478 455 451 0
4 270 269 30 0
4 269 268 31 30
4 291 221 32 31
4 270 30 29 0
4 420 412 390 389
4 291 250 239 221
4 3515 270 664 265
4 292 31 268 30
4 269 268 32 31
4 270 30 265 29
4 269 268 250 239
4 270 31 265 30
4 269 268 33 32
4 269 268 239 37
4 270 250 265 239
4 269 268 34 33
4 270 269 31 30
4 269 268 37 36
4 270 32 265 31
4 269 268 35 34
4 270 269 250 239
4 269 268 36 35
4 270 269 32 31
4 270 239 265 37
4 270 269 239 37
4 270 33 265 32
4 270 269 33 32
4 270 37 265 36
4 270 269 37 36
4 270 34 265 33
4 270 269 34 33
4 270 36 265 35
4 270 269 36 35
4 270 35 265 34
4 270 269 35 34
4 271 245 229 142
4 271 245 233 229
4 271 258 249 245
4 271 246 245 142
4 271 246 258 245
4 282 278 281 249
4 280 272 245 233
4 302 255 257 254
4 770 192 164 112
4 3514 141 219 136
4 3504 144 197 138
4 283 274 278 249
4 3505 273 271 142
4 1075 1074 387 156
4 274 249 260 245
4 274 272 249 245
4 304 256 257 255
4 328 322 323 108
4 3505 3504 144 143
4 3504 140 211 117
4 280 260 279 259
4 519 475 445 444
4 4364 576 4360 551
4 3569 283 290 279
4 3619 3555 3569 834
4 302 296 255 254
4 3491 3490 506 479
4 3552 304 315 302
4 278 274 258 249
4 1487 1434 1483 1407
4 279 259 260 249
4 279 260 274 249
4 280 274 279 260
4 306 259 282 249
4 3505 271 233 142
4 280 272 274 245
4 280 274 260 245
4 281 278 258 249
4 302 262 264 252
4 399 318 319 108
4 3555 276 277 274
4 304 302 257 253
4 306 251 263 249
4 304 298 302 263
4 3555 282 283 278
4 283 259 279 249
4 283 278 282 249
4 283 282 259 249
4 487 485 483 437
4 3781 3619 3732 298
4 3505 144 195 142
4 3555 276 274 272
4 3555 283 279 274
4 3504 209 211 139
4 306 282 281 249
4 306 281 293 249
4 1726 255 1725 254
4 302 264 254 252
4 306 293 251 249
4 842 193 777 117
4 1711 49 76 41
4 3732 3714 3619 834
4 3555 3505 273 271
4 291 221 33 32
4 292 291 31 30
4 291 221 239 37
4 723 641 504 59
4 291 221 34 33
4 521 489 490 448
4 291 221 37 36
4 292 32 268 31
4 291 221 35 34
4 292 291 32 31
4 291 221 36 35
4 292 250 268 239
4 292 291 250 239
4 292 33 268 32
4 292 291 33 32
4 292 239 268 37
4 292 291 239 37
4 292 34 268 33
4 292 291 34 33
4 292 37 268 36
4 292 291 37 36
4 292 35 268 34
4 292 291 35 34
4 292 36 268 35
4 292 291 36 35
4 302 262 252 251
4 306 263 259 249
4 306 263 305 259
4 314 279 283 259
4 3586 2527 2119 2118
4 293 281 258 249
4 295 241 242 221
4 295 294 241 221
4 3515 665 666 265
4 3515 265 63 0
4 3515 669 269 268
4 302 261 262 251
4 306 293 298 251
4 3505 780 194 191
4 298 251 293 249
4 479 463 457 456
4 298 293 258 249
4 306 298 263 251
4 3160 1484 1702 1276
4 3590 1428 1451 1400
4 757 188 752 187
4 3516 736 740 682
4 3505 779 191 190
4 302 257 253 252
4 517 473 436 435
4 3662 2236 3536 1936
4 3491 506 509 453
4 726 504 63 59
4 3491 511 479 457
4 1722 252 254 251
4 302 253 263 252
4 302 252 263 251
4 302 263 298 251
4 302 261 251 249
4 302 251 298 249
4 302 258 261 249
4 302 298 258 249
4 1631 1507 951 920
4 2181 726 504 300
4 3611 505 452 451
4 304 263 302 253
4 305 263 304 259
4 310 304 263 259
4 3619 3569 3555 282
4 314 306 305 259
4 3732 301 298 293
4 308 304 257 253
4 308 257 304 256
4 308 304 307 256
4 309 304 308 253
4 314 280 259 233
4 316 260 140 139
4 316 260 118 117
4 316 314 259 233
4 3503 1789 1788 1736
4 344 263 253 252
4 310 263 304 253
4 310 304 309 253
4 312 236 232 200
4 312 232 289 200
4 321 148 136 133
4 3781 315 311 304
4 3619 290 3569 283
4 3619 283 3569 282
4 3714 282 3555 281
4 3781 311 305 304
4 314 305 304 259
4 314 304 310 259
4 519 487 447 444
4 341 333 334 113
4 316 260 139 138
4 1717 52 77 51
4 3513 380 324 200
4 351 136 350 133
4 1722 229 254 133
4 346 228 345 227
4 1720 94 48 25
4 350 236 346 232
4 346 236 230 228
4 346 260 345 230
4 345 260 259 249
4 345 259 344 249
4 345 230 260 229
4 346 230 229 228
4 345 229 344 228
4 345 260 249 245
4 345 249 344 245
4 345 260 245 229
4 345 245 344 229
4 352 351 149 148
4 346 263 345 259
4 357 351 149 145
4 346 345 263 253
4 351 188 118 117
4 346 257 345 253
4 351 324 350 117
4 346 345 257 256
4 1714 69 241 65
4 1756 1708 1703 241
4 2018 2017 1999 1963
4 1772 1711 1769 76
4 1716 76 1711 49
4 3503 1918 1736 1734
4 520 490 488 446
4 1776 1721 1722 77
4 4028 1861 1914 1860
4 3552 1813 1815 1812
4 354 353 344 256
4 364 357 108 107
4 356 355 346 256
4 349 257 344 256
4 349 257 256 255
4 349 256 348 255
4 349 344 251 249
4 3428 2140 2203 2139
4 349 257 255 254
4 349 255 348 254
4 349 257 254 252
4 349 344 252 251
4 349 253 257 252
4 349 344 253 252
4 349 344 257 253
4 350 346 236 230
4 350 140 190 117
4 350 140 232 139
4 350 232 346 139
4 350 227 226 190
4 350 227 346 226
4 350 260 346 230
4 350 190 140 139
4 350 191 227 190
4 350 346 227 191
4 350 346 260 259
4 350 191 190 139
4 350 346 191 139
4 350 263 346 259
4 356 260 350 230
4 350 346 263 253
4 350 257 346 253
4 357 219 351 136
4 3491 456 479 453
4 350 346 257 256
4 351 226 225 188
4 351 226 350 225
4 352 149 351 145
4 356 257 350 253
4 351 189 188 117
4 351 350 189 117
4 351 189 226 188
4 351 350 226 189
4 354 344 345 256
4 357 149 351 148
4 371 352 351 324
4 352 351 324 232
4 357 148 219 136
4 355 354 345 256
4 364 352 351 107
4 364 351 357 107
4 357 321 149 148
4 356 263 350 259
4 356 350 263 253
4 356 350 257 256
4 356 350 236 230
4 356 350 352 236
4 357 321 108 107
4 364 357 321 108
4 357 145 321 110
4 357 351 145 110
4 365 364 321 108
4 357 111 321 107
4 357 351 111 107
4 357 321 111 110
4 357 111 351 110
4 358 336 150 146
4 358 336 146 123
4 1498 1306 1288 1283
4 358 336 123 122
4 358 336 122 120
4 1066 412 362 339
4 358 336 120 113
4 3522 392 386 385
4 359 358 151 150
4 519 485 487 444
4 375 374 130 129
4 359 358 150 146
4 359 358 146 123
4 359 358 123 122
4 359 358 122 120
4 400 376 375 359
4 400 359 122 120
4 387 376 154 153
4 411 362 361 339
4 376 375 360 131
4 376 360 375 359
4 4013 3954 3931 3914
4 1120 422 423 415
4 3469 1291 1082 1077
4 1427 1423 959 891
4 411 384 339 158
4 411 361 387 360
4 387 361 376 360
4 1071 908 1070 907
4 3454 1275 2683 1004
4 1119 1118 1066 388
4 3491 807 824 761
4 695 643 504 0
4 400 359 123 122
4 413 396 412 390
4 398 348 349 256
4 3449 3448 1334 1333
4 613 521 612 491
4 4128 3744 1127 1126
4 371 225 351 219
4 372 219 357 148
4 372 219 201 118
4 372 201 371 118
4 372 199 198 148
4 372 351 357 219
4 371 200 324 199
4 380 232 324 200
4 372 199 371 198
4 372 351 352 148
4 372 371 352 351
4 372 200 199 148
4 372 200 371 199
4 373 151 127 126
4 375 374 359 130
4 373 151 126 125
4 924 888 923 870
4 374 373 129 127
4 1143 1094 1095 367
4 412 386 385 339
4 374 373 127 126
4 411 157 339 156
4 3527 116 134 109
4 375 374 129 127
4 374 373 126 125
4 411 158 339 157
4 411 360 404 339
4 375 374 127 126
4 3839 3662 3775 3621
4 376 375 130 129
4 375 374 126 125
4 400 358 359 120
4 400 375 374 359
4 1703 42 241 40
4 376 375 129 127
4 1121 416 1067 415
4 376 375 127 126
4 387 376 153 131
4 376 375 126 125
4 3491 176 760 175
4 400 387 376 359
4 3515 504 300 0
4 3515 297 291 221
4 500 499 495 494
4 3513 457 200 149
4 3527 135 3514 133
4 3527 132 3514 109
4 3491 463 515 457
4 404 387 400 359
4 3839 2026 2021 1850
4 3512 150 3493 146
4 3512 155 151 150
4 910 179 180 131
4 382 375 376 125
4 382 381 375 125
4 1434 1407 1404 912
4 786 184 785 125
4 420 412 396 390
4 1496 765 1492 130
4 4036 1337 3910 1336
4 1308 1290 533 532
4 1084 1083 968 912
4 3447 923 1450 912
4 1308 1290 1291 1280
4 3945 3927 3748 3738
4 3473 912 888 859
4 1512 1508 944 941
4 411 361 360 339
4 1079 963 969 912
4 927 926 925 859
4 3447 1476 1479 923
4 906 182 183 153
4 966 868 959 867
4 1074 931 1073 860
4 1495 1490 768 130
4 1498 553 763 552
4 1076 908 1075 907
4 1122 396 1065 390
4 1134 1073 1074 339
4 3451 1360 1361 1335
4 1072 1071 908 905
4 1160 1082 1077 852
4 4168 1350 1377 1348
4 1069 881 150 146
4 1157 1077 1078 852
4 1307 335 576 146
4 1146 1097 1065 1064
4 457 318 111 107
4 3514 225 219 141
4 387 360 376 359
4 3801 3033 3038 3019
4 411 156 339 154
4 387 376 131 130
4 1076 931 1070 907
4 387 383 376 125
4 387 376 130 129
4 411 387 404 360
4 387 376 126 125
4 387 376 129 127
4 411 387 156 154
4 387 376 127 126
4 1252 1196 932 874
4 1076 934 933 153
4 1092 1067 1091 1064
4 420 412 388 386
4 3858 3477 3549 3439
4 3447 1435 1476 912
4 1306 549 759 548
4 1076 154 376 153
4 3586 3541 2527 2476
4 3534 3435 3434 1592
4 934 906 930 904
4 1076 934 1075 933
4 1075 886 1074 156
4 923 888 912 859
4 1075 1074 908 905
4 1498 931 907 127
4 1070 360 375 131
4 3463 3462 1834 1833
4 934 910 914 153
4 453 441 426 0
4 1076 1075 931 907
4 3506 153 184 131
4 1076 934 153 131
4 1147 1106 1076 1075
4 914 906 910 905
4 490 476 477 446
4 1143 368 1094 367
4 1210 1113 1186 1111
4 1070 131 375 130
4 790 184 789 130
4 3647 3523 2392 2353
4 420 412 386 385
4 4170 4138 4050 3486
4 610 593 594 493
4 3461 2558 2557 1829
4 810 200 462 199
4 479 427 457 425
4 751 187 750 186
4 3714 287 299 281
4 520 475 476 445
4 3550 429 427 426
4 840 832 170 161
4 3491 515 463 462
4 3572 3469 3474 878
4 1308 1080 1307 878
4 1121 413 1065 396
4 1132 1074 886 156
4 1496 764 765 129
4 1075 387 376 154
4 3574 1314 1315 1283
4 400 359 146 123
4 400 359 151 150
4 400 359 150 146
4 403 348 398 256
4 456 109 132 74
4 402 401 347 256
4 3574 1312 1313 1287
4 403 347 348 256
4 403 402 347 256
4 3590 1485 1454 1451
4 412 361 362 339
4 456 453 109 74
4 3861 3640 3618 3470
4 479 456 457 453
4 3566 956 952 867
4 3563 3418 3366 2951
4 419 339 158 157
4 2218 2217 2216 2210
4 3716 2557 2554 1829
4 4256 4057 4200 3955
4 1124 1066 1073 339
4 1523 904 1522 860
4 1134 384 1133 339
4 411 154 339 153
4 411 387 154 153
4 411 383 387 125
4 411 153 339 131
4 411 387 153 131
4 411 126 339 125
4 411 387 126 125
4 411 131 339 130
4 411 387 131 130
4 411 127 339 126
4 411 387 127 126
4 411 130 339 129
4 411 387 130 129
4 411 129 339 127
4 411 387 129 127
4 413 363 412 362
4 1120 423 424 416
4 3716 1887 3495 1834
4 412 404 360 339
4 1066 412 1065 363
4 412 360 361 339
4 3858 3783 3518 3478
4 416 367 415 363
4 1430 1403 1402 912
4 415 363 413 362
4 413 362 412 361
4 413 412 404 360
4 413 361 412 360
4 415 362 413 361
4 417 367 416 363
4 416 363 415 362
4 3716 369 417 368
4 415 413 404 360
4 3716 3462 3461 1829
4 415 361 413 360
4 3716 368 417 367
4 416 362 415 361
4 417 406 407 362
4 416 415 404 360
4 417 407 363 362
4 416 361 415 360
4 417 363 416 362
4 417 405 406 361
4 417 406 362 361
4 417 362 416 361
4 417 404 405 360
4 417 416 404 360
4 417 405 361 360
4 417 361 416 360
4 419 339 130 129
4 419 339 131 130
4 518 474 483 437
4 3472 158 1130 157
4 419 339 384 158
4 420 412 384 339
4 420 412 389 388
4 3522 3472 3506 385
4 419 339 153 131
4 4044 1333 4012 1332
4 419 339 157 156
4 419 339 154 153
4 1308 878 1307 877
4 419 339 156 154
4 419 339 127 126
4 788 184 787 127
4 419 339 126 125
4 419 418 339 125
4 4365 3486 1545 1544
4 3506 3472 184 156
4 3639 111 206 107
4 3716 3461 2557 1829
4 4318 574 571 549
4 1430 1402 1429 912
4 3501 1894 1878 1825
4 453 452 66 61
4 758 187 757 186
4 524 523 500 494
4 468 432 457 428
4 3514 137 136 133
4 3550 441 443 426
4 3493 535 561 534
4 512 457 471 434
4 3716 3551 2556 2555
4 745 78 744 76
4 3584 3407 3286 2857
4 3516 95 70 69
4 3574 1313 1330 1287
4 4037 3958 3962 3852
4 524 500 495 494
4 571 569 568 544
4 3491 462 463 456
4 506 453 478 452
4 752 185 751 112
4 504 455 478 454
4 841 826 840 160
4 610 591 589 503
4 4094 3614 3558 3463
4 453 442 441 0
4 3633 94 453 77
4 532 325 331 0
4 1715 1714 243 242
4 3550 332 331 113
4 478 452 453 0
4 463 456 462 68
4 3654 390 3622 389
4 679 678 62 28
4 3513 371 377 202
4 3550 443 470 426
4 3550 566 543 540
4 575 549 571 548
4 3493 571 533 532
4 3550 567 541 540
4 541 439 453 0
4 516 435 480 434
4 542 453 457 0
4 3493 333 571 332
4 3550 466 440 439
4 457 60 61 0
4 463 66 457 61
4 3550 3512 3493 123
4 3550 119 113 108
4 3493 559 558 532
4 530 501 528 499
4 3550 470 429 426
4 3550 464 469 438
4 3550 469 443 441
4 3506 154 184 153
4 490 489 488 446
4 610 503 530 493
4 487 483 474 437
4 479 457 433 431
4 790 131 184 130
4 3696 599 3600 598
4 3493 532 558 531
4 3491 806 760 758
4 575 546 571 545
4 4012 3448 4008 1333
4 575 571 334 333
4 453 440 438 0
4 453 439 440 0
4 648 504 647 0
4 455 7 8 0
4 3611 455 507 451
4 455 12 451 6
4 646 6 454 0
4 455 451 12 11
4 3851 3671 3651 3483
4 455 454 12 6
4 454 6 7 0
4 455 8 451 0
4 3714 287 281 277
4 455 12 454 11
4 455 451 11 10
4 455 11 454 10
4 455 10 454 9
4 708 18 452 17
4 659 100 453 77
4 663 78 662 76
4 3516 97 51 50
4 650 86 87 3
4 752 187 751 186
4 4156 3738 3999 3709
4 646 454 504 0
4 3633 101 94 77
4 518 473 474 436
4 456 185 133 112
4 456 133 453 112
4 461 460 186 133
4 762 159 167 117
4 727 504 726 59
4 3491 513 460 456
4 751 750 461 112
4 3491 513 797 460
4 487 447 444 437
4 704 14 452 13
4 484 482 483 437
4 461 186 460 185
4 461 186 198 133
4 642 504 641 0
4 521 491 489 448
4 750 185 461 112
4 815 813 201 187
4 3559 204 210 145
4 463 323 457 68
4 3572 1385 1384 912
4 3524 124 128 122
4 3513 371 372 200
4 460 456 133 132
4 3611 507 508 451
4 463 72 323 68
4 462 461 149 133
4 460 456 132 74
4 462 460 461 133
4 815 750 187 186
4 460 456 74 72
4 460 456 72 68
4 462 456 460 68
4 463 456 68 67
4 771 185 192 112
4 461 456 453 112
4 3491 798 799 750
4 504 454 478 0
4 832 829 831 162
4 462 198 199 149
4 3617 1998 2365 1997
4 3632 753 3548 93
4 463 68 457 67
4 462 460 72 68
4 463 462 72 68
4 463 456 60 0
4 462 74 145 72
4 462 460 74 72
4 462 132 145 74
4 462 460 132 74
4 462 133 149 132
4 462 460 133 132
4 463 456 67 66
4 463 67 457 66
4 463 456 66 61
4 810 461 198 149
4 463 110 323 72
4 463 457 323 110
4 463 145 110 72
4 463 462 145 72
4 463 145 457 110
4 463 462 200 199
4 463 149 457 145
4 463 462 149 145
4 463 199 200 149
4 463 200 457 149
4 463 462 199 149
4 3550 466 464 438
4 3524 152 150 146
4 3572 1388 1387 912
4 517 481 480 435
4 3550 469 442 438
4 3550 440 466 438
4 3550 3524 3512 123
4 3711 3550 119 113
4 1424 1397 1422 912
4 1487 1449 1408 1407
4 3550 457 442 441
4 3447 1450 3445 1435
4 3711 119 121 113
4 4009 3927 3919 3876
4 457 427 429 425
4 516 472 435 434
4 1483 1450 1407 912
4 3551 3519 1120 417
4 3550 427 457 426
4 3493 571 539 538
4 3551 3519 1126 1120
4 1487 1483 1449 1407
4 3711 3556 3550 3524
4 3550 3524 122 120
4 517 480 516 435
4 516 480 479 434
4 1431 1403 1430 912
4 1483 1435 1450 912
4 467 457 430 425
4 3550 123 3493 122
4 3574 1315 1288 1283
4 3550 465 466 439
4 1429 1399 1401 912
4 4364 4360 552 551
4 4355 1576 3486 1546
4 3493 558 557 531
4 471 457 459 433
4 1307 1299 1300 544
4 3955 3797 3744 3733
4 3557 2948 3143 2947
4 4269 1288 4238 1283
4 506 478 505 452
4 479 457 434 433
4 3486 530 610 503
4 3550 429 457 427
4 516 512 471 434
4 3550 3524 123 122
4 774 188 192 187
4 516 471 472 434
4 3584 2858 3244 2857
4 3550 442 469 441
4 3574 1287 3535 1286
4 775 189 192 188
4 3557 3116 3170 2947
4 3515 666 266 265
4 613 610 521 491
4 490 477 448 446
4 4114 4112 3696 3637
4 3638 3593 3459 3457
4 3950 3665 3765 3479
4 3486 1473 1446 1368
4 3524 150 3512 146
4 1487 1449 1455 1408
4 3557 3143 3116 2947
4 487 444 485 437
4 487 474 447 437
4 840 170 171 161
4 3659 3428 2205 2184
4 3955 3519 3733 1127
4 3501 3497 1816 1811
4 4219 3867 3860 3442
4 521 449 491 448
4 1609 968 1423 967
4 3493 333 332 120
4 521 490 477 448
4 521 450 449 448
4 520 446 488 445
4 3801 3626 3025 3024
4 519 445 486 444
4 520 476 446 445
4 3523 2392 2357 2354
4 530 523 522 493
4 537 457 534 0
4 575 571 150 146
4 1122 1065 1117 390
4 840 826 828 160
4 1455 1449 1452 1408
4 3491 511 3490 479
4 3595 1330 3587 1287
4 3647 2392 2354 2345
4 4018 4008 1331 1330
4 3491 802 758 757
4 3875 3731 3573 3528
4 611 491 521 449
4 500 499 498 497
4 3996 3436 603 597
4 530 529 528 501
4 500 499 497 495
4 530 503 502 501
4 530 503 499 494
4 530 500 523 494
4 3491 825 826 159
4 3611 508 505 451
4 643 638 504 0
4 3515 664 665 265
4 3555 278 283 274
4 3555 275 272 271
4 841 840 165 160
4 758 752 461 112
4 758 172 173 118
4 3192 3165 3160 1484
4 2216 2181 2187 504
4 3492 703 697 644
4 3503 1786 1785 1732
4 527 500 498 497
4 527 526 500 497
4 3589 3514 770 453
4 3559 3513 145 110
4 810 462 461 149
4 2187 2181 726 504
4 3505 192 775 189
4 3491 166 167 159
4 836 833 835 164
4 3504 139 193 138
4 3491 838 808 167
4 762 189 761 188
4 3490 511 512 479
4 3491 515 511 457
4 760 175 176 118
4 3555 275 276 272
4 3621 1931 1932 1749
4 3491 509 513 456
4 770 163 161 112
4 3559 145 210 110
4 3513 324 371 200
4 3504 208 209 138
4 815 813 199 198
4 3848 1801 1800 1748
4 3781 304 305 298
4 3491 751 813 750
4 815 199 810 198
4 3491 813 752 174
4 3491 167 762 159
4 3491 797 798 461
4 831 163 169 162
4 815 810 461 198
4 3781 302 304 298
4 831 164 169 163
4 831 829 830 162
4 1972 1968 1970 1918
4 840 828 832 161
4 784 199 200 193
4 518 483 482 437
4 518 482 481 436
4 518 481 517 436
4 518 474 437 436
4 518 437 482 436
4 3641 2248 1935 1934
4 3927 3919 3876 3748
4 520 488 486 445
4 520 486 519 445
4 3592 348 3552 347
4 530 502 529 501
4 610 590 493 491
4 930 906 913 860
4 1076 1070 931 860
4 2181 504 1918 300
4 3491 800 752 751
4 3984 3793 3745 3580
4 3462 3461 1834 1833
4 3490 510 505 478
4 526 524 500 495
4 526 500 497 495
4 3592 315 3552 304
4 3848 1921 3662 1748
4 526 525 524 495
4 526 497 496 495
4 526 496 525 495
4 913 908 906 905
4 530 503 501 499
4 1188 1107 950 945
4 4355 4350 3486 1576
4 530 499 500 494
4 4312 4160 4222 4109
4 951 874 894 871
4 4220 4112 4114 3725
4 530 503 494 493
4 530 494 523 493
4 3550 457 325 0
4 3550 325 532 0
4 3592 3497 3501 1809
4 3716 1830 2554 1828
4 3493 565 564 538
4 517 516 472 435
4 3512 571 150 125
4 3962 3852 3958 3675
4 3716 3494 3663 3463
4 3550 535 534 457
4 571 334 333 122
4 4352 759 553 552
4 576 551 575 550
4 3493 538 564 536
4 3493 571 538 536
4 3514 453 133 112
4 3550 531 457 0
4 3512 375 381 125
4 3550 3493 563 537
4 3493 571 333 120
4 3527 133 3514 132
4 542 540 453 0
4 3711 120 3550 113
4 541 457 453 439
4 1401 1399 1398 912
4 3512 379 381 374
4 3550 3493 535 531
4 3550 113 325 108
4 3550 566 542 537
4 4152 4095 4007 3985
4 3550 122 3493 120
4 3524 128 147 123
4 4263 555 4194 554
4 3513 457 149 145
4 3550 563 566 537
4 575 551 571 550
4 3493 539 565 538
4 541 457 540 453
4 3550 457 541 439
4 3550 537 542 457
4 3550 542 540 457
4 3550 3493 532 331
4 3550 541 567 439
4 3550 542 566 540
4 542 540 457 453
4 3550 532 531 0
4 3550 331 532 325
4 3550 331 325 113
4 3550 535 3493 534
4 3493 563 537 534
4 3550 534 537 457
4 3572 909 912 853
4 3515 291 292 0
4 3493 564 562 536
4 3550 3493 537 534
4 3550 567 465 439
4 3578 3200 3260 3198
4 3493 560 563 534
4 3550 332 3493 331
4 3493 146 571 123
4 926 870 925 859
4 3955 3519 1127 1126
4 1087 1083 1084 853
4 3513 457 784 200
4 1307 1296 539 538
4 3551 1120 424 417
4 3493 533 559 532
4 3711 3524 3550 120
4 3493 562 559 533
4 4149 4095 3970 3713
4 3557 3170 2948 2947
4 1438 1350 1368 1348
4 3514 135 137 133
4 3512 146 3493 123
4 4018 3436 3953 1332
4 3493 561 535 531
4 3616 598 3531 556
4 571 568 565 539
4 3493 557 561 531
4 3513 202 203 148
4 3572 1397 1396 912
4 3512 150 151 125
4 3512 155 378 151
4 3513 203 204 148
4 3512 571 3493 150
4 3637 3587 1330 1287
4 3514 770 453 112
4 457 429 430 425
4 575 547 571 546
4 3493 332 532 331
4 3515 221 291 0
4 3514 137 141 136
4 575 548 571 547
4 3493 536 562 533
4 4351 4342 4336 3486
4 3515 300 297 221
4 571 570 569 545
4 467 428 457 425
4 3550 3493 332 120
4 3572 1386 1385 912
4 3524 146 3512 123
4 3550 543 567 540
4 3550 540 541 457
4 3611 505 510 478
4 3550 442 457 438
4 3515 300 221 0
4 575 334 571 123
4 3515 63 504 0
4 576 575 150 146
4 3493 571 565 539
4 459 457 458 431
4 3550 532 3493 531
4 3524 147 152 146
4 3550 120 332 113
4 512 479 511 457
4 1424 1401 1398 912
4 3557 3170 3414 2948
4 4311 1309 1285 1284
4 1424 1398 1397 912
4 612 521 611 491
4 575 550 571 549
4 3920 3915 3471 3468
4 1124 386 1066 339
4 571 544 568 539
4 576 335 334 146
4 759 552 576 551
4 576 550 575 549
4 571 545 569 544
4 3557 3413 3170 3116
4 1308 1294 536 533
4 571 546 570 545
4 3512 381 375 374
4 3550 325 457 108
4 3493 561 560 534
4 3493 150 571 146
4 1494 930 1493 860
4 4214 555 582 554
4 576 549 575 548
4 959 924 890 882
4 1487 1432 1434 1407
4 3687 876 873 869
4 574 573 571 548
4 572 570 571 546
4 572 571 547 546
4 4361 4349 4350 4327
4 4274 4220 4239 4212
4 468 457 467 428
4 574 571 549 548
4 573 571 548 547
4 573 572 571 547
4 575 571 146 123
4 3955 1578 3551 850
4 576 575 146 123
4 576 548 575 547
4 575 545 571 544
4 906 183 904 153
4 576 146 334 123
4 575 571 333 332
4 576 334 575 123
4 575 126 150 125
4 575 150 571 125
4 1308 1307 1080 334
4 575 544 571 539
4 575 536 571 533
4 575 533 571 532
4 1426 1425 920 895
4 1425 920 895 871
4 575 539 571 538
4 759 551 576 550
4 575 538 571 536
4 1280 1080 878 854
4 3474 3469 1280 881
4 576 127 150 126
4 576 150 575 126
4 1075 1074 934 930
4 576 126 575 125
4 759 127 576 126
4 3545 598 602 556
4 576 547 575 546
4 3473 882 912 879
4 576 546 575 545
4 576 538 575 536
4 576 545 575 544
4 930 910 911 860
4 576 539 575 538
4 925 924 923 859
4 576 544 575 539
4 785 184 183 125
4 3576 3544 3511 3477
4 785 183 571 125
4 4318 550 577 549
4 4318 577 574 549
4 3515 297 667 291
4 3524 152 3512 150
4 3487 3484 605 601
4 1131 951 950 932
4 516 479 512 434
4 4046 3925 3952 3438
4 4360 4352 4281 553
4 4318 578 577 550
4 1308 1291 1290 532
4 4112 3725 4093 3660
4 759 550 576 549
4 4261 4259 4253 769
4 3514 133 136 112
4 4112 4093 3725 3697
4 3940 3713 3693 3689
4 3576 3544 3526 3511
4 4194 555 4172 554
4 3952 3437 3542 3436
4 4044 3451 4012 1333
4 3967 603 3484 600
4 3616 3531 599 597
4 3636 3409 3601 3245
4 610 596 595 503
4 3559 3513 204 149
4 3601 3533 3245 3213
4 1303 1281 1280 1277
4 4220 4169 4112 3725
4 4168 1351 1368 1349
4 4176 3886 3926 3486
4 1495 1494 931 860
4 1187 1186 921 917
4 3608 3433 3596 3034
4 1450 1404 1407 912
4 1298 978 1297 912
4 610 530 522 493
4 3545 626 625 597
4 610 586 587 491
4 3621 2075 2022 2021
4 4135 3707 3774 3669
4 4151 4042 3883 3773
4 3572 1422 1416 1396
4 3629 1202 1534 1175
4 1502 927 925 859
4 3716 1887 1834 1829
4 610 595 591 503
4 4044 1358 1333 1332
4 610 594 596 503
4 1503 874 1502 871
4 610 592 593 493
4 3670 1534 3629 1202
4 4099 4033 3820 3560
4 3846 1376 1349 1346
4 610 522 521 491
4 4311 4293 1285 1283
4 3538 1521 1134 1133
4 3594 3043 3042 3021
4 611 521 450 449
4 925 871 924 870
4 468 458 457 431
4 4130 4061 4054 3646
4 3506 792 154 153
4 3571 2393 2366 2365
4 3527 3514 453 109
4 4214 556 3545 555
4 4184 3980 4136 3921
4 910 180 153 131
4 3762 3653 3602 3560
4 958 891 957 890
4 1492 765 766 130
4 1491 1490 908 907
4 3911 3832 3697 3648
4 1072 130 373 129
4 4214 554 581 553
4 3545 556 583 555
4 1307 1299 544 539
4 1280 1082 1077 331
4 1213 1197 1181 1180
4 4194 4166 556 555
4 3820 3580 3653 3570
4 1487 1408 1432 1407
4 1423 1302 1383 912
4 1493 911 930 131
4 3506 184 790 131
4 1423 1302 1301 978
4 4168 3771 1355 1353
4 3472 930 1527 904
4 3522 796 391 384
4 4359 4320 4353 848
4 1560 939 1504 932
4 3961 3487 601 600
4 4093 3725 3697 3660
4 613 586 610 491
4 612 492 584 491
4 612 611 492 491
4 613 584 586 491
4 613 612 584 491
4 3584 3407 3554 3286
4 3445 1478 1454 1451
4 3924 3838 3807 3800
4 789 130 184 129
4 3654 3622 3522 389
4 4010 619 620 592
4 4010 610 613 586
4 4010 617 590 587
4 3874 3788 3743 3721
4 4234 4107 4154 3486
4 1072 908 1071 907
4 3521 3419 2503 2483
4 1074 1073 934 930
4 3858 3765 3782 3478
4 3574 1315 1289 1286
4 3542 3436 1333 603
4 3846 1345 1343 1342
4 4202 589 3769 588
4 3542 3436 3450 1333
4 4010 619 592 590
4 4036 3946 3846 1340
4 4045 3934 4032 3855
4 4250 4209 3873 3768
4 1483 1450 1449 1407
4 4362 4354 3486 1548
4 3769 623 596 594
4 3947 3821 3674 3652
4 3512 379 374 373
4 3512 373 374 125
4 471 434 457 433
4 4010 617 619 590
4 3769 623 622 595
4 468 457 432 431
4 4240 3799 3917 605
4 3513 204 149 148
4 3512 151 373 125
4 4036 3946 1340 1339
4 3572 1422 1397 912
4 3550 440 457 439
4 1487 1455 1432 1408
4 1431 1404 1403 912
4 3512 378 373 151
4 3524 128 123 122
4 4066 3506 3840 3472
4 1121 1120 415 413
4 1143 1095 1101 1090
4 1462 1417 1461 1406
4 4346 1288 4266 554
4 3711 3550 3556 119
4 3554 3244 3286 3241
4 3854 3620 3829 3440
4 4131 4079 4064 3993
4 4058 3984 3793 3745
4 3860 3760 3583 3481
4 4019 3920 3731 3573
4 2180 2168 2173 1924
4 3514 133 453 132
4 920 894 895 871
4 1494 177 1493 131
4 927 870 926 859
4 4019 3920 3915 3507
4 3622 390 1117 389
4 3765 3665 3480 3479
4 1483 1407 1434 912
4 3766 1128 1129 1117
4 4187 4132 3889 3761
4 3867 3518 3860 3443
4 786 126 184 125
4 1497 763 764 129
4 4168 1368 1354 1350
4 787 127 184 126
4 3550 457 440 438
4 789 184 788 129
4 3550 457 441 426
4 459 433 457 431
4 3512 378 379 373
4 787 184 786 126
4 3875 3786 3788 3731
4 3524 147 146 123
4 3486 609 1339 607
4 3622 3538 3522 389
4 4077 3489 605 601
4 3860 3443 3518 3442
4 3686 2226 1980 1979
4 3572 1387 1386 912
4 512 479 457 434
4 4099 3763 3580 3570
4 1308 1280 878 877
4 3561 3546 3510 3509
4 3519 1121 1127 1120
4 4326 4150 4170 3486
4 3769 620 621 593
4 4075 3840 4066 3800
4 2432 2387 2425 2378
4 3545 599 625 598
4 691 643 638 504
4 641 59 4 0
4 695 504 642 0
4 647 504 640 0
4 643 1 638 0
4 639 2 638 1
4 641 4 59 3
4 695 642 5 0
4 639 638 5 1
4 642 641 4 0
4 640 2 9 0
4 640 639 2 0
4 646 504 645 0
4 649 648 10 0
4 640 2 639 1
4 649 504 648 0
4 640 639 5 1
4 3516 220 213 212
4 3492 645 646 504
4 649 644 504 0
4 696 694 642 504
4 656 651 640 1
4 724 7 452 6
4 3632 3485 746 745
4 715 60 452 58
4 736 735 682 62
4 643 5 638 1
4 3555 3505 3504 834
4 3611 3492 455 451
4 655 87 26 3
4 695 5 1 0
4 3548 3485 756 754
4 650 59 63 3
4 645 11 12 0
4 647 640 9 0
4 645 11 644 10
4 645 644 11 0
4 647 9 640 2
4 646 12 6 0
4 646 645 12 0
4 645 10 644 9
4 646 12 454 6
4 645 9 644 2
4 646 454 12 11
4 652 644 649 2
4 646 12 645 11
4 660 451 455 10
4 646 454 11 10
4 705 15 452 14
4 646 11 645 10
4 677 87 27 26
4 646 454 10 9
4 646 10 645 9
4 646 9 645 2
4 662 76 74 20
4 653 9 646 2
4 647 2 640 1
4 648 9 10 0
4 1710 76 1709 75
4 3485 662 663 78
4 652 646 645 2
4 677 87 655 86
4 648 647 9 0
4 648 9 647 2
4 649 10 11 0
4 648 2 647 1
4 649 11 644 0
4 649 644 11 10
4 649 644 10 9
4 661 76 659 68
4 649 10 648 9
4 649 644 9 2
4 649 9 648 2
4 684 87 681 62
4 649 2 648 1
4 718 452 717 11
4 3548 756 3485 755
4 662 74 76 72
4 662 76 661 72
4 3548 48 756 47
4 663 76 662 20
4 3515 265 266 63
4 3515 89 673 82
4 3611 452 478 451
4 3492 649 703 644
4 3548 97 98 52
4 671 88 85 63
4 3515 268 269 0
4 3515 270 265 0
4 3515 673 674 83
4 3515 676 670 80
4 3515 79 80 63
4 3515 84 79 63
4 3515 674 84 83
4 3515 676 80 79
4 671 81 88 63
4 671 670 81 63
4 672 671 85 63
4 680 86 678 63
4 727 723 504 59
4 720 684 682 62
4 3515 84 674 79
4 684 683 87 62
4 2151 2145 2150 2144
4 3515 674 675 79
4 3632 3485 753 746
4 679 62 29 28
4 3516 214 95 69
4 3516 65 687 64
4 680 85 86 63
4 680 672 85 63
4 1723 254 1722 252
4 722 721 682 62
4 3515 266 666 82
4 3516 213 56 45
4 721 720 682 62
4 728 722 682 62
4 683 62 30 29
4 683 679 62 29
4 729 728 682 62
4 732 62 38 37
4 731 729 682 62
4 733 732 682 62
4 684 62 31 30
4 684 683 62 30
4 3516 690 73 41
4 3516 685 690 41
4 3516 686 685 41
4 3516 44 740 43
4 3548 98 48 47
4 3516 49 686 41
4 3548 104 105 92
4 3548 3485 827 747
4 705 452 704 14
4 706 19 452 15
4 3516 212 213 43
4 3516 213 45 44
4 3516 218 220 212
4 3516 71 688 70
4 3516 45 741 44
4 3516 64 737 57
4 3516 214 69 65
4 3516 3485 739 688
4 3516 690 689 73
4 3632 93 3548 92
4 3632 745 93 76
4 3516 73 96 41
4 3611 510 3492 478
4 3492 504 646 454
4 3611 710 507 454
4 3611 505 478 452
4 692 691 638 504
4 700 639 640 504
4 3492 703 649 648
4 693 638 639 504
4 693 692 638 504
4 3548 686 3485 685
4 694 641 642 504
4 695 1 643 0
4 3515 82 83 63
4 695 643 5 4
4 696 695 643 504
4 695 642 654 4
4 695 654 643 4
4 696 643 691 504
4 696 642 695 504
4 3492 644 645 504
4 700 693 639 504
4 3165 1702 3160 1484
4 3492 697 698 644
4 3492 455 504 454
4 3492 648 649 504
4 3492 698 645 644
4 3611 699 710 454
4 716 657 452 61
4 3516 214 213 90
4 711 452 706 19
4 708 452 707 17
4 709 452 708 13
4 712 54 452 53
4 712 452 711 53
4 713 55 452 54
4 713 452 712 54
4 715 452 714 58
4 714 58 452 55
4 714 452 713 55
4 716 61 452 60
4 716 452 715 60
4 717 11 452 10
4 717 452 660 10
4 719 452 718 6
4 724 452 719 6
4 720 62 32 31
4 720 684 62 31
4 721 62 33 32
4 721 720 62 32
4 734 733 682 62
4 722 62 34 33
4 722 721 62 33
4 725 8 452 7
4 725 452 724 7
4 732 731 682 62
4 728 62 35 34
4 728 722 62 34
4 732 731 62 37
4 729 62 36 35
4 729 728 62 35
4 730 16 452 8
4 730 452 725 8
4 731 62 37 36
4 731 729 62 36
4 3516 62 212 43
4 3516 56 742 45
4 3516 69 738 65
4 733 62 39 38
4 733 732 62 38
4 736 62 43 42
4 734 62 40 39
4 734 733 62 39
4 735 62 42 40
4 735 734 62 40
4 736 735 62 42
4 3516 689 75 73
4 3516 740 741 682
4 3516 741 742 682
4 3516 742 743 682
4 3516 75 689 71
4 3516 96 75 71
4 3516 214 64 57
4 3516 214 65 64
4 3516 739 738 69
4 3516 70 739 69
4 3516 742 741 45
4 3516 213 220 90
4 3516 736 62 43
4 3516 740 736 43
4 3516 213 57 56
4 3516 737 743 57
4 3516 57 743 56
4 3516 743 742 56
4 746 92 93 23
4 745 22 93 21
4 745 93 744 21
4 3548 754 756 25
4 2151 2146 2145 2144
4 746 23 93 22
4 746 93 745 22
4 3548 3485 690 685
4 3548 103 104 97
4 3548 3516 686 685
4 753 93 746 92
4 3548 753 754 24
4 3516 51 747 50
4 3516 747 827 50
4 3516 748 747 51
4 3516 52 748 51
4 3548 755 3485 749
4 3548 756 755 47
4 3516 97 52 51
4 2154 2146 2151 2144
4 3632 746 753 93
4 3632 3485 745 78
4 3548 3516 827 686
4 3548 755 749 46
4 3548 3516 749 748
4 758 757 188 118
4 813 752 201 187
4 815 201 198 187
4 3491 461 462 460
4 3505 194 144 138
4 751 185 750 112
4 758 185 757 112
4 752 187 188 118
4 813 199 198 174
4 752 174 201 118
4 3491 758 760 176
4 752 201 187 118
4 752 173 174 118
4 757 186 752 185
4 3491 816 815 813
4 753 24 92 23
4 753 92 746 23
4 3548 690 3516 685
4 3548 690 3485 689
4 3516 748 52 46
4 3548 748 3485 747
4 3548 102 103 96
4 3548 98 92 48
4 3548 48 92 25
4 3548 3516 102 96
4 3548 98 47 46
4 3548 47 755 46
4 3548 749 3516 46
4 3491 806 807 760
4 758 757 752 112
4 757 173 752 118
4 757 752 188 118
4 758 176 172 118
4 757 185 752 112
4 760 187 758 186
4 758 173 757 118
4 761 188 189 117
4 761 760 758 112
4 761 175 118 117
4 762 188 187 159
4 761 118 188 117
4 762 461 161 112
4 759 126 576 125
4 759 549 576 548
4 1494 1493 930 131
4 3970 3713 3965 3693
4 759 548 576 547
4 1162 1107 1131 893
4 3550 457 3476 114
4 4099 4033 4019 3573
4 759 571 183 125
4 759 575 571 125
4 759 576 575 125
4 763 553 759 552
4 4194 556 4172 555
4 1222 1008 1221 1007
4 3655 912 909 853
4 3539 3415 3347 3081
4 1210 1189 1178 947
4 4349 4341 4335 4327
4 761 187 760 186
4 760 176 758 118
4 760 758 188 118
4 761 760 188 118
4 760 186 758 185
4 761 186 760 185
4 760 185 758 112
4 761 175 760 118
4 762 188 761 187
4 762 187 186 159
4 761 185 760 112
4 762 187 761 186
4 762 186 185 159
4 762 161 159 112
4 762 159 185 112
4 762 186 761 185
4 762 185 761 112
4 3491 809 803 172
4 762 758 461 112
4 762 761 758 112
4 3569 3504 280 233
4 763 127 759 126
4 1088 1086 879 856
4 1308 881 1280 877
4 1291 1077 1078 978
4 3796 3622 3654 390
4 763 126 759 125
4 4266 4114 4246 1286
4 1068 151 336 150
4 1306 1281 549 548
4 764 129 763 127
4 1498 763 1497 129
4 1308 1280 1080 878
4 1462 1406 1458 1390
4 3473 1138 1142 1131
4 1498 931 1497 907
4 1307 546 576 545
4 3466 1423 1634 917
4 4091 3881 4069 3759
4 1423 1385 1386 912
4 3451 1361 1362 1336
4 764 127 763 126
4 3606 863 885 856
4 3545 3531 598 556
4 3920 3915 3819 3471
4 764 126 763 125
4 1159 1080 1081 852
4 764 763 759 125
4 3445 1454 1485 1451
4 4239 4169 4222 4160
4 913 181 182 153
4 4142 4031 4092 3937
4 4122 3941 3943 3897
4 1121 1064 1065 413
4 3762 3668 3653 3560
4 765 129 764 127
4 766 130 765 129
4 3545 625 599 597
4 3591 1607 1601 983
4 765 127 764 126
4 3489 633 609 607
4 765 126 764 125
4 3930 3919 3857 3779
4 914 910 180 153
4 3436 1333 603 597
4 766 129 765 127
4 3860 3480 3583 3479
4 766 127 765 126
4 3668 3560 3645 3507
4 3636 3533 3408 3245
4 1074 411 362 361
4 766 126 765 125
4 4156 3709 4037 3708
4 4091 3932 3900 3759
4 766 183 179 125
4 766 759 183 125
4 766 764 759 125
4 766 765 764 125
4 3725 3697 3660 3648
4 3961 3487 3488 601
4 767 130 766 129
4 3796 3580 3766 1126
4 767 129 766 127
4 1400 978 974 970
4 911 179 910 131
4 767 127 766 126
4 767 126 766 125
4 3489 634 631 607
4 3474 1137 935 880
4 767 766 179 125
4 934 914 913 153
4 1072 907 931 880
4 3683 3347 3539 3032
4 768 130 767 129
4 1307 1293 538 536
4 768 129 767 127
4 3601 3409 3302 2970
4 768 127 767 126
4 3829 3470 3530 3441
4 4210 3744 4128 3644
4 768 126 767 125
4 769 177 131 130
4 3691 3597 3537 2773
4 768 179 177 125
4 768 767 179 125
4 3576 3441 3526 3440
4 4352 4346 4263 554
4 3657 3352 3328 3310
4 3578 3410 3200 2462
4 769 177 130 129
4 769 130 768 129
4 3714 3555 3619 834
4 769 177 129 127
4 769 129 768 127
4 3875 3635 3763 3528
4 4075 4053 4060 4014
4 769 177 127 126
4 769 127 768 126
4 769 177 126 125
4 769 126 768 125
4 769 768 177 125
4 3911 3697 3725 3648
4 3950 3583 3665 3480
4 3601 3302 3214 2969
4 771 192 770 112
4 3491 800 801 752
4 772 186 192 185
4 772 192 771 185
4 773 187 192 186
4 773 192 772 186
4 774 192 773 187
4 3505 191 192 190
4 3505 144 3504 138
4 3505 781 195 194
4 831 168 169 164
4 3504 777 193 117
4 843 193 842 118
4 842 118 193 117
4 843 201 193 118
4 3505 3504 192 138
4 3781 313 3619 306
4 813 751 752 187
4 3639 3476 3559 457
4 833 164 831 163
4 3637 1287 1330 556
4 4050 3815 3882 3486
4 4099 3570 3820 3528
4 1495 931 1490 860
4 3576 3526 3544 3440
4 930 913 914 860
4 1086 967 966 923
4 1306 881 150 127
4 3860 3583 3518 3479
4 4185 4105 4000 3845
4 3504 211 140 139
4 3491 760 761 175
4 813 201 752 174
4 3491 810 462 461
4 3619 313 288 282
4 3491 761 762 167
4 815 201 813 198
4 3491 808 175 167
4 3491 803 804 172
4 3569 3555 3504 834
4 3491 814 813 174
4 3491 805 814 174
4 3491 757 758 173
4 3491 804 805 173
4 3491 804 173 172
4 810 199 462 198
4 3491 460 462 456
4 3668 3602 3653 3560
4 3491 752 757 173
4 3491 814 816 813
4 810 463 462 200
4 3491 815 816 810
4 3491 175 761 167
4 3714 3619 3555 282
4 3569 280 285 233
4 3491 758 176 172
4 3491 809 176 175
4 3491 802 806 758
4 3491 176 809 172
4 840 828 161 160
4 3491 805 174 173
4 810 200 171 168
4 810 784 200 168
4 810 784 457 200
4 810 171 200 167
4 810 200 174 167
4 836 831 833 164
4 3716 2554 2555 1828
4 3489 631 633 607
4 3763 3635 3570 3528
4 4004 3821 3947 3652
4 3472 1132 1517 886
4 3766 3580 1127 1126
4 3491 799 751 750
4 813 200 199 174
4 813 810 200 174
4 815 187 198 186
4 3491 752 813 751
4 3491 798 750 461
4 3491 824 825 159
4 815 198 461 186
4 815 461 750 186
4 815 200 810 199
4 815 813 200 199
4 815 813 810 200
4 3491 816 811 810
4 3491 815 810 461
4 3486 589 610 588
4 3895 3577 3782 3553
4 1423 966 959 867
4 3820 3762 3653 3602
4 3942 3933 3652 3643
4 1088 959 890 882
4 4365 3486 4356 1552
4 1427 1426 1425 917
4 1264 1246 1215 1195
4 1307 1306 908 907
4 3469 1321 1318 1292
4 3992 3675 3958 3517
4 3519 1127 1126 1120
4 1308 1280 1291 532
4 928 870 927 859
4 1308 575 571 532
4 3447 1450 1435 912
4 1306 1282 550 549
4 1190 996 1185 995
4 3929 3875 3763 3731
4 3711 121 120 113
4 3538 1125 1124 1119
4 4281 4263 554 553
4 3771 1378 1379 1351
4 3572 1292 978 912
4 3469 1290 1294 1280
4 1149 1065 1121 1064
4 3608 3575 3596 3433
4 1066 386 412 339
4 3487 3484 601 600
4 3796 395 397 390
4 3858 3479 3765 3478
4 934 906 904 153
4 934 913 930 906
4 933 904 886 154
4 1560 874 1504 871
4 1075 886 156 154
4 1297 978 1295 912
4 1106 1103 881 880
4 3584 2857 3243 2856
4 911 910 906 905
4 1223 1196 1174 947
4 930 904 906 860
4 1308 571 1280 532
4 4197 4143 4025 3951
4 3639 207 114 107
4 3571 2393 3423 2366
4 1945 1938 1937 1928
4 3621 2248 2025 2024
4 3504 286 196 143
4 3491 160 166 159
4 3491 837 838 166
4 3491 838 167 166
4 3505 779 780 191
4 3504 193 835 192
4 840 161 171 160
4 3491 762 824 159
4 3516 50 827 49
4 3632 99 93 92
4 3516 827 686 49
4 3516 97 50 49
4 3516 96 49 41
4 3504 835 834 192
4 3505 195 781 142
4 3504 209 139 138
4 832 828 829 161
4 836 835 168 164
4 835 193 168 164
4 832 162 170 161
4 832 829 162 161
4 832 169 170 162
4 832 831 169 162
4 3569 3555 283 279
4 835 834 192 164
4 3504 193 192 138
4 3504 140 193 139
4 3505 190 192 189
4 3504 197 208 138
4 3505 194 192 191
4 840 171 165 160
4 3491 807 761 760
4 3491 824 762 761
4 3892 634 3489 608
4 3584 3244 3243 2857
4 4168 1353 1368 1352
4 3491 813 815 750
4 843 198 778 193
4 3836 3530 3561 3509
4 1307 150 881 146
4 3574 1330 3535 1287
4 4044 1358 1359 1333
4 3965 3945 3689 3680
4 3925 3760 3605 3438
4 1155 1149 1121 1064
4 3522 3506 796 384
4 3486 1345 1446 1343
4 3760 3583 3481 3480
4 4359 1578 850 849
4 3484 3483 601 600
4 3489 609 633 604
4 3952 3605 3925 3482
4 3793 3745 3506 3472
4 3998 3751 3938 3677
4 3574 1288 1315 1286
4 1130 158 1074 157
4 3574 3535 1288 1286
4 3584 3407 2857 2856
4 4355 4348 4347 3486
4 3867 3783 3518 3443
4 3834 3782 3577 3565
4 4036 1339 3846 1338
4 4187 3889 3990 3885
4 3766 396 1122 390
4 3586 2527 3420 2119
4 1496 1492 908 907
4 1120 424 417 416
4 1069 878 1068 877
4 1054 1009 1053 1008
4 1076 1075 376 154
4 1106 860 1070 130
4 1306 1281 1282 549
4 4221 4182 3936 3828
4 930 911 910 131
4 1074 411 384 339
4 1076 930 934 131
4 913 908 907 906
4 1075 933 886 154
4 959 891 958 890
4 1242 1039 1238 1038
4 4111 3693 3878 3648
4 3447 1559 1504 1503
4 928 874 927 871
4 914 908 910 907
4 1306 550 759 549
4 1427 1423 978 964
4 4036 3850 3910 1337
4 1427 969 1423 963
4 1162 1107 893 888
4 3464 1270 1265 1195
4 1097 1092 1074 1073
4 3591 1635 3525 1630
4 1092 1076 361 360
4 4092 3937 4005 3859
4 1423 1388 1387 978
4 3821 3765 3665 3553
4 1080 878 1069 877
4 1143 1101 1095 1094
4 1306 1282 1284 550
4 1423 1383 1384 912
4 1084 912 856 855
4 3473 1131 1170 859
4 3915 3836 3819 3471
4 958 957 891 867
4 1086 1084 912 856
4 1104 1088 879 856
4 1307 1300 1278 545
4 914 913 906 905
4 1427 895 1423 890
4 1308 1081 1082 332
4 3466 895 917 894
4 925 923 912 859
4 1069 150 335 146
4 3032 2943 3028 2942
4 3568 2618 2648 2594
4 3691 2783 2774 2773
4 3466 954 895 894
4 4266 4220 4246 4114
4 1561 945 1560 939
4 1497 1496 931 129
4 1426 924 1425 888
4 1308 575 1307 334
4 1246 1039 1038 978
4 1146 1067 1097 1064
4 1080 1069 854 851
4 3836 3819 3530 3509
4 1608 961 962 873
4 1069 852 1068 851
4 3469 1082 1081 851
4 1501 928 927 859
4 1423 1396 1397 912
4 3591 901 896 892
4 1106 1072 1103 880
4 1051 1045 1050 1044
4 3851 601 3483 600
4 1213 1197 1113 1111
4 3538 388 1119 386
4 1308 1293 1294 1280
4 1307 1294 1293 536
4 1308 1280 1082 1081
4 1076 931 1075 860
4 1083 1079 969 912
4 1425 888 925 871
4 924 871 888 870
4 923 870 888 859
4 1308 533 575 532
4 1490 767 768 130
4 1307 1306 907 881
4 3447 1450 1427 1423
4 1143 1067 1121 416
4 1571 1505 1513 941
4 927 871 926 870
4 1074 411 387 156
4 1307 1279 1306 547
4 1426 921 1425 917
4 3572 1409 1329 1302
4 1084 968 967 912
4 1104 1088 882 879
4 1075 934 1074 933
4 1506 937 938 874
4 1291 532 1280 0
4 3546 3526 3530 3441
4 1106 1070 1097 359
4 1308 571 575 332
4 1216 1213 1182 1181
4 3705 1423 3566 868
4 1557 1511 921 920
4 1105 1104 879 856
4 1250 1172 1173 859
4 3473 1170 1171 859
4 3606 3473 3579 912
4 1308 1299 1296 1280
4 1069 1068 854 851
4 1308 1280 1081 1080
4 913 182 906 153
4 1307 908 1306 905
4 1450 1398 1399 912
4 3447 1554 928 927
4 1426 920 921 895
4 1307 1300 545 544
4 3447 1479 924 923
4 1497 931 1496 907
4 3469 1081 1280 851
4 3473 1142 1170 1131
4 1306 1284 551 550
4 925 888 924 871
4 3447 1562 1565 1560
4 1306 551 759 550
4 978 923 964 912
4 895 894 888 871
4 1500 905 906 904
4 1075 1074 930 860
4 1427 924 967 923
4 1253 1197 1224 1196
4 1603 869 957 866
4 3655 909 862 853
4 3466 1423 917 895
4 923 912 882 879
4 926 871 925 870
4 3572 1297 3469 1295
4 3591 1628 3525 1607
4 1218 1209 945 944
4 1426 959 924 890
4 3655 3606 912 855
4 1426 966 967 924
4 1217 1007 1215 1006
4 4352 759 763 553
4 3495 1834 3463 1829
4 1478 1451 1423 1400
4 1280 571 332 331
4 931 129 880 127
4 1069 1068 335 150
4 1086 912 923 879
4 1069 877 881 146
4 1083 912 855 853
4 1072 931 1071 860
4 1071 374 373 130
4 3910 3628 3724 1336
4 1143 1121 417 416
4 1280 1081 1080 854
4 934 930 914 910
4 4149 3713 4093 3697
4 1076 908 1070 905
4 1072 905 908 880
4 1069 1068 881 877
4 1086 967 923 912
4 4058 3745 3988 3673
4 3522 391 392 385
4 4036 3946 1338 1337
4 1107 1105 888 882
4 1083 1079 912 853
4 3809 3758 3656 1179
4 3469 1317 1316 1290
4 3769 621 594 593
4 1072 908 907 880
4 4033 3915 3762 3560
4 3472 934 930 904
4 1074 384 411 158
4 3472 1134 1130 158
4 1122 1066 1117 1065
4 1124 385 386 339
4 904 184 154 153
4 1147 1106 878 877
4 1105 1104 893 888
4 921 895 920 894
4 1196 1174 871 870
4 1075 376 387 361
4 1069 881 1068 150
4 1072 1071 931 907
4 931 880 907 127
4 1068 881 880 150
4 880 129 151 127
4 908 881 907 880
4 880 151 150 127
4 881 880 150 127
4 1173 948 946 943
4 1107 945 939 932
4 1308 333 1081 332
4 1306 150 759 127
4 1307 1069 335 146
4 1079 1078 912 853
4 1307 1306 881 150
4 1071 1070 908 905
4 1307 335 1069 334
4 1307 576 150 146
4 911 910 908 907
4 1088 966 882 879
4 3655 3606 3579 912
4 934 914 930 913
4 1086 1084 967 912
4 1104 895 1088 890
4 1211 1002 1194 1001
4 1076 1075 908 905
4 3472 1132 886 156
4 1090 1065 1064 363
4 1085 1079 1083 853
4 1132 157 1074 156
4 1139 1074 1075 905
4 1203 1199 1198 1175
4 3698 3674 3671 3482
4 1089 1086 1088 853
4 921 917 895 894
4 934 913 906 153
4 1280 532 571 0
4 914 913 908 907
4 1084 1083 912 855
4 1067 1064 415 367
4 1132 1074 1130 1073
4 3469 1291 1280 1082
4 3719 857 858 851
4 904 184 156 154
4 1497 764 1496 129
4 914 908 913 905
4 1308 1300 1299 1280
4 3910 1337 3865 1336
4 3953 1331 1332 597
4 1254 1197 1198 1175
4 3591 1629 3465 1043
4 1079 1078 963 912
4 1423 1387 1388 912
4 924 888 890 882
4 934 904 933 153
4 1108 945 944 941
4 1307 547 576 546
4 904 183 184 153
4 3472 886 904 156
4 3785 3771 1343 1341
4 1070 375 359 130
4 1117 390 1066 389
4 3233 2855 2853 2796
4 3796 1126 3766 1120
4 3538 3522 386 385
4 1071 1070 931 907
4 1492 766 1491 130
4 893 888 871 870
4 1291 1280 1077 978
4 3687 876 3591 873
4 1072 373 151 129
4 1425 924 925 888
4 1307 538 576 536
4 1511 1503 1504 950
4 923 912 888 882
4 1219 1007 1217 1006
4 1307 544 576 539
4 1076 930 1070 860
4 1308 1294 1290 1280
4 1104 1088 888 882
4 968 923 967 912
4 2467 2281 2100 2094
4 914 180 181 153
4 1108 949 943 941
4 927 874 926 871
4 3519 1143 1094 1093
4 3486 588 636 585
4 3895 3834 3782 3577
4 3996 3437 3952 3436
4 983 865 866 864
4 894 874 893 871
4 1190 995 1185 994
4 1158 1079 1085 853
4 1427 891 959 890
4 1076 1075 934 930
4 1131 894 951 874
4 1735 221 1731 35
4 1307 576 575 536
4 960 869 873 865
4 3700 3575 3459 3457
4 924 923 888 882
4 894 893 888 871
4 1501 932 928 874
4 1075 933 1074 886
4 1076 376 361 360
4 2665 1212 1203 1114
4 1214 1002 1211 1001
4 1184 1183 1108 1107
4 3694 3594 3433 3358
4 1423 1396 1388 978
4 3473 893 1131 859
4 1075 387 1074 361
4 1308 1280 571 332
4 1105 1104 888 882
4 1188 951 1183 920
4 1107 950 945 932
4 1192 997 1191 996
4 1074 157 411 156
4 925 870 924 859
4 1675 1034 1484 1033
4 1072 931 860 129
4 1492 1491 931 860
4 3946 1364 1369 1339
4 908 905 881 880
4 907 880 881 127
4 3506 157 3472 156
4 1498 908 1306 907
4 931 914 913 860
4 931 914 910 907
4 1495 769 177 131
4 3925 3760 3860 3481
4 931 910 911 907
4 931 910 914 860
4 931 911 910 860
4 911 178 179 131
4 3892 635 634 585
4 3793 3522 3538 3472
4 908 906 905 904
4 908 907 906 904
4 3538 1521 3472 1134
4 3562 3475 2309 2308
4 1076 153 376 131
4 1498 1283 553 552
4 1307 1306 576 547
4 1308 536 575 533
4 3606 856 912 855
4 3539 3366 3032 2924
4 1291 1280 1082 1077
4 1306 906 1280 905
4 978 964 963 912
4 924 870 923 859
4 4346 1497 1498 763
4 931 913 907 906
4 931 906 904 860
4 931 906 907 904
4 1134 1074 384 339
4 3622 1118 3538 389
4 1140 1075 1076 905
4 3766 1128 1122 1121
4 3654 3622 3580 3570
4 3622 1123 3538 1119
4 3486 588 585 503
4 1504 870 1503 859
4 1502 932 1501 874
4 1596 950 951 928
4 2672 2671 983 864
4 1423 1386 1387 912
4 1173 1172 939 932
4 3538 3472 3522 385
4 934 910 153 131
4 1092 1091 1066 1065
4 1095 1064 1067 367
4 1065 413 1064 363
4 934 930 910 131
4 1070 860 930 130
4 1065 412 413 363
4 1088 1086 966 879
4 3559 111 457 110
4 3538 1134 3472 1133
4 1587 1508 1512 941
4 1092 1091 1065 1064
4 1103 880 1072 151
4 3446 1451 1428 1017
4 1131 893 871 870
4 1119 388 1066 386
4 4224 4010 3886 585
4 1146 1097 1066 1065
4 3796 1120 3766 396
4 3766 1127 1128 1121
4 1066 388 412 386
4 1076 933 154 153
4 1082 852 1081 851
4 1074 1073 930 860
4 1501 870 928 859
4 1213 1113 1209 1111
4 1173 1172 943 941
4 1502 870 1501 859
4 1104 894 893 888
4 1244 1036 1242 978
4 1560 871 1504 870
4 1503 870 1502 859
4 1172 1108 1109 943
4 1088 890 895 888
4 1502 874 1501 871
4 1501 874 928 871
4 1427 917 1423 895
4 1208 1203 1204 1202
4 1423 1388 1396 912
4 1211 1194 1002 998
4 1174 1173 871 870
4 1150 1134 1133 1066
4 1131 893 870 859
4 1253 1228 1225 1197
4 1174 1173 941 939
4 1173 1172 874 871
4 1173 1172 941 939
4 1174 1173 874 871
4 1212 1198 1180 1179
4 1214 1001 1211 1000
4 1265 1195 1009 1003
4 1174 1173 943 941
4 3670 3575 3638 1593
4 1104 1088 856 855
4 1254 1253 1197 1175
4 1210 1177 1196 1174
4 1423 1384 1383 978
4 3447 1566 1591 1515
4 1210 1173 1174 1109
4 3758 1533 1534 1175
4 2669 962 961 895
4 1131 893 874 871
4 1201 1168 1169 1115
4 3434 1507 949 944
4 1084 1083 855 853
4 1503 932 1502 874
4 3447 1553 927 926
4 1423 1387 1386 978
4 3466 1231 1184 1183
4 1504 871 1503 870
4 3435 3434 948 947
4 1218 1209 950 945
4 1423 1385 1384 978
4 951 894 920 871
4 951 926 874 871
4 1597 926 927 874
4 3447 1501 1600 928
4 951 928 932 874
4 951 950 932 928
4 3447 1655 1656 1596
4 1423 1386 1385 978
4 1423 1400 978 964
4 1425 895 888 871
4 3466 1423 895 890
4 3767 3582 3686 2226
4 1633 1507 921 917
4 1451 1428 1017 978
4 3464 1276 1484 978
4 1207 1202 1205 1175
4 2669 1205 868 864
4 1426 1425 921 920
4 3579 3473 915 912
4 1088 1086 855 853
4 958 868 957 867
4 959 958 891 867
4 1080 852 1069 851
4 1072 373 1071 359
4 3696 1331 599 598
4 1307 1069 1080 334
4 1068 880 151 150
4 3716 2557 3461 2554
4 1107 1105 882 879
4 1088 1086 856 855
4 1153 1121 1152 1067
4 1075 1074 931 907
4 1106 1072 1071 359
4 1092 1076 1075 361
4 958 957 868 864
4 1426 895 890 888
4 959 868 958 867
4 1068 336 335 150
4 964 923 963 912
4 1210 1178 1209 1177
4 1076 1075 930 860
4 1075 908 1074 907
4 958 866 957 864
4 1104 1088 895 888
4 1194 994 1192 993
4 1131 1107 1105 893
4 1104 1088 855 853
4 959 958 868 864
4 1081 852 1080 851
4 966 959 868 864
4 1306 1277 1281 548
4 1173 1172 1109 943
4 1105 1104 882 879
4 1088 966 959 882
4 1427 1423 967 966
4 1187 945 1186 944
4 959 866 958 864
4 3687 1608 1602 869
4 1143 1067 416 367
4 3465 1239 1240 1190
4 960 866 869 865
4 1080 1069 878 854
4 1086 912 879 856
4 960 866 865 864
4 3591 3465 984 892
4 1105 1104 894 893
4 1072 151 880 129
4 960 865 868 864
4 3454 2731 2755 2711
4 1172 1171 871 870
4 2667 985 986 866
4 1961 1950 1956 1947
4 2719 2660 2661 1205
4 3687 3591 3525 1605
4 2661 2660 1212 1203
4 3858 3478 3549 3477
4 2670 960 868 867
4 962 873 961 869
4 961 960 891 867
4 1108 944 949 941
4 961 868 960 867
4 961 960 868 864
4 961 866 960 864
4 1132 1130 1074 157
4 961 869 960 866
4 961 873 960 869
4 3687 872 876 869
4 962 869 961 866
4 1161 1086 1089 853
4 1308 1296 1307 1293
4 1105 1104 855 853
4 962 866 961 864
4 3719 852 3572 851
4 962 961 868 864
4 3576 3440 3544 3439
4 1216 1213 1209 1177
4 962 868 961 867
4 1203 1198 1199 1113
4 1086 1084 856 855
4 962 961 891 867
4 1109 1108 949 943
4 962 961 895 890
4 1467 1438 1347 1344
4 962 891 961 890
4 4099 3763 3570 3528
4 1308 1080 1081 333
4 1107 1105 856 855
4 1104 895 894 888
4 1072 860 1071 130
4 1462 1417 1406 1390
4 1086 923 966 879
4 966 866 959 864
4 3447 1564 1557 1511
4 969 963 923 912
4 1074 1073 931 907
4 3591 1606 961 960
4 1307 1278 546 545
4 3657 3328 3540 3310
4 3465 1046 1647 1001
4 1078 978 963 912
4 1308 1082 1280 332
4 1427 921 1426 917
4 1498 1306 1285 552
4 3546 3526 3510 3509
4 1055 1036 1045 978
4 1280 1077 978 0
4 1308 1307 575 536
4 1069 1068 878 854
4 1086 1084 855 853
4 967 924 966 923
4 1234 1186 1187 917
4 966 923 882 879
4 1108 945 941 939
4 966 923 924 882
4 966 924 959 882
4 1106 1071 860 130
4 1423 1400 964 963
4 1423 969 1400 963
4 1423 966 868 864
4 1426 890 924 888
4 1423 1400 969 968
4 1423 868 966 867
4 1423 967 966 864
4 1187 949 1108 944
4 967 866 966 864
4 969 923 968 912
4 1112 1105 855 853
4 1603 919 1602 866
4 1427 1426 967 924
4 1436 1368 1355 1353
4 1612 919 1604 866
4 3590 1486 1488 1017
4 3566 956 891 890
4 1600 1599 1557 917
4 1467 1374 1371 1344
4 1191 997 1190 996
4 3591 1630 3525 1043
4 1045 1036 1022 978
4 1400 977 978 976
4 1464 1453 1461 1406
4 1614 967 1423 864
4 1427 966 1426 959
4 3705 922 918 864
4 3874 3787 3788 3786
4 1295 978 1292 912
4 3525 1612 1613 919
4 1427 1425 1423 917
4 3846 1342 1343 1341
4 1427 967 1426 966
4 4246 1286 4114 555
4 3447 1564 1658 1557
4 1214 996 1211 995
4 1072 373 358 151
4 1054 1053 1045 1036
4 3465 989 988 896
4 1308 1296 1293 1280
4 1589 1577 1582 1505
4 1308 1290 1294 533
4 1307 1080 1069 877
4 1301 978 1298 912
4 4297 4288 914 181
4 1497 1496 908 907
4 3447 1427 1450 923
4 1604 919 1603 866
4 1307 575 576 334
4 1603 1602 957 869
4 1192 1046 1002 998
4 1173 1109 1172 1108
4 1211 996 1194 995
4 1074 387 411 361
4 1146 1143 1098 1092
4 983 869 866 865
4 1693 1692 1049 1048
4 3457 2605 3456 2604
4 1076 376 360 131
4 1092 1091 1074 1073
4 983 873 869 865
4 983 875 873 865
4 2713 1205 2664 1115
4 2662 1207 2661 1203
4 2660 1210 1209 1113
4 1053 1052 1045 1036
4 1072 880 931 129
4 1072 373 359 358
4 1436 1355 1368 1354
4 1071 373 374 359
4 1071 359 374 130
4 985 984 866 864
4 2964 2815 2854 2814
4 985 984 892 875
4 3465 987 986 892
4 3629 1205 1201 1115
4 1423 959 891 867
4 985 984 869 866
4 2676 1191 1190 993
4 3032 2937 2990 2936
4 985 984 873 869
4 985 984 875 873
4 1075 156 387 154
4 1188 1187 951 920
4 1074 934 1073 933
4 986 985 869 866
4 986 985 892 875
4 1184 1183 921 917
4 2663 1205 2573 1116
4 3720 2664 2713 1205
4 986 985 873 869
4 986 985 875 873
4 1696 1034 1021 1005
4 1076 376 1075 361
4 3465 896 987 892
4 987 986 869 866
4 987 986 892 875
4 1147 1146 1097 1075
4 987 986 873 869
4 987 986 875 873
4 1450 1399 1402 912
4 2670 868 2669 867
4 1052 1051 1009 1003
4 988 987 896 892
4 988 987 869 866
4 1187 921 1186 920
4 988 987 892 875
4 3447 1478 1450 1423
4 988 987 873 869
4 988 987 875 873
4 1451 1450 1423 978
4 989 988 896 892
4 989 988 869 866
4 989 988 892 875
4 1280 571 331 0
4 989 988 873 869
4 989 988 875 873
4 1184 1183 1109 1108
4 1308 575 334 333
4 990 989 869 866
4 1215 1006 1214 998
4 990 989 873 869
4 990 989 875 873
4 3466 1231 953 894
4 990 989 892 875
4 1308 334 1080 333
4 990 989 896 892
4 1500 1280 906 905
4 1280 331 1077 0
4 1246 1244 1039 978
4 1207 1200 1199 1175
4 991 990 869 866
4 1694 1693 1050 1048
4 991 990 873 869
4 991 990 875 873
4 1674 1484 1673 1032
4 991 990 892 875
4 991 990 896 892
4 3465 902 991 896
4 1207 1199 1200 1114
4 992 991 869 866
4 3551 2556 3519 1093
4 992 991 873 869
4 992 991 875 873
4 992 991 892 875
4 992 991 896 892
4 992 991 902 896
4 1205 1201 1115 1114
4 993 992 869 866
4 2676 2675 992 866
4 2676 873 875 869
4 993 992 873 869
4 993 992 875 873
4 2675 990 991 866
4 993 992 892 875
4 3525 919 1614 918
4 993 992 896 892
4 993 992 902 896
4 1188 1187 1109 1108
4 3074 2937 3032 2936
4 1194 1046 1192 998
4 3591 1605 1606 960
4 1187 1186 1111 1109
4 1215 1001 1214 1000
4 3447 1477 1427 1426
4 1262 1194 1211 1046
4 1211 1046 1194 1006
4 1210 1186 950 945
4 1400 973 978 965
4 1053 1052 1009 1003
4 3465 993 1640 992
4 1048 1008 1046 1007
4 3074 2936 2988 2935
4 1056 1041 1055 1040
4 3590 3446 1485 1451
4 3591 1605 960 865
4 3687 3525 1606 1605
4 1427 959 1426 890
4 1048 1040 1046 1004
4 1484 1025 1026 978
4 3465 1645 1700 1644
4 3568 2647 2646 2593
4 1614 1609 1423 967
4 3809 3656 3710 1179
4 1604 957 958 866
4 3465 1639 1638 991
4 3465 903 1236 902
4 3465 1000 1646 999
4 1484 1034 1035 978
4 1677 1009 1046 1003
4 1685 1678 1046 1003
4 3465 903 902 896
4 1604 1603 957 866
4 1095 1090 1067 1064
4 1218 1209 1189 1178
4 1091 1074 362 361
4 1013 895 957 890
4 1013 962 895 890
4 1013 957 891 890
4 1013 891 962 890
4 1013 891 957 867
4 1013 962 891 867
4 1013 957 868 867
4 1013 868 962 867
4 1013 868 957 864
4 1013 962 868 864
4 1013 957 866 864
4 1013 866 962 864
4 1013 957 869 866
4 1013 869 962 866
4 1608 873 962 869
4 1427 968 969 923
4 1215 1214 1002 998
4 3464 1271 1273 978
4 3464 1245 1247 1242
4 3525 1603 1604 919
4 1470 1469 1441 1439
4 1400 976 978 975
4 1684 1428 1400 1014
4 1400 979 978 977
4 1428 981 1017 978
4 1467 1418 1394 1392
4 1400 974 978 973
4 1017 981 982 978
4 1400 979 980 978
4 1602 962 1013 869
4 1609 1400 1423 968
4 1467 1418 1463 1394
4 1608 1606 873 869
4 1614 1423 918 864
4 1427 1423 891 890
4 1400 965 978 964
4 1613 919 1612 866
4 1018 1017 1015 1014
4 1018 1017 1014 1012
4 1018 1017 1012 1011
4 1048 1004 1046 1003
4 1018 1017 1011 1010
4 1018 982 1010 978
4 1018 1017 982 978
4 1018 1017 1010 982
4 1698 1484 1675 1034
4 1400 972 978 971
4 1048 1039 1046 1038
4 3446 1668 1669 1028
4 1699 1695 1048 1022
4 3525 1614 3432 918
4 3591 876 898 873
4 1050 1004 1048 1003
4 1667 1028 1484 978
4 1023 1018 1015 1014
4 1023 1018 1014 1012
4 1023 1018 1012 1011
4 1023 1010 1011 978
4 1023 1018 1010 978
4 1023 1018 1011 1010
4 1024 1023 1016 1015
4 1056 1036 1055 978
4 1024 1023 1015 1014
4 1024 1023 1014 1012
4 1024 1011 1012 978
4 1024 1023 1011 978
4 1024 1023 1012 1011
4 3465 901 903 896
4 1048 1046 1042 1038
4 1025 1024 1016 1015
4 1700 1047 1685 1046
4 1025 1024 1015 1014
4 3465 1001 1647 1000
4 1025 1024 1012 978
4 1025 1024 1014 1012
4 1694 1693 1048 1046
4 1632 1507 1631 920
4 1682 1400 1661 1010
4 3920 3471 3819 3468
4 1026 1025 1016 1015
4 1026 1025 1015 1014
4 1026 1012 1014 978
4 1026 1025 1012 978
4 1026 1025 1014 1012
4 1696 1021 1031 1020
4 1484 1026 1027 978
4 4365 3486 1552 1545
4 1027 1026 1019 1016
4 1484 1032 1033 978
4 1027 1026 1016 1015
4 1027 1014 1015 978
4 1027 1026 1014 978
4 1027 1026 1015 1014
4 1048 1041 1046 1040
4 3687 873 3591 869
4 1028 1015 1016 978
4 1667 1484 1027 978
4 1667 1015 1028 978
4 1263 1214 1048 1046
4 3464 1195 1265 978
4 1029 1028 1020 1019
4 1462 1415 1417 1390
4 1029 1028 1016 978
4 1029 1028 1019 1016
4 3465 987 1630 986
4 3519 1121 1120 417
4 1030 1029 1020 1019
4 1030 1016 1019 978
4 1030 1029 1016 978
4 1030 1029 1019 1016
4 1152 1121 1143 1067
4 1675 1484 1674 1033
4 1031 1030 1019 978
4 1031 1030 1020 1019
4 1051 1009 1050 1008
4 1032 1031 1021 1020
4 1032 1019 1020 978
4 1032 1031 1019 978
4 1032 1031 1020 1019
4 1603 1602 869 866
4 3465 990 989 896
4 1033 1020 1021 978
4 1033 1032 1020 978
4 1033 1032 1021 1020
4 3519 369 1093 368
4 1696 1032 1031 1021
4 1048 1009 1046 1008
4 1034 1033 1021 978
4 1048 1046 1009 1003
4 1048 1042 1046 1041
4 1035 1021 1005 978
4 1035 1034 1021 978
4 1035 1021 1034 1005
4 1400 975 978 972
4 1050 1008 1048 1007
4 1036 1005 1022 978
4 1036 1035 1005 978
4 1143 1099 1100 1093
4 1037 983 866 864
4 1037 866 984 864
4 1037 983 869 866
4 1037 869 984 866
4 1037 983 873 869
4 1037 873 984 869
4 1037 983 875 873
4 1037 875 984 873
4 3591 3525 1629 1043
4 3525 3465 1639 1638
4 3824 2278 2033 2032
4 3591 983 1601 865
4 1048 1044 1046 1039
4 1051 1004 1050 1003
4 3783 3444 3518 3443
4 1048 1045 1046 1044
4 1047 1046 1040 1004
4 3464 1243 1245 1238
4 1697 1036 1035 1005
4 1052 1004 1051 1003
4 3465 1629 1628 984
4 3032 2942 2998 2941
4 1192 1001 1191 1000
4 1214 1054 1053 1007
4 1213 1197 1182 1181
4 1692 1687 1048 1046
4 3465 985 984 892
4 1613 1612 959 866
4 1264 1244 1242 1215
4 1052 1045 1051 1044
4 1052 1044 1051 1039
4 3566 955 956 890
4 1692 1687 1049 1048
4 1467 1419 1393 1344
4 1050 1048 1009 1003
4 1685 1046 1047 1004
4 1694 1693 1057 1050
4 1428 1400 981 980
4 1696 1034 1033 1021
4 3446 1484 1485 1451
4 1590 1514 1577 1513
4 3446 1664 1025 1024
4 2931 2881 2877 2876
4 1702 1484 1698 1035
4 1050 1039 1048 1038
4 1050 1044 1048 1039
4 1051 1044 1050 1039
4 1050 1009 1048 1008
4 1050 1040 1048 1004
4 1051 1040 1050 1004
4 1050 1048 1042 1038
4 1051 1050 1009 1003
4 1050 1045 1048 1044
4 3633 3527 453 94
4 1050 1041 1048 1040
4 1054 1045 1053 1044
4 1050 1042 1048 1041
4 1055 1054 1045 1036
4 1050 1048 1045 1022
4 1050 1022 1036 1005
4 1695 1050 1694 1036
4 1050 1048 1022 1005
4 1051 1039 1050 1038
4 1053 1004 1052 1003
4 1051 1036 1050 1022
4 1051 1050 1045 1022
4 1194 1006 1046 998
4 1194 995 1192 994
4 1052 1009 1051 1008
4 1054 1004 1053 1003
4 1052 1040 1051 1004
4 1051 1008 1050 1007
4 1055 1045 1054 1044
4 1051 1041 1050 1040
4 1052 1039 1051 1038
4 1051 1050 1042 1038
4 1052 1045 1036 1022
4 1051 1042 1050 1041
4 1052 1036 1051 1022
4 1052 1051 1045 1022
4 1053 1044 1052 1039
4 1192 1000 1191 999
4 1053 1009 1052 1008
4 1053 1045 1052 1044
4 1054 1044 1053 1039
4 1055 1004 1054 1003
4 1052 1008 1051 1007
4 1053 1040 1052 1004
4 1052 1041 1051 1040
4 3641 2248 3562 1935
4 1052 1051 1042 1038
4 1054 1053 1009 1003
4 1052 1042 1051 1041
4 1055 1054 1009 1003
4 1237 1056 1042 1038
4 1215 1002 1214 1001
4 1053 1008 1052 1007
4 1054 1040 1053 1004
4 1053 1041 1052 1040
4 1056 1055 1009 1003
4 1053 1039 1052 1038
4 3465 999 1645 997
4 1263 1214 1050 1048
4 1211 1048 1046 1007
4 1053 1042 1052 1041
4 1053 1052 1042 1038
4 1056 1004 1055 1003
4 1275 1268 1269 1221
4 1211 995 1194 994
4 1055 1044 1054 1039
4 1055 1009 1054 1008
4 1054 1008 1053 1007
4 1191 1002 1046 1001
4 1054 1041 1053 1040
4 1055 1040 1054 1004
4 1054 1039 1053 1038
4 1214 1007 1211 1006
4 1211 997 1194 996
4 3465 1190 1191 1001
4 1054 1042 1053 1041
4 1214 997 1211 996
4 1054 1053 1042 1038
4 1694 1050 1057 1036
4 1238 1036 1237 978
4 1056 1009 1055 1008
4 3464 1249 1270 1195
4 1222 1006 1221 998
4 1055 1041 1054 1040
4 1211 1050 1048 1007
4 1055 1039 1054 1038
4 1056 1040 1055 1004
4 1214 1211 1002 998
4 1598 951 1597 920
4 1055 1042 1054 1041
4 3809 1179 1261 1175
4 1055 1054 1042 1038
4 1237 1036 1056 978
4 3464 1056 1237 1036
4 1211 1006 1194 998
4 1056 1042 1055 1041
4 3464 1243 1238 1237
4 1215 1007 1214 1006
4 1056 1055 1042 1038
4 3839 1896 3501 1843
4 1194 997 1192 996
4 1214 1006 1211 998
4 1056 1039 1055 1038
4 1056 1044 1055 1039
4 1237 1044 1056 1039
4 1056 1055 1045 978
4 1056 1045 1055 1044
4 1194 996 1192 995
4 1211 1000 1194 999
4 3464 1055 1056 1036
4 3464 1701 1237 1056
4 3464 1701 1243 1237
4 3464 1484 1702 1036
4 1058 1050 1051 1036
4 1058 1057 1050 1036
4 3809 3710 1586 1256
4 1059 1051 1052 1036
4 1059 1058 1051 1036
4 1194 1192 1002 998
4 1060 1052 1053 1036
4 1060 1059 1052 1036
4 1194 1002 1192 1001
4 1219 1217 1002 998
4 3465 1185 1190 996
4 1700 1679 1648 1046
4 1215 1000 1214 999
4 1215 999 1214 997
4 1217 1006 1215 998
4 1211 1007 1046 1006
4 1194 1000 1192 999
4 1219 1008 1217 1007
4 1217 1215 1002 998
4 1207 1201 1200 1175
4 1194 1001 1192 1000
4 3856 3851 1335 601
4 1074 158 411 157
4 1118 389 1066 388
4 3472 1133 1134 384
4 1151 1073 931 860
4 1307 576 1306 150
4 1088 890 888 882
4 1074 908 1073 907
4 1066 389 412 388
4 3538 386 1124 385
4 1066 412 363 362
4 1134 1073 1133 1066
4 1120 423 416 415
4 1135 1073 1074 905
4 1174 1173 946 943
4 1065 396 413 390
4 1120 421 422 413
4 1070 375 360 359
4 1071 931 1070 860
4 1134 1130 1074 1073
4 1143 416 417 367
4 3796 396 3766 390
4 1075 931 1074 860
4 1121 415 1064 413
4 1066 390 412 389
4 1066 1065 412 390
4 1117 1065 1066 390
4 1074 933 1073 886
4 1121 1120 413 396
4 1067 415 416 367
4 1118 1117 1066 389
4 1151 1073 934 933
4 3472 1518 1525 886
4 3472 1526 934 933
4 1090 1066 363 362
4 1133 1073 1124 1066
4 1107 1105 879 856
4 1133 1124 1073 339
4 1074 1073 908 905
4 1107 1105 893 888
4 1112 1110 1104 853
4 1502 871 1501 870
4 1092 1075 1074 361
4 1092 1074 1091 361
4 1090 1066 1065 363
4 1097 1070 360 359
4 1106 1072 359 358
4 1143 1102 1096 1090
4 1103 1068 880 151
4 1106 1071 1070 860
4 1091 1067 1090 1064
4 1091 1090 1066 1065
4 1091 1066 1090 362
4 1091 362 1074 339
4 1091 1074 1073 339
4 1091 1090 1065 1064
4 1091 1066 362 339
4 1091 1073 1066 339
4 1103 1072 358 151
4 1097 1092 1076 1075
4 1103 1068 881 880
4 4226 3799 3887 3658
4 1106 359 1071 130
4 1097 1092 1075 1074
4 1708 241 1707 39
4 1095 1090 1064 363
4 4169 4109 4160 4093
4 1103 881 1068 877
4 1095 1064 367 363
4 3638 3599 3593 3575
4 3503 2128 1918 221
4 1186 1109 949 943
4 1173 1172 870 859
4 1146 1143 1097 1067
4 1153 1121 1067 1064
4 1147 1076 1106 1070
4 1097 930 1076 131
4 1146 1097 1073 1066
4 1106 1103 1072 358
4 3445 1450 1483 1435
4 1097 1070 930 131
4 1106 1070 359 130
4 1097 1076 360 131
4 1097 360 1070 131
4 1097 1076 1092 360
4 1097 1070 1076 930
4 1103 358 336 151
4 1097 1092 1073 1066
4 1139 1135 1074 905
4 1146 1097 1074 1073
4 1146 1097 1075 1074
4 1097 1092 1066 1065
4 1103 1068 878 877
4 1143 1101 1102 1090
4 1097 1092 1065 1064
4 1103 336 1068 151
4 1097 1067 1092 1064
4 1148 1103 852 851
4 3486 1339 1340 607
4 1106 1076 1097 1070
4 1143 417 368 367
4 1143 1100 1101 1094
4 3519 1094 1143 368
4 1192 1046 1191 1002
4 3655 912 3579 909
4 1143 1095 1090 1067
4 1155 1121 1153 1064
4 1103 1068 852 851
4 1106 1097 1076 1075
4 1103 878 1068 854
4 1103 854 1068 851
4 1147 1106 1103 851
4 1108 1107 945 939
4 1131 951 932 874
4 1172 1171 874 871
4 1170 1131 870 859
4 1105 1104 856 855
4 1172 1171 932 874
4 1104 959 958 890
4 1104 1088 959 890
4 1171 1170 932 874
4 1173 1172 932 874
4 1105 1104 895 894
4 1131 893 894 874
4 1131 1105 894 893
4 1172 1171 870 859
4 1105 957 1013 895
4 1105 957 895 890
4 1105 895 1104 890
4 1105 958 957 890
4 1105 1104 958 890
4 1147 1106 1072 1071
4 1106 881 1103 877
4 1106 1103 878 877
4 1106 878 1103 854
4 1145 1068 1069 852
4 1106 854 1103 851
4 1147 881 1106 877
4 1147 854 1106 851
4 1147 1072 1106 880
4 1255 1254 1198 1175
4 1184 1131 1183 1107
4 1107 1105 895 894
4 1196 1174 947 946
4 1107 1013 962 895
4 1107 1105 1013 895
4 3465 1646 1645 999
4 1108 1107 895 894
4 2669 868 891 867
4 2669 1213 1187 895
4 1108 1107 962 895
4 3465 1191 1046 1001
4 1252 1196 874 871
4 1467 1368 1374 1347
4 1184 1108 1109 894
4 2661 1210 2660 1186
4 2661 2660 1213 1212
4 2893 2766 2765 2760
4 2669 1205 1207 1203
4 2661 1207 2660 1203
4 1112 1104 1105 853
4 1110 1089 1088 853
4 1110 1088 1104 853
4 1227 1171 1172 859
4 3495 3462 3463 3461
4 2661 1186 2660 1111
4 2672 983 1037 864
4 4099 3731 3763 3528
4 3435 948 1506 946
4 1584 1583 1513 1505
4 2662 2661 1213 1212
4 2660 1186 1113 1111
4 1184 951 1183 950
4 1184 1183 951 920
4 1187 1186 1109 949
4 2665 1212 2660 1203
4 2675 991 992 866
4 2928 2927 2924 2650
4 1213 1212 1180 1179
4 1184 917 921 894
4 1188 951 1187 950
4 1213 1182 1197 1176
4 3629 3458 3593 2574
4 2665 2660 1207 1203
4 1188 1107 1183 950
4 1184 921 920 894
4 2627 2626 2573 1201
4 1187 1109 1108 949
4 2676 1211 1215 1191
4 3622 1117 1118 389
4 3561 3530 3526 3509
4 1134 384 1074 158
4 3641 3562 2309 2308
4 1307 1296 1299 539
4 1133 384 385 339
4 3561 3546 3530 3470
4 1150 1122 1121 1066
4 3538 3522 389 388
4 4084 4028 3495 3494
4 1124 1119 1066 386
4 3622 1123 1119 1118
4 3519 1143 1121 417
4 3522 393 388 386
4 3955 3519 3551 1578
4 1121 1120 417 416
4 1120 420 412 396
4 1120 420 421 412
4 1120 412 413 396
4 1120 421 413 412
4 1132 1074 1073 886
4 1151 1073 1134 1066
4 1122 1121 1066 1065
4 1122 1121 1065 396
4 1151 931 1073 907
4 3622 1519 1118 1117
4 4128 3907 4047 3644
4 1512 1508 945 944
4 3622 1119 3538 1118
4 4066 3838 3840 3745
4 4269 1307 1285 1283
4 3472 1525 1526 933
4 1134 1074 1130 158
4 1134 1133 1073 339
4 3489 608 634 607
4 3472 1526 1527 930
4 3506 795 158 157
4 1150 1124 1119 1066
4 3472 904 184 156
4 4033 3915 3920 3468
4 3538 1118 1119 388
4 3647 2436 2391 2388
4 1499 907 908 904
4 1150 1066 1121 1065
4 1151 908 1073 905
4 1150 1117 1122 1066
4 1150 1121 1149 1065
4 1150 1118 1117 1066
4 1140 1076 1070 905
4 1146 1097 1143 1092
4 1148 1147 1103 851
4 3454 3107 2739 2685
4 3606 879 912 856
4 3473 1171 1226 859
4 3473 1171 1170 1142
4 1140 1139 1075 905
4 3584 3242 3407 2856
4 3469 1294 1319 1293
4 1141 1140 1070 905
4 1147 1106 881 880
4 1171 1170 870 859
4 1216 1213 1181 1180
4 1143 1090 1091 1067
4 1143 1096 1091 1090
4 1143 1096 1098 1091
4 1143 1091 1092 1067
4 1143 1098 1092 1091
4 1143 1092 1097 1067
4 1147 878 1106 854
4 3451 1361 1336 1335
4 1147 1106 1071 1070
4 1145 1144 1068 852
4 1148 1103 1068 852
4 1148 1068 1144 852
4 3449 3448 1335 1334
4 3486 608 1341 585
4 1150 1133 1124 1066
4 1151 1073 1135 905
4 1151 1130 1134 1073
4 1151 930 1073 860
4 1151 934 1073 930
4 1151 1134 1150 1066
4 1507 948 949 943
4 1504 945 950 932
4 1571 1570 1561 859
4 1524 1523 907 904
4 1151 1073 908 907
4 1151 1132 1130 1073
4 4136 3773 3883 3728
4 1151 1073 933 886
4 1151 1132 1073 886
4 1450 923 1423 912
4 1423 1383 1302 978
4 1154 1069 1080 852
4 1154 1145 1069 852
4 1160 1081 1082 852
4 1462 1458 1456 1390
4 4151 3813 3789 3773
4 1159 1154 1080 852
4 1157 1156 1077 852
4 1157 1078 853 852
4 3843 3700 3790 3638
4 1160 1159 1081 852
4 3771 1380 1353 1352
4 1158 1078 1079 853
4 1158 1157 1078 853
4 1160 1077 1156 852
4 1693 1049 1057 1048
4 3638 3575 3608 3433
4 1161 1084 1086 853
4 1161 1087 1084 853
4 1170 1131 871 870
4 1162 1107 856 855
4 1162 1107 879 856
4 1162 1107 882 879
4 1162 1107 888 882
4 1162 1105 1107 855
4 1162 1112 1105 855
4 1173 948 947 946
4 1188 945 1187 944
4 1170 1131 932 874
4 1171 1170 871 870
4 1462 1459 1415 1390
4 1200 1114 1199 1113
4 1251 1250 1173 859
4 3434 1507 1506 948
4 1171 1170 874 871
4 1170 1131 874 871
4 3590 1662 1023 1018
4 1252 1196 946 943
4 1173 1172 871 870
4 1186 1173 1109 943
4 1174 1173 947 946
4 1210 1174 1173 947
4 1256 1233 1253 1197
4 1196 1174 941 939
4 1172 1108 943 941
4 1170 1131 1162 1107
4 1171 1170 1107 932
4 1171 1107 939 932
4 3710 1233 1256 1181
4 1184 1183 1131 950
4 1184 1131 951 950
4 1174 1173 939 932
4 1172 1171 939 932
4 1174 1173 870 859
4 1171 1107 1108 939
4 1255 1198 1199 1175
4 1171 1170 1162 1107
4 1173 1108 1172 1107
4 4359 4353 1580 848
4 1173 1163 1108 1107
4 1172 1108 941 939
4 1172 1171 1108 939
4 1173 1172 1162 1107
4 1172 1171 1162 1107
4 1173 1162 1163 1107
4 1172 1108 1171 1107
4 1252 1196 939 932
4 1196 1174 874 871
4 1174 1173 932 874
4 1210 945 1209 944
4 1214 994 1211 993
4 1174 1109 1173 1108
4 1207 1199 1203 1175
4 1174 1173 1163 1108
4 1216 1213 1180 1179
4 3447 1596 1597 928
4 1211 1001 1194 1000
4 1187 1186 951 920
4 1210 1209 1189 948
4 1253 1233 1232 1197
4 1207 1201 1205 1114
4 1210 1189 1209 1178
4 3809 1261 1532 1175
4 1211 1051 1050 1007
4 1201 1169 1116 1115
4 1188 1108 1107 945
4 1186 948 1173 943
4 1212 1198 1203 1113
4 1184 1107 1108 894
4 1184 951 1131 894
4 1188 1183 951 950
4 1207 1205 1201 1175
4 1203 1199 1114 1113
4 1218 1209 949 948
4 1210 1189 1186 948
4 1187 951 1186 950
4 1187 1186 949 944
4 3758 1592 1593 1533
4 3447 1502 1599 1501
4 2660 1186 1210 1113
4 1252 1196 943 941
4 1214 1056 1055 1008
4 1196 1174 946 943
4 2714 1222 2679 999
4 1196 1174 943 941
4 1186 949 948 943
4 1235 1187 1188 917
4 3502 1846 1899 1844
4 1218 1189 1209 948
4 1184 921 1183 920
4 1188 1109 1183 1108
4 3466 891 1423 890
4 3720 2716 2663 2579
4 1464 1417 1433 1405
4 2669 1212 1213 1203
4 1188 1108 945 944
4 1187 950 1186 945
4 1184 1105 1107 894
4 1184 1131 1105 894
4 1184 1131 1107 1105
4 1188 1187 1108 944
4 1188 1108 1183 1107
4 1183 1131 1170 1107
4 1184 920 951 894
4 1188 950 1187 945
4 1210 1186 1173 1109
4 1183 950 1107 932
4 1183 1107 1170 932
4 1183 1131 950 932
4 1183 1170 1131 932
4 3846 1373 1376 1346
4 3464 1247 1244 1242
4 1191 1001 1190 1000
4 3456 2687 2742 2686
4 2664 1205 2663 1116
4 2676 892 902 875
4 2666 1037 984 864
4 1210 1186 945 944
4 1211 994 1194 993
4 1467 1438 1436 1368
4 1207 1203 1199 1114
4 2661 1188 1187 1111
4 1192 996 1191 995
4 1191 1000 1190 999
4 1192 999 1191 997
4 3465 1185 994 993
4 1196 1174 870 859
4 1189 1186 948 947
4 1506 938 940 932
4 1186 1173 948 947
4 1210 1173 1186 947
4 2661 1213 2660 1209
4 1188 1187 1111 1109
4 3458 2620 2625 2567
4 1188 1183 921 920
4 2661 2660 1210 1209
4 2661 2660 1207 1205
4 1188 921 1187 920
4 1427 1423 968 967
4 2669 895 891 868
4 1188 921 1183 917
4 1188 1187 921 917
4 1211 999 1194 997
4 3599 3456 3457 3455
4 2660 1209 1213 1113
4 2947 2762 2893 2760
4 2669 1207 2662 1203
4 3099 2676 1222 866
4 3466 1184 1231 894
4 2676 1221 1222 1219
4 3562 3536 3475 2308
4 3568 2646 2649 2596
4 1212 1197 1198 1113
4 1218 949 1209 944
4 1213 1209 1197 1111
4 1190 994 1185 993
4 1191 996 1190 995
4 1192 995 1191 994
4 1191 999 1190 997
4 1214 999 1211 997
4 1191 995 1190 994
4 2662 2661 1207 1205
4 1216 1202 1213 1179
4 1192 1002 1191 1001
4 1221 1007 1219 1006
4 1214 995 1211 994
4 1215 997 1214 996
4 1210 1186 1189 947
4 1215 1008 1214 1007
4 1192 994 1191 993
4 1191 994 1190 993
4 3464 1246 1248 1195
4 1217 997 1215 996
4 1222 1007 1221 1006
4 1214 1053 1052 1007
4 2850 2796 2849 2073
4 1211 1052 1051 1007
4 1237 1056 1045 978
4 1210 1174 1196 1111
4 2676 875 902 869
4 3629 2574 2573 1201
4 1194 999 1192 997
4 1215 996 1214 995
4 1215 995 1214 994
4 1214 1055 1054 1008
4 1219 996 1217 995
4 1219 1006 1217 998
4 3590 1451 1454 1400
4 1263 1238 1237 1214
4 1238 1044 1237 1039
4 3495 1876 1880 1823
4 1238 1237 1044 978
4 1237 1045 1056 1044
4 1265 1040 1195 1004
4 1237 1045 1044 978
4 1237 1039 1056 1038
4 3464 1270 1272 1265
4 1242 1036 1238 978
4 1196 1174 932 874
4 1252 1196 941 939
4 1252 1196 871 870
4 1633 921 1507 920
4 1196 1111 1174 1109
4 1196 1174 939 932
4 1259 1255 1199 1175
4 2673 2668 987 866
4 1196 1174 1163 1108
4 1196 1109 1174 1108
4 3454 2762 2741 2710
4 1201 1168 1115 1114
4 1213 1197 1212 1113
4 1197 1111 1196 1109
4 1198 1113 1197 1111
4 1252 1251 1174 859
4 1214 1052 1211 1007
4 3435 1529 946 943
4 1197 1196 1163 1108
4 1197 1109 1196 1108
4 1198 1111 1197 1109
4 1201 1167 1168 1114
4 1199 1113 1198 1111
4 1198 1197 1163 1108
4 1198 1109 1197 1108
4 1201 1167 1114 1113
4 1199 1111 1198 1109
4 1200 1113 1199 1111
4 1252 1174 1196 859
4 1201 1114 1200 1113
4 1199 1198 1163 1108
4 1199 1109 1198 1108
4 1201 1166 1167 1113
4 1200 1111 1199 1109
4 1201 1166 1113 1111
4 1688 1018 1017 1015
4 1201 1113 1200 1111
4 1455 1433 1432 1405
4 1200 1199 1163 1108
4 1200 1109 1199 1108
4 1201 1165 1166 1111
4 1201 1165 1111 1109
4 1201 1111 1200 1109
4 1252 1196 870 859
4 1201 1164 1165 1109
4 1201 1163 1164 1108
4 1201 1200 1163 1108
4 1201 1164 1109 1108
4 1201 1109 1200 1108
4 1207 1205 1115 1114
4 3629 1116 1205 1115
4 1210 1186 951 950
4 1212 1203 1114 1113
4 1210 1174 1111 1109
4 1210 1186 949 948
4 2931 2883 2878 2877
4 1213 1202 1212 1179
4 1210 1111 1186 1109
4 1209 1196 1197 1111
4 1225 1224 1196 1177
4 1213 1212 1114 1113
4 1213 1212 1197 1180
4 1207 1203 1202 1175
4 1207 1200 1201 1114
4 3461 2566 2617 2565
4 1214 1008 1054 1007
4 2665 2660 1213 1113
4 3670 1593 3629 1534
4 3495 3461 3463 1833
4 1216 1212 1213 1202
4 1208 1206 1205 1202
4 1208 1205 1207 1202
4 2715 1001 1222 1000
4 3629 1201 1205 1175
4 4028 2035 2036 1855
4 3629 1205 1202 1175
4 3685 2980 3608 2931
4 1208 1207 1203 1202
4 1212 1198 1197 1180
4 1210 949 1186 944
4 1213 1197 1209 1176
4 2661 1187 1186 1111
4 1210 949 1209 948
4 3447 926 1425 925
4 3458 2625 2624 2567
4 1210 1209 1196 1177
4 3606 3473 912 879
4 1210 1196 1209 1111
4 1583 1512 1513 941
4 1210 1209 1113 1111
4 1210 1209 949 944
4 1218 1209 1193 917
4 1218 1209 921 920
4 2664 1205 1116 1115
4 1210 950 1209 945
4 1464 1455 1452 1405
4 1210 951 1209 950
4 1210 951 1186 920
4 1210 1209 951 920
4 1212 1198 1179 1175
4 1210 1186 921 920
4 1210 921 1209 920
4 1212 1179 1202 1175
4 1210 921 1186 917
4 1210 1209 921 917
4 1210 1186 1193 917
4 1210 1193 1209 917
4 1501 932 950 928
4 2352 2331 2351 2271
4 2676 902 1215 869
4 2676 993 896 892
4 1217 1000 1215 999
4 1215 994 1214 993
4 1265 1004 1195 1003
4 1212 1202 1203 1175
4 1212 1203 1198 1175
4 3670 3629 1205 1202
4 2667 985 866 864
4 1229 1213 1216 1177
4 1220 1212 1216 1202
4 1216 1182 1213 1176
4 4226 3887 3742 3658
4 2128 1918 1739 1738
4 1271 1040 1265 1004
4 1214 1211 1048 1046
4 1262 1258 1194 1046
4 1214 1211 1050 1048
4 2676 1219 1222 1215
4 1273 1004 1271 1003
4 1263 1214 1053 1052
4 1263 1262 1211 1046
4 1214 1211 1051 1050
4 1263 1214 1052 1051
4 1264 1215 1242 1214
4 1214 1211 1052 1051
4 1217 999 1215 997
4 1217 1008 1215 1007
4 1217 1002 1215 1001
4 3777 2743 2742 2687
4 3424 2331 2352 2271
4 3446 1665 1026 1025
4 1263 1214 1051 1050
4 3446 1025 1484 1024
4 2676 1191 1215 902
4 2676 993 875 873
4 1218 1209 951 950
4 1218 951 1209 920
4 1218 921 1209 917
4 1217 996 1215 995
4 1219 997 1217 996
4 1221 1008 1219 1007
4 1221 1219 1002 998
4 1221 1006 1219 998
4 1222 1221 1002 998
4 1217 1001 1215 1000
4 1217 995 1215 994
4 3621 1956 1961 1945
4 1221 996 1219 995
4 1221 997 1219 996
4 1219 1002 1217 1001
4 1265 1009 1195 1008
4 1217 994 1215 993
4 3777 2695 2995 2694
4 1218 1209 1178 1177
4 1218 1216 1209 1177
4 1219 999 1217 997
4 2665 1213 2660 1212
4 1219 995 1217 994
4 1222 997 1221 996
4 1222 996 1221 995
4 3848 3672 3750 3662
4 3464 1272 1271 1265
4 1219 1001 1217 1000
4 1221 1002 1219 1001
4 1219 1000 1217 999
4 1265 1041 1195 1040
4 1219 994 1217 993
4 1221 999 1219 997
4 3464 1273 1275 978
4 3662 3562 3621 3536
4 3972 2566 2565 1826
4 2676 1185 1190 902
4 1220 1204 1203 1202
4 1220 1203 1212 1202
4 1221 995 1219 994
4 1273 1040 1271 1004
4 3501 1844 3497 1836
4 1222 1002 1221 1001
4 1222 999 1221 997
4 3464 1246 1195 978
4 1265 1042 1195 1041
4 1221 1001 1219 1000
4 1222 995 1221 994
4 1221 1000 1219 999
4 1221 994 1219 993
4 3824 3810 3803 3597
4 1275 1267 1219 1217
4 1275 1221 1222 1008
4 3691 2774 2778 2773
4 1222 1001 1221 1000
4 1222 1000 1221 999
4 1222 994 1221 993
4 2676 993 869 866
4 2676 993 873 869
4 1223 1174 1210 947
4 1223 1210 1178 947
4 1223 1177 1210 1174
4 1223 1178 1210 1177
4 1224 1196 1177 1174
4 1224 1177 1223 1174
4 1224 1223 1196 1174
4 1225 1224 1197 1196
4 1228 1225 1197 1196
4 1229 1209 1228 1176
4 3473 1226 1171 1142
4 1253 1225 1224 1197
4 1251 1173 1174 859
4 1227 1226 1171 859
4 3447 1480 1551 925
4 1250 1227 1172 859
4 1228 1209 1197 1176
4 1228 1197 1209 1196
4 1229 1216 1213 1176
4 1229 1213 1209 1176
4 1229 1209 1213 1177
4 1229 1196 1209 1177
4 1229 1225 1196 1177
4 1229 1225 1228 1196
4 1229 1228 1209 1196
4 3691 2835 2782 2781
4 1235 1234 1187 917
4 1232 1182 1197 1181
4 1232 1197 1182 1176
4 1232 1228 1197 1176
4 1233 1232 1197 1181
4 1261 1179 1198 1175
4 3465 1190 999 997
4 3465 991 990 896
4 1237 1042 1056 1041
4 1238 1039 1237 1038
4 1237 1056 1214 1008
4 1242 1044 1039 978
4 1237 1041 1056 1040
4 1242 1238 1044 978
4 1237 1009 1056 1008
4 1238 1237 1042 1038
4 1237 1040 1056 1004
4 1237 1056 1009 1003
4 3464 1247 1248 1244
4 1237 1004 1056 1003
4 1242 1044 1238 1039
4 1244 1242 1039 978
4 1238 1042 1237 1041
4 3464 1248 1249 1195
4 1238 1237 1214 1008
4 3464 1238 1242 1036
4 1238 1041 1237 1040
4 1238 1009 1237 1008
4 1242 1238 1042 1038
4 1238 1040 1237 1004
4 1238 1237 1009 1003
4 1244 1039 1242 1038
4 1238 1004 1237 1003
4 1683 1012 1400 1011
4 3465 1647 1700 1646
4 3465 1190 1000 999
4 1258 1192 1194 1046
4 1263 1242 1238 1214
4 1263 1211 1214 1046
4 1241 1191 1192 1046
4 1241 1240 1191 1046
4 1242 1042 1238 1041
4 3464 1242 1244 1036
4 1242 1238 1214 1008
4 1246 1038 1195 978
4 1242 1041 1238 1040
4 1242 1009 1238 1008
4 1246 1039 1244 1038
4 1242 1040 1238 1004
4 1244 1242 1042 1038
4 1242 1238 1009 1003
4 3464 1036 1244 978
4 1242 1004 1238 1003
4 1264 1242 1263 1214
4 1244 1042 1242 1041
4 3464 1248 1246 1244
4 1244 1009 1242 1008
4 1244 1214 1215 1008
4 1244 1242 1214 1008
4 1244 1242 1215 1214
4 1246 1042 1195 1038
4 1244 1041 1242 1040
4 1246 1244 1042 1038
4 1244 1242 1009 1003
4 1246 1215 1195 1008
4 1244 1040 1242 1004
4 1246 1244 1215 1008
4 1244 1004 1242 1003
4 4024 3994 3885 3873
4 3839 1853 1906 1852
4 1246 1195 1042 1041
4 1246 1042 1244 1041
4 1246 1195 1009 1008
4 1246 1009 1244 1008
4 1246 1195 1041 1040
4 1246 1041 1244 1040
4 1246 1009 1195 1003
4 1246 1244 1009 1003
4 1246 1195 1040 1004
4 1246 1040 1244 1004
4 1246 1195 1004 1003
4 1246 1004 1244 1003
4 1446 1368 1353 1352
4 3464 1274 1273 1271
4 2964 2913 2963 2912
4 1260 1259 1200 1175
4 1253 1232 1228 1197
4 1259 1199 1200 1175
4 1252 1224 1223 1196
4 1252 1196 1223 947
4 1252 1196 947 946
4 1253 1224 1252 1196
4 1260 1200 1201 1175
4 3534 1229 1228 1176
4 1593 1588 1592 1506
4 1583 1513 1505 941
4 1261 1197 1253 1175
4 1256 1181 1197 1180
4 1256 1233 1197 1181
4 1256 1197 1198 1180
4 1257 1193 1186 917
4 1257 1186 1234 917
4 1258 1241 1192 1046
4 3719 3467 3572 858
4 1450 1402 1403 912
4 1261 1256 1253 1197
4 1261 1180 1198 1179
4 1261 1256 1198 1180
4 1261 1198 1197 1175
4 1261 1198 1256 1197
4 1263 1214 1237 1056
4 1263 1214 1054 1053
4 1263 1214 1055 1054
4 1263 1214 1056 1055
4 1264 1246 1244 1215
4 1634 1507 1633 917
4 3464 1274 1276 1273
4 1275 1268 1221 1219
4 1265 1195 1038 978
4 1265 1195 1042 1038
4 1271 1009 1265 1008
4 1265 1195 1215 1008
4 3464 1275 1276 978
4 1265 1264 1215 1195
4 3464 1265 1271 978
4 1700 1676 1681 1046
4 1271 1004 1265 1003
4 1275 1040 1273 1004
4 1275 1269 1222 1221
4 1467 1437 1438 1394
4 3651 3605 3542 3483
4 3464 1276 1275 1273
4 3435 942 941 939
4 1271 1265 1009 1003
4 1273 1009 1271 1008
4 1271 1041 1265 1040
4 1275 1004 1273 1003
4 1271 1265 1264 1215
4 1275 1222 1009 1008
4 3464 1272 1274 1271
4 1271 1042 1265 1041
4 1275 1267 1268 1219
4 1271 1265 1215 1008
4 1275 1219 1221 1008
4 1271 1265 1038 978
4 1271 1265 1042 1038
4 1273 1271 1009 1003
4 1273 1041 1271 1040
4 1275 1266 1267 1217
4 1682 1011 1400 1010
4 1273 1271 1264 1215
4 1275 1041 1040 978
4 1273 1042 1271 1041
4 1275 1041 1273 1040
4 1273 1271 1215 1008
4 1273 1038 1042 978
4 1273 1271 1038 978
4 1273 1271 1042 1038
4 1275 1009 1273 1008
4 1484 1035 1036 978
4 3447 925 1425 924
4 1275 1009 1222 1003
4 1275 1273 1009 1003
4 1275 1217 1219 1008
4 1275 1266 1217 1215
4 1275 1264 1266 1215
4 1275 1273 1264 1215
4 1275 1042 1041 978
4 1275 1273 1042 978
4 1275 1042 1273 1041
4 1275 1215 1217 1008
4 1275 1273 1215 1008
4 1700 1681 1680 1046
4 1700 1680 1679 1046
4 3469 1280 878 854
4 3719 861 857 851
4 3469 1280 854 851
4 3474 905 1072 880
4 1306 576 759 150
4 1308 1294 1307 536
4 1498 1497 931 129
4 3938 3863 3861 3702
4 1446 1368 1349 1346
4 3713 3693 3689 3680
4 3572 1078 1291 1077
4 3572 1297 1295 912
4 3469 1082 1280 1081
4 3572 1078 1077 852
4 3469 1296 1324 1280
4 3446 1018 1484 1017
4 4250 4076 4115 3896
4 1368 1345 1367 1343
4 3630 2527 3419 2483
4 3790 3456 3457 2605
4 3572 912 1078 853
4 3469 1280 881 877
4 3572 1301 1328 1298
4 3469 1292 1318 1291
4 3469 1294 1293 1280
4 1307 539 576 538
4 3512 785 3493 571
4 1307 1278 1279 546
4 3474 1136 1137 1071
4 3474 1141 1136 1070
4 3572 1302 1301 912
4 3469 1319 1294 1290
4 3556 119 3550 114
4 3572 978 1078 912
4 3572 1295 3469 1292
4 3556 3550 3512 3493
4 3584 3286 3554 3244
4 3572 1384 1410 1383
4 4350 4327 4347 4302
4 3469 1319 1320 1293
4 4293 1307 1308 1285
4 1304 1279 1280 1278
4 3572 1384 1383 912
4 3469 878 1280 877
4 1304 1280 1279 1277
4 1305 1303 1280 1277
4 1305 1280 1304 1277
4 1306 1284 1285 551
4 1498 129 931 127
4 1498 1285 1283 552
4 1307 877 1069 146
4 1307 881 877 146
4 1306 759 576 547
4 1307 545 576 544
4 1306 1279 1277 547
4 1306 548 759 547
4 1306 1277 548 547
4 1306 552 759 551
4 1306 1285 552 551
4 1308 575 333 332
4 1307 878 1080 877
4 1308 1307 1294 1293
4 1307 1279 547 546
4 1308 1307 908 881
4 1307 1281 1306 1277
4 1308 908 905 881
4 1307 1282 1306 1281
4 1308 908 1307 905
4 1307 1284 1306 1282
4 1308 1307 1300 1278
4 1307 1285 1306 1284
4 1308 1300 1280 1278
4 1307 1306 1285 1283
4 1308 905 1280 881
4 4269 1306 1307 1283
4 1308 1300 1307 1299
4 3683 3539 3347 3081
4 1308 1299 1307 1296
4 1308 1307 881 877
4 3540 3328 3408 3310
4 3469 1293 1296 1280
4 1308 1306 1280 905
4 1308 1307 1306 905
4 1308 1280 1279 1278
4 1308 1279 1307 1278
4 1308 1279 1280 1277
4 1308 1307 1279 1277
4 3649 3366 3028 2924
4 1308 1280 1281 1277
4 1308 1281 1307 1277
4 3622 1519 1123 1118
4 3752 3252 3597 2522
4 1308 1282 1281 1280
4 1308 1282 1307 1281
4 3970 3697 3713 3648
4 4023 3812 3677 3669
4 1308 1284 1282 1280
4 1308 1284 1307 1282
4 4293 1285 1308 1284
4 1308 1285 1307 1284
4 3572 1302 1329 1301
4 4099 3820 3602 3560
4 3946 3451 1337 1336
4 1310 1281 1282 1280
4 1310 1303 1281 1280
4 4311 4293 1308 1284
4 4311 1284 1308 1280
4 3633 3527 3589 453
4 3522 385 3506 384
4 4293 4269 1307 1285
4 3486 1368 1346 1345
4 4024 3877 3994 3486
4 3538 1123 1125 1119
4 1571 1513 1514 941
4 3805 3195 3247 3194
4 1496 908 1492 905
4 1492 931 1491 907
4 3642 3420 3541 2527
4 1492 908 1491 905
4 3541 2479 2527 2476
4 4296 182 913 181
4 3601 3214 3213 2965
4 4012 1332 4008 1331
4 3860 3442 3583 3438
4 4060 4014 3807 3800
4 3469 1295 1321 1292
4 3469 1291 1290 1280
4 3469 1291 1317 1290
4 3469 1316 1319 1290
4 4311 1285 4293 1284
4 3469 1297 1322 1295
4 4357 4353 4341 4334
4 3469 1318 1317 1291
4 3469 1322 1321 1295
4 1324 1296 1323 1280
4 3469 1320 1324 1293
4 3469 1324 1296 1293
4 3572 1298 3469 1297
4 1499 908 905 904
4 4044 4012 3535 1330
4 3474 1136 1071 1070
4 3474 3469 881 877
4 3572 3469 1082 1077
4 1326 1280 1300 1278
4 1323 1296 1299 1280
4 3723 3482 3674 3481
4 1326 1299 1300 1280
4 3474 935 887 880
4 1326 1323 1299 1280
4 3572 1082 3469 851
4 3474 1072 1137 880
4 3469 1325 1322 1297
4 3572 1291 3469 1077
4 3572 1298 1297 912
4 3581 3474 887 881
4 3469 1298 1325 1297
4 3474 1141 1070 905
4 1327 1304 1280 1278
4 1327 1280 1326 1278
4 3556 3493 3512 785
4 3572 853 1078 852
4 3474 1070 1071 905
4 3572 3469 854 851
4 3572 852 1082 851
4 3719 858 852 851
4 3572 1295 1292 912
4 3447 1567 1568 1509
4 3539 3415 3366 3347
4 4360 759 4352 552
4 3851 1334 1335 600
4 3545 583 582 555
4 1496 931 1492 907
4 1493 930 911 860
4 3899 3874 3743 3721
4 1491 1490 931 860
4 3616 3600 598 556
4 1491 1490 860 130
4 4158 3757 3976 3754
4 1491 931 1490 907
4 3915 3762 3560 3507
4 3651 3624 1335 1334
4 3581 3474 881 877
4 3624 3450 1334 1333
4 4101 3830 4023 3812
4 3434 1507 1593 1506
4 3590 1489 1662 1018
4 1508 1507 950 945
4 3846 1372 1373 1345
4 1595 1588 1594 1508
4 4065 3916 4062 3646
4 3486 1343 1446 503
4 3691 2833 2834 2780
4 1508 951 1507 920
4 1465 1463 1421 1389
4 3435 947 948 946
4 3892 616 615 588
4 1506 940 939 932
4 3809 1533 3758 1175
4 1514 944 945 941
4 1599 1502 1503 932
4 3590 1023 3446 1018
4 4189 4106 4174 3741
4 3447 1481 1482 1425
4 3710 1585 1586 1233
4 1423 1384 1385 912
4 1427 1426 895 890
4 1504 932 1503 874
4 1423 1301 1302 912
4 4359 849 4320 848
4 3538 3522 388 386
4 3472 1517 1518 886
4 1438 1348 1368 1347
4 3527 109 453 106
4 3654 3622 3570 3522
4 4295 179 911 178
4 1504 950 1503 932
4 3595 3535 1330 1287
4 3629 1260 1201 1175
4 3472 934 1526 930
4 1506 946 948 943
4 3545 3531 599 598
4 3506 791 153 131
4 3705 918 1423 864
4 3647 2353 2384 2345
4 1467 1394 1438 1392
4 3566 3466 954 895
4 1423 923 978 912
4 4258 4189 3644 3634
4 1467 1393 1438 1344
4 1427 978 1423 923
4 1464 1406 1417 1405
4 3447 1479 1480 924
4 1426 1425 895 888
4 3486 1473 530 503
4 1450 1427 1423 923
4 3771 1379 1380 1352
4 3473 900 893 888
4 1463 1418 1421 1389
4 3572 1292 3469 1291
4 1484 1030 1031 978
4 3616 599 3531 598
4 3590 1488 1489 1017
4 1583 941 1505 939
4 3762 3645 3560 3507
4 1423 978 1301 912
4 4005 3937 3997 3784
4 1467 1395 1418 1392
4 3474 1137 1072 1071
4 3892 608 3489 607
4 3474 1071 1072 905
4 1465 1420 1459 1391
4 3771 1382 1381 1354
4 3821 3652 3643 3553
4 4168 1375 1374 1347
4 3581 3572 854 851
4 3651 3624 1334 1333
4 3710 1585 1233 1232
4 1600 1501 950 928
4 3918 3842 3830 3812
4 1446 1368 1351 1349
4 3550 457 114 108
4 3474 887 881 880
4 3486 1446 1473 503
4 1587 1512 1583 941
4 3691 2834 2781 2780
4 1708 1703 241 40
4 4357 1580 848 847
4 3894 3851 3698 3671
4 4168 1355 1368 1353
4 4168 1355 3771 1354
4 3685 2592 3568 2591
4 1473 1440 1446 1436
4 1514 1513 944 941
4 1504 874 1503 871
4 1462 1456 1459 1390
4 3532 3410 3421 2522
4 1450 1397 1423 1396
4 4240 1337 606 605
4 1427 921 917 895
4 4202 3886 4010 585
4 3436 1332 1333 597
4 1436 1354 1368 1350
4 3656 1539 1540 1180
4 1597 951 1596 920
4 3447 1562 1560 1504
4 3641 2301 2300 2248
4 1508 1507 951 950
4 3473 888 893 859
4 1700 1686 1047 1046
4 1600 950 1596 928
4 3538 389 1118 388
4 3984 3929 3875 3763
4 3572 1388 1414 1387
4 3572 1077 1082 852
4 1511 1510 951 950
4 1428 1400 980 978
4 3569 3504 835 834
4 3545 599 3531 597
4 3474 878 3469 877
4 3972 2790 2791 2586
4 4168 1368 1350 1348
4 1508 1507 921 920
4 1500 1499 905 904
4 3451 1334 3448 1333
4 1493 178 911 131
4 1498 763 129 127
4 3622 3538 3570 3522
4 1523 931 907 904
4 3566 954 955 890
4 4044 1359 1334 1333
4 3647 2436 2425 2384
4 1496 1492 931 860
4 1498 1285 1306 1283
4 3725 3660 3696 3637
4 3788 3786 3787 3618
4 1492 1491 860 130
4 4291 4187 4132 3764
4 1496 860 931 129
4 1492 1491 908 907
4 3851 3658 3484 601
4 1523 931 904 860
4 1496 1492 860 130
4 1491 1490 911 905
4 3486 1367 1345 1343
4 1600 921 1596 920
4 3447 1476 923 912
4 3527 115 116 106
4 1527 1522 904 860
4 3723 3652 3665 3481
4 3684 2483 2503 2482
4 3538 1133 3472 385
4 1451 1400 1428 978
4 4168 1348 1375 1347
4 3932 3852 3881 3702
4 3949 3907 3653 3602
4 3572 3469 878 854
4 3512 785 571 125
4 3474 881 905 880
4 3915 3508 3836 3507
4 1427 1426 921 895
4 3984 3875 3929 3635
4 1510 1509 951 950
4 1506 938 932 874
4 1510 951 1509 920
4 3506 793 156 154
4 3447 1568 1563 1510
4 1463 1437 1394 1389
4 1467 1419 1395 1392
4 3451 1362 1337 1336
4 1504 939 945 932
4 3705 868 922 864
4 1557 1511 951 950
4 3474 1280 905 881
4 3700 3568 2606 2605
4 3581 881 887 877
4 3572 1328 1325 1298
4 1427 969 963 923
4 3572 1291 1078 978
4 1427 1423 964 963
4 3572 1412 1411 1385
4 3572 1292 1291 978
4 3572 858 909 852
4 1474 1469 1447 1442
4 1426 959 966 924
4 3572 1387 1413 1386
4 1508 1507 945 944
4 1427 963 964 923
4 1427 1423 969 968
4 3572 1414 1413 1387
4 3572 1383 1409 1302
4 1598 1597 951 926
4 1427 967 968 923
4 1427 1423 966 959
4 1461 1453 1457 1406
4 3434 1189 1625 948
4 1425 925 926 871
4 3446 1663 1664 1024
4 1451 1423 1400 978
4 3655 862 855 853
4 1462 1461 1457 1406
4 4036 3946 1339 1338
4 1450 1403 1404 912
4 3446 1665 1666 1026
4 3606 885 879 856
4 3572 1325 3469 1298
4 4365 4363 4344 3486
4 3572 1329 1328 1301
4 1428 982 1017 981
4 3687 1602 3525 919
4 1400 971 978 970
4 1684 1014 1400 1012
4 1428 1400 982 981
4 1697 1050 1036 1005
4 1428 980 981 978
4 3572 909 853 852
4 3572 1397 1422 1396
4 1459 1420 1415 1390
4 3435 942 1528 941
4 1438 1436 1368 1350
4 2428 2421 2412 2374
4 1464 1433 1455 1405
4 1427 964 978 923
4 3447 1478 3445 1450
4 3892 3769 588 585
4 3447 1426 1427 924
4 3793 3745 3522 3506
4 3506 790 791 131
4 2609 1099 1143 1093
4 4363 4362 3486 1543
4 3851 3483 3651 1334
4 3556 3550 3476 114
4 3556 3550 3524 3512
4 3572 1383 1302 912
4 3572 1301 1298 912
4 3572 1410 1409 1383
4 3572 1385 1411 1384
4 3572 1411 1410 1384
4 3719 858 3572 852
4 3719 3572 3581 851
4 3572 1416 1414 1388
4 3572 1413 1412 1386
4 3572 1386 1412 1385
4 1484 1028 1029 978
4 1450 1397 1398 912
4 4009 3945 3927 3876
4 3767 2225 2226 2163
4 3572 1396 1416 1388
4 4358 4355 4343 3486
4 1503 871 1502 870
4 1465 1437 1463 1389
4 1463 1394 1418 1389
4 1467 1393 1419 1392
4 4168 1368 1355 1354
4 3606 889 882 879
4 4023 3812 3842 3677
4 1465 1460 1437 1389
4 3613 1536 1229 1176
4 4114 1286 1287 555
4 3546 3544 3526 3441
4 3473 897 900 888
4 3473 888 912 882
4 3932 3854 3852 3702
4 3473 900 1138 893
4 3920 3819 3786 3468
4 3854 3852 3702 3620
4 3950 3518 3479 3478
4 1468 1467 1436 1368
4 2260 1923 2180 1922
4 3533 3218 3245 3213
4 1428 1010 1017 982
4 1428 1400 1010 982
4 1428 1014 1017 1012
4 1428 1400 1014 1012
4 1428 1011 1017 1010
4 1428 1400 1011 1010
4 1428 1012 1017 1011
4 1428 1400 1012 1011
4 3955 3733 3519 1578
4 1464 1453 1406 1405
4 3590 1024 3446 1023
4 1474 1470 1469 1441
4 1467 1438 1393 1392
4 2627 2573 2574 1201
4 3581 887 883 877
4 3486 610 589 503
4 1450 1396 1423 978
4 3848 1983 1917 1800
4 3523 3423 2392 2353
4 3473 915 912 859
4 1450 1423 1397 912
4 3591 901 3465 896
4 1464 1461 1417 1406
4 1464 1452 1453 1405
4 4359 1580 1579 848
4 1451 1017 1018 978
4 1684 1400 1683 1012
4 3525 3465 1642 1641
4 3464 1484 1036 978
4 1484 1031 1032 978
4 3847 2774 2783 2038
4 3665 3481 3652 3480
4 1473 1442 1446 1440
4 3953 3696 3911 3660
4 3641 2254 1940 1934
4 1446 1368 1352 1351
4 4026 3882 3818 3486
4 1484 1033 1034 978
4 1994 1953 1946 1941
4 1467 1371 1419 1344
4 1478 1454 1451 1400
4 3445 1478 1451 1450
4 2173 2168 2167 1924
4 4022 3596 3046 2650
4 3432 1614 1423 918
4 3456 2659 2658 2605
4 1447 1443 1444 1442
4 3790 3457 3700 2605
4 3647 2391 2392 2345
4 3624 3542 3450 1333
4 3716 3551 417 369
4 1446 1368 1436 1353
4 4028 3977 3905 3824
4 3446 1666 1027 1026
4 3625 3161 3567 3144
4 1455 1432 1408 1405
4 1455 1408 1452 1405
4 1462 1457 1458 1406
4 3506 156 184 154
4 3777 2689 2744 2688
4 3655 855 912 853
4 1465 1421 1420 1389
4 4355 4347 4350 1576
4 1459 1391 1420 1390
4 1459 1456 1391 1390
4 3606 885 889 879
4 1484 1029 1030 978
4 1465 1456 1460 1391
4 1465 1459 1456 1391
4 3506 791 792 153
4 3684 2483 2482 2481
4 1465 1391 1460 1389
4 1465 1420 1391 1389
4 1473 1466 1440 1436
4 1467 1347 1374 1344
4 1467 1438 1368 1347
4 3787 3618 3786 3471
4 1467 1463 1437 1394
4 1475 1472 1473 1445
4 2394 2233 2231 2225
4 1469 1443 1441 1439
4 3593 3459 3458 3453
4 1469 1443 1442 1441
4 1469 1443 1447 1442
4 1478 1451 1450 1423
4 1474 1466 1470 1440
4 1474 1469 1442 1441
4 1471 1469 1470 1439
4 3590 1489 1018 1017
4 1473 1468 1466 1436
4 4359 4353 4320 4306
4 1473 1436 1446 1368
4 1473 1468 1436 1368
4 1474 1442 1473 1440
4 1474 1473 1466 1440
4 1474 1441 1442 1440
4 1474 1470 1441 1440
4 1475 1473 1474 1442
4 1475 1446 1448 1445
4 1475 1473 1446 1445
4 1475 1448 1446 1442
4 1475 1446 1473 1442
4 3435 3434 1178 1177
4 3447 1425 1426 924
4 3758 1535 1539 1179
4 3447 1657 1481 1425
4 2482 2452 2481 2073
4 3447 1551 1553 926
4 1560 945 1504 939
4 3710 3534 1233 1181
4 1513 1512 944 941
4 3566 895 954 890
4 3434 1538 1625 1178
4 3466 953 954 894
4 1513 1512 945 944
4 3447 924 1427 923
4 1561 1510 1560 945
4 1502 1501 927 859
4 1501 871 928 870
4 3629 1534 1593 1533
4 1560 1503 1502 859
4 1589 1513 1577 1505
4 1511 951 1510 920
4 1571 1566 1570 1514
4 3447 1480 925 924
4 3447 1482 1477 1426
4 4358 4355 3486 1546
4 4355 4350 4348 3486
4 1589 1513 1584 1512
4 3596 3433 3575 3358
4 3032 2998 2997 2941
4 1982 1981 1980 1919
4 1484 1024 1025 978
4 1484 1023 1024 978
4 1484 1018 1023 978
4 1484 1451 1018 978
4 1667 1027 1016 1015
4 1484 1018 1451 1017
4 3590 1663 3446 1024
4 3590 1663 1024 1023
4 1667 1016 1028 1015
4 3629 1201 2573 1116
4 3594 3416 3433 3358
4 1696 1031 1691 1020
4 3525 1602 1603 919
4 3590 1662 1663 1023
4 3074 2988 2987 2935
4 3446 1023 1484 1018
4 3561 3526 3546 3509
4 4095 4007 3965 3680
4 1491 766 767 130
4 1493 931 911 907
4 1491 767 1490 130
4 1492 906 1306 905
4 1498 907 1306 127
4 3639 457 3559 107
4 3765 3480 3553 3479
4 1498 1497 908 907
4 3641 2254 2253 2248
4 3928 3870 3903 3798
4 3970 3713 3693 3648
4 3486 1368 1446 1346
4 3486 1340 1341 607
4 1492 911 906 905
4 1492 1491 911 905
4 4318 579 578 551
4 3520 3414 3170 3124
4 4156 3791 3748 3708
4 3637 3587 1287 1286
4 1495 860 1490 130
4 1493 911 908 907
4 1494 1493 931 860
4 1495 930 1494 860
4 1493 908 911 905
4 1494 931 1493 907
4 4119 3932 4091 3759
4 1495 768 769 130
4 3537 2467 3193 2095
4 1495 1494 930 131
4 1494 1493 908 907
4 1495 930 860 130
4 1495 1490 931 907
4 1494 908 1493 905
4 1495 931 1494 907
4 3946 1341 3846 1340
4 1494 911 1490 905
4 1494 1493 911 905
4 3874 3861 3863 3640
4 1495 769 131 130
4 1495 131 930 130
4 1495 908 1490 907
4 1495 1494 908 907
4 3451 1360 1335 1334
4 1495 1490 908 905
4 1495 908 1494 905
4 1495 1494 1490 905
4 3899 3788 3721 3703
4 3631 3406 3554 3286
4 1496 765 130 129
4 1496 130 860 129
4 3520 3170 3412 3124
4 3950 3583 3480 3479
4 3628 3449 3448 1335
4 3795 3576 3477 3439
4 1498 763 759 552
4 1497 908 1496 905
4 1497 1492 1306 905
4 1497 1496 1492 905
4 1498 759 763 127
4 4159 3988 3745 3673
4 4195 4005 4146 3794
4 1498 1306 759 127
4 1498 759 1306 552
4 1498 1306 908 905
4 1498 908 1497 905
4 1498 1497 1306 905
4 3539 3032 3347 2924
4 3538 1520 1133 1124
4 3856 3624 3628 1335
4 4143 4025 4117 3699
4 1505 912 915 859
4 1560 1502 925 859
4 1590 1566 1577 1514
4 1506 937 874 871
4 1506 936 937 871
4 1506 936 871 870
4 1506 916 936 870
4 1506 916 870 859
4 1583 932 1505 874
4 1506 915 916 859
4 1507 1506 948 943
4 3758 1534 1535 1179
4 3710 3656 3534 1181
4 3434 1537 1538 1177
4 1560 1504 1503 859
4 1587 1506 943 941
4 1508 949 944 941
4 1508 949 1507 944
4 1583 939 1505 932
4 1508 921 1507 917
4 1587 943 1508 941
4 1508 1506 1507 943
4 1508 943 949 941
4 1508 1507 949 943
4 1512 1508 950 945
4 1514 1513 921 920
4 1515 950 1509 945
4 1510 1509 950 945
4 1561 939 1560 932
4 1570 939 1561 932
4 3447 1504 1511 1503
4 1513 1512 950 945
4 1515 1514 950 945
4 1514 1513 951 950
4 1511 950 1504 945
4 1510 1509 921 920
4 3447 1570 1566 1515
4 1560 932 1504 874
4 1561 932 1560 874
4 3447 1657 1598 1597
4 1511 1510 950 945
4 1510 921 1509 917
4 1511 1504 1510 945
4 1560 870 1504 859
4 3447 1600 1659 1596
4 1511 1510 921 920
4 1600 1599 921 920
4 1511 1510 1509 917
4 1557 1503 1511 950
4 1511 921 1510 917
4 1512 1508 951 950
4 1512 951 1508 920
4 3710 1586 1256 1233
4 1512 1508 921 920
4 1514 1513 950 945
4 1512 921 1508 917
4 1571 1505 941 939
4 1513 1512 951 950
4 1514 1513 945 944
4 1514 951 1513 920
4 1513 951 1512 920
4 1595 1512 1588 1508
4 1513 921 1512 917
4 1597 951 926 874
4 1513 1512 921 920
4 1514 1508 1507 917
4 1514 1512 1508 917
4 1514 1513 1512 917
4 3843 3568 2686 2606
4 1514 921 1513 917
4 1600 921 1599 917
4 1634 1423 1514 917
4 1594 1588 1593 1506
4 1514 1423 1425 917
4 1600 1557 1509 917
4 1515 951 1509 950
4 1515 1514 951 950
4 1515 1509 951 920
4 1515 951 1514 920
4 1515 921 1509 920
4 1515 1514 921 920
4 1515 1509 921 917
4 1515 921 1514 917
4 1515 1514 1509 917
4 3878 3693 3697 3648
4 3472 1521 1516 1130
4 3472 933 904 886
4 3472 384 1134 158
4 3506 794 157 156
4 3472 1517 1132 1130
4 3506 792 793 154
4 3472 1525 933 886
4 3472 1130 1132 157
4 4131 3993 4064 3983
4 3796 3654 395 390
4 3472 1134 1521 1130
4 3472 385 1133 384
4 3520 3413 3412 3170
4 1524 907 1499 904
4 3451 1359 1360 1334
4 4284 3846 1343 1341
4 3595 1287 3587 1286
4 2180 2173 1988 1924
4 3892 588 615 585
4 3989 3937 3871 3811
4 3793 3580 3570 3522
4 3561 3530 3546 3526
4 4128 3580 3622 3570
4 3576 3544 3549 3439
4 3850 3846 1339 1338
4 3472 933 934 904
4 3624 3450 3449 1334
4 1527 904 930 860
4 3446 1484 1451 1017
4 3554 3286 3406 3241
4 3544 3526 3441 3440
4 3435 943 1506 941
4 3534 1228 1229 1225
4 3434 1622 1623 944
4 3710 1574 1585 1232
4 3434 1627 949 948
4 1600 951 1596 950
4 1600 1596 951 920
4 3203 2465 2464 2073
4 1634 1514 1507 917
4 3447 1559 1562 1504
4 1631 951 1507 950
4 1631 1507 1624 950
4 3758 1180 3656 1179
4 3710 1233 3534 1232
4 3613 3434 3534 1229
4 3435 941 1506 939
4 3434 1625 1626 948
4 3434 1626 1627 948
4 3613 1536 1537 1177
4 3435 1530 1531 947
4 3434 1178 1189 947
4 3613 1541 1542 1176
4 1600 1501 1599 950
4 3534 1573 1228 1225
4 3534 1574 1232 1228
4 3809 3758 1179 1175
4 3435 1530 947 946
4 3447 1556 1502 1501
4 3720 2713 2665 1205
4 3545 625 602 598
4 3892 3769 618 591
4 3892 3826 609 604
4 3506 794 795 157
4 3858 3783 3478 3477
4 3472 1516 1517 1130
4 3546 3526 3544 3510
4 4044 1356 1357 1331
4 3918 3830 3853 3812
4 3486 1367 1368 1345
4 3486 1341 1343 585
4 4240 1337 3835 606
4 3946 1363 1338 1337
4 3450 3449 1334 1333
4 3898 3890 3779 3666
4 4093 3713 3970 3697
4 2260 1928 2175 1923
4 4049 4016 4031 3989
4 3698 3671 3658 3482
4 3637 1330 598 556
4 4044 1334 3451 1333
4 3523 2392 3423 2357
4 3451 1335 3448 1334
4 3967 603 3961 597
4 3949 3907 3668 3653
4 3654 395 390 389
4 3486 589 588 503
4 4018 3637 3587 1330
4 4007 3945 3965 3738
4 4168 4110 3785 1343
4 3486 585 1343 503
4 4224 636 588 585
4 3925 3482 3760 3481
4 4238 3595 3587 1286
4 4044 1331 4012 1330
4 3841 3806 3802 604
4 3447 1553 1554 927
4 3447 1591 1567 1509
4 3447 1598 1425 926
4 3447 1551 926 925
4 3486 1346 1446 1345
4 3486 1341 608 607
4 3836 3508 3645 3507
4 3831 3773 3789 3509
4 3486 610 636 588
4 3613 1229 3534 1176
4 1584 1513 1583 1512
4 1561 1509 1510 945
4 1577 1514 1571 1513
4 3447 1427 1477 1423
4 3447 1557 1599 1503
4 3534 1572 1225 1224
4 1557 921 1511 917
4 3447 1656 1597 1596
4 1557 951 1511 920
4 3447 1515 1591 1509
4 3758 3656 1593 1592
4 1599 1503 950 932
4 1587 1506 1508 943
4 3447 1597 1598 926
4 1560 1510 1504 945
4 1557 1511 1509 917
4 3435 1528 943 941
4 1590 1577 1589 1513
4 1571 941 945 939
4 3447 1558 1503 1502
4 1599 951 1557 920
4 3613 3434 1593 1592
4 3434 949 1627 944
4 1589 1584 1513 1505
4 3809 1532 1533 1175
4 1560 925 912 859
4 1560 912 1505 859
4 3435 1528 1529 943
4 1570 1514 1515 945
4 1561 874 1560 871
4 1570 945 1561 939
4 1561 871 1560 870
4 1571 939 1570 932
4 1561 870 1560 859
4 1571 1514 1570 945
4 3534 1225 3435 1224
4 1577 1566 1571 1514
4 3447 1563 1511 1510
4 3447 1510 1511 1504
4 3447 1560 1510 1504
4 3447 1563 1564 1511
4 1599 1557 951 950
4 1571 945 1570 939
4 3434 1538 1178 1177
4 1591 1566 1590 1514
4 3447 1560 1561 1510
4 3447 1568 1510 1509
4 3447 1565 1566 1561
4 1587 941 1583 939
4 1600 1596 921 917
4 1570 1566 1515 1514
4 1571 1514 945 941
4 3447 1566 1570 1561
4 1595 1584 1588 1512
4 1587 1506 941 939
4 3447 1565 1561 1560
4 3447 1510 1561 1509
4 3435 1506 940 939
4 3435 1531 1223 947
4 1570 932 1561 874
4 1570 1515 1509 945
4 1570 1509 1561 945
4 1571 1561 1560 859
4 1570 874 1561 871
4 1571 1560 1505 859
4 1570 871 1561 870
4 1571 1505 939 932
4 1570 870 1561 859
4 1577 1513 1571 1505
4 1571 1505 870 859
4 1571 870 1570 859
4 1571 1505 932 874
4 1571 932 1570 874
4 1571 1505 871 870
4 1571 871 1570 870
4 1571 1505 874 871
4 1571 874 1570 871
4 3534 3435 1569 1224
4 3435 1531 1569 1223
4 3435 1569 1224 1223
4 3434 1623 1507 945
4 3435 1178 3434 947
4 3434 945 1507 944
4 3435 1223 1178 947
4 3435 1178 1223 1177
4 3534 1232 1233 1181
4 3534 1182 1232 1181
4 3710 3534 1574 1232
4 3534 1228 1232 1176
4 3534 1232 1182 1176
4 3613 1229 1536 1177
4 3787 3618 3471 3470
4 3544 3526 3511 3510
4 4227 3916 4085 3844
4 4037 3992 3962 3958
4 3472 157 1132 156
4 4346 4329 1498 1497
4 3447 1570 1515 1509
4 1591 1515 1566 1514
4 3538 1124 1133 385
4 3730 3546 3544 3511
4 3740 3608 3685 2980
4 3590 1018 3446 1017
4 4267 4068 4132 3712
4 4135 3853 4101 3812
4 4184 3983 4062 3980
4 3538 1119 1124 386
4 1589 1582 1584 1505
4 1583 1505 915 859
4 1583 915 1506 859
4 1583 874 1505 871
4 1594 1508 1588 1506
4 1583 870 1505 859
4 3434 949 1507 948
4 1583 871 1505 870
4 1595 1589 1584 1512
4 3434 1189 948 947
4 3435 3434 1506 948
4 1633 1507 1632 920
4 3809 1261 3710 1256
4 3656 1540 1181 1180
4 1587 1506 939 932
4 1587 939 1583 932
4 1587 1506 932 874
4 1587 932 1583 874
4 1587 1506 874 871
4 1587 874 1583 871
4 1587 1506 871 870
4 1587 871 1583 870
4 1587 1506 870 859
4 1587 870 1583 859
4 1587 1583 1506 859
4 1588 1508 1587 1506
4 1588 1512 1587 1508
4 3434 1625 1189 1178
4 1588 1584 1583 1512
4 1588 1583 1587 1512
4 3566 891 3466 890
4 3466 3432 1634 1423
4 3566 3466 895 890
4 3466 1183 1184 917
4 3685 2874 2875 2587
4 3447 1482 1426 1425
4 3435 946 1506 943
4 1594 1507 1508 1506
4 1594 1593 1507 1506
4 3847 3824 2774 2039
4 1599 1503 1557 950
4 3447 1658 1599 1557
4 1600 1599 951 950
4 1597 1596 951 928
4 1597 927 928 874
4 1597 928 951 874
4 1598 1596 1425 917
4 1597 1596 921 920
4 1598 1597 1596 917
4 1597 921 1596 917
4 1598 926 951 871
4 1598 951 920 871
4 1598 920 1425 871
4 1598 1425 926 871
4 1598 921 1425 920
4 1598 1597 921 920
4 1598 1425 921 917
4 1598 921 1597 917
4 1599 950 1501 932
4 1599 1501 1502 932
4 3447 1503 1599 1502
4 3447 1511 1557 1503
4 1599 1557 921 920
4 3447 1598 1657 1425
4 1599 921 1557 917
4 3447 1556 1558 1502
4 1600 951 1599 920
4 3629 3593 3458 3453
4 1600 1425 1596 917
4 1600 1509 1514 917
4 1600 1514 1425 917
4 1602 1013 957 869
4 3591 875 983 865
4 3591 1601 3525 929
4 1614 866 967 864
4 1614 919 866 864
4 3525 1604 1612 919
4 3465 1628 1607 984
4 1608 962 1602 869
4 1620 1400 1619 965
4 3687 3591 1606 869
4 3591 896 3465 892
4 1608 1606 961 873
4 3591 3465 1037 984
4 3591 3465 1637 1636
4 1613 959 966 866
4 3591 873 1606 869
4 3591 1637 3525 1636
4 3687 1608 3525 1602
4 3591 898 899 875
4 3687 3525 1608 1606
4 3592 3501 3497 3496
4 3591 899 892 875
4 3591 3465 1607 1037
4 3465 991 1638 990
4 3591 961 1606 873
4 3994 3877 3879 3486
4 3591 899 901 892
4 3591 898 875 873
4 1698 1035 1484 1034
4 1951 1949 1950 1948
4 1610 969 1400 968
4 1610 1400 1609 968
4 1652 1400 1651 977
4 1610 1400 969 963
4 1621 974 1400 973
4 1620 973 1400 965
4 1618 1400 1611 963
4 1618 964 1400 963
4 1611 1400 1610 963
4 3525 1613 1614 919
4 1614 918 919 864
4 1612 958 959 866
4 1612 1604 958 866
4 1621 1400 974 970
4 1621 1615 1400 970
4 1616 1400 1615 970
4 1616 971 1400 970
4 1617 972 1400 971
4 1614 919 1613 866
4 1614 966 967 866
4 1614 1613 966 866
4 1617 1400 1616 971
4 1649 975 1400 972
4 1649 1400 1617 972
4 1660 1400 1654 981
4 1621 1400 1620 973
4 1619 965 1400 964
4 1619 1400 1618 964
4 3434 1627 1622 944
4 3613 1542 1536 1176
4 1624 1507 1623 945
4 1624 950 1507 945
4 3434 1623 945 944
4 3435 940 942 939
4 3435 3434 1592 1506
4 3434 1593 1592 1506
4 3435 1529 1530 946
4 3534 1569 1572 1224
4 3591 1636 3525 1635
4 3591 960 873 865
4 3591 3465 1629 1628
4 3465 986 985 892
4 3591 929 1605 865
4 3465 986 1043 985
4 3465 1043 1629 985
4 3465 985 1629 984
4 3591 1629 3525 1628
4 3465 1630 1043 986
4 3687 1606 3591 1605
4 3591 1037 1607 983
4 3465 988 987 896
4 3465 1635 1630 987
4 3465 1636 1635 988
4 3591 3525 1605 929
4 3591 1037 983 875
4 3465 990 1637 989
4 3465 1240 1191 1190
4 3465 1236 1239 1185
4 3465 1236 1185 902
4 3465 1638 1637 990
4 3465 1644 1700 1643
4 3032 2997 2996 2940
4 3465 992 1639 991
4 3465 992 991 902
4 3074 3032 2988 2936
4 3465 993 992 902
4 3465 1640 1639 992
4 3465 1185 996 995
4 3032 2990 2988 2936
4 3032 2941 2997 2940
4 3465 994 1641 993
4 3465 1185 995 994
4 3465 1191 1240 1046
4 3465 997 1644 996
4 3465 1185 993 902
4 3465 1641 1640 993
4 3465 1643 1642 995
4 3465 1239 1190 1185
4 3465 995 1642 994
4 3465 1642 1641 994
4 3465 996 1643 995
4 3465 1644 1643 996
4 3465 1637 1636 989
4 3465 1646 1700 1645
4 3465 1190 997 996
4 1679 1648 1046 998
4 3465 1190 1001 1000
4 3465 1700 1647 1046
4 1648 1002 1046 998
4 3465 988 1635 987
4 3465 1647 1646 1000
4 1648 1046 1002 1001
4 1648 1647 1046 1001
4 1699 1022 1048 1005
4 1650 976 1400 975
4 1650 1400 1649 975
4 1690 1028 1667 1019
4 1651 977 1400 976
4 1651 1400 1650 976
4 1652 979 1400 977
4 1653 980 1400 979
4 1653 1400 1652 979
4 1660 982 1400 981
4 1654 981 1400 980
4 1654 1400 1653 980
4 3447 1600 1596 928
4 3447 1659 1655 1596
4 3447 1599 1600 1501
4 3777 2751 2750 2692
4 3447 1658 1659 1599
4 3447 928 1597 927
4 3447 1554 1555 928
4 3447 927 1597 926
4 3447 1558 1559 1503
4 3447 1659 1600 1599
4 3447 1555 1556 1501
4 1699 1050 1695 1036
4 1661 1010 1400 982
4 1661 1400 1660 982
4 1696 1033 1032 1021
4 3593 3458 3457 2598
4 3446 1664 1665 1025
4 3446 1024 1484 1023
4 3454 2734 2735 2683
4 3446 1026 1484 1025
4 3446 1027 1484 1026
4 1689 1024 1023 1016
4 1683 1400 1682 1011
4 1699 1697 1050 1036
4 3591 873 875 865
4 3446 1666 1668 1027
4 1694 1046 1044 1039
4 1667 1027 1015 978
4 3687 1606 1608 869
4 3446 1667 1484 1027
4 1674 1033 1484 1032
4 1667 1027 1019 1016
4 1667 1019 1028 1016
4 1699 1050 1697 1048
4 1699 1695 1050 1048
4 1687 1049 1048 1046
4 1684 1017 1428 1014
4 3446 1667 1668 1028
4 3446 1668 1667 1027
4 3446 1669 1484 1028
4 1690 1019 1026 1016
4 2669 1205 1213 868
4 3446 1484 1667 1028
4 3464 1245 1242 1238
4 1699 1048 1697 1005
4 1670 1029 1484 1028
4 1670 1484 1669 1028
4 1671 1030 1484 1029
4 1671 1484 1670 1029
4 3591 960 961 873
4 1676 1046 1008 1007
4 1672 1031 1484 1030
4 1672 1484 1671 1030
4 1673 1032 1484 1031
4 1673 1484 1672 1031
4 1693 1057 1050 1048
4 3464 1063 1701 1056
4 1690 1026 1689 1016
4 3465 989 1636 988
4 1700 1648 1647 1046
4 3465 1645 1644 997
4 1700 1685 1678 1046
4 3464 1237 1238 1036
4 1685 1046 1004 1003
4 1677 1676 1046 1008
4 1677 1046 1009 1008
4 1681 1046 1676 1007
4 1678 1677 1046 1003
4 1700 1677 1676 1046
4 1681 1680 1046 1006
4 1702 1036 1484 1035
4 1680 1046 1006 998
4 1680 1679 1046 998
4 1681 1046 1007 1006
4 3777 2745 2744 2689
4 1700 1678 1677 1046
4 1695 1694 1050 1048
4 1686 1046 1041 1040
4 1686 1047 1046 1040
4 1687 1042 1046 1038
4 1694 1693 1046 1039
4 1697 1048 1050 1005
4 1687 1046 1042 1041
4 1687 1686 1046 1041
4 1688 1023 1018 1015
4 1688 1015 1017 1014
4 1688 1017 1684 1014
4 1689 1026 1025 1016
4 1689 1016 1023 1015
4 1689 1023 1688 1015
4 1689 1025 1024 1016
4 1690 1667 1027 1019
4 1690 1027 1026 1019
4 1691 1031 1030 1020
4 1691 1029 1028 1020
4 1691 1030 1029 1020
4 1691 1020 1028 1019
4 1691 1028 1690 1019
4 1697 1035 1034 1005
4 3591 3465 1635 1630
4 1693 1692 1048 1046
4 1692 1687 1046 1038
4 3464 1244 1246 978
4 1693 1046 1039 1038
4 1693 1692 1046 1038
4 1697 1034 1696 1005
4 1695 1045 1048 1022
4 1695 1046 1048 1045
4 1695 1694 1048 1046
4 1695 1046 1045 1044
4 1695 1694 1046 1044
4 1700 1049 1687 1046
4 1700 1687 1686 1046
4 3032 3028 2998 2942
4 1761 1707 1756 241
4 3485 744 745 78
4 1714 241 1713 64
4 1715 96 98 93
4 1714 238 243 69
4 1714 242 241 69
4 1715 240 239 69
4 1715 238 1714 69
4 1715 239 238 69
4 1715 95 214 69
4 1715 214 213 69
4 1715 212 214 95
4 1715 217 212 95
4 1715 216 217 215
4 1715 216 215 69
4 1715 213 212 69
4 1715 213 214 212
4 1715 212 217 69
4 1715 217 216 69
4 1781 1726 1727 255
4 3715 2367 2314 2260
4 1718 77 1717 52
4 3593 2599 3458 2598
4 1722 132 133 109
4 1722 136 229 133
4 1722 245 254 229
4 1721 106 94 25
4 1721 109 106 25
4 1721 132 109 24
4 1724 254 1723 252
4 1721 94 1720 25
4 1722 228 229 226
4 1722 227 228 226
4 1721 109 25 24
4 1723 251 1722 249
4 1722 133 132 24
4 1722 132 1721 24
4 1722 350 136 133
4 1722 226 229 136
4 1722 350 133 23
4 1723 249 1722 245
4 1722 225 226 219
4 1722 133 24 23
4 1722 219 226 136
4 2389 2388 2372 1946
4 1723 229 1722 228
4 1724 252 1723 251
4 1723 228 1722 227
4 1723 245 1722 229
4 1723 350 346 136
4 1723 1722 350 136
4 1723 227 1722 226
4 1723 226 1722 225
4 1723 346 219 136
4 1723 219 1722 136
4 1723 346 225 219
4 1723 225 1722 219
4 3491 810 811 462
4 1724 251 1723 249
4 1724 249 1723 245
4 1724 346 345 226
4 1724 229 1723 228
4 1724 345 228 227
4 1724 228 1723 227
4 3503 1733 1786 1732
4 1724 245 1723 229
4 1724 345 227 226
4 1724 227 1723 226
4 1724 346 226 225
4 1724 226 1723 225
4 1724 1723 346 225
4 1725 252 1724 251
4 1725 345 344 228
4 1725 1724 345 228
4 1725 251 1724 249
4 1725 344 249 245
4 1725 249 1724 245
4 1725 344 229 228
4 1725 229 1724 228
4 1725 344 245 229
4 1725 245 1724 229
4 1726 349 254 252
4 1726 254 1725 252
4 1726 344 349 249
4 1726 1725 344 249
4 1776 1722 255 77
4 3503 241 3500 221
4 1726 349 252 251
4 1726 252 1725 251
4 1726 349 251 249
4 1726 251 1725 249
4 3888 1839 3502 1838
4 1728 348 347 255
4 3590 3446 1451 1428
4 3589 100 659 78
4 1727 348 255 254
4 1727 255 1726 254
4 1727 349 348 254
4 1727 1726 349 254
4 3503 1737 1789 1736
4 1779 1724 1725 255
4 2229 2223 2222 2216
4 3503 1735 241 221
4 4028 2038 3847 2037
4 2141 2128 1739 1738
4 2260 1945 1927 1926
4 3503 1735 1759 1706
4 3502 1899 1897 1844
4 3848 1805 1801 1748
4 1945 1939 1938 1928
4 2141 1918 1743 1742
4 3497 1835 1837 1811
4 2141 1918 1746 1745
4 2351 2350 2270 2269
4 3661 3592 3585 3497
4 2141 1979 1747 1746
4 1945 1928 1923 1922
4 1768 1714 1762 241
4 1918 300 504 0
4 3498 1845 3497 1837
4 3839 1842 1841 1751
4 3503 1918 2128 1736
4 1757 1756 1703 241
4 1762 1715 1709 76
4 1978 1973 1974 1918
4 2141 1799 1798 1746
4 3592 3498 3497 1809
4 3601 3245 3409 2969
4 2181 300 1918 221
4 2072 2049 2050 1999
4 3503 1729 1730 0
4 3428 2133 2132 1918
4 2397 2369 1946 1945
4 3621 1936 3562 1935
4 1980 1944 1919 1916
4 1756 1707 1708 241
4 3503 1736 1788 1734
4 3503 1759 1760 1706
4 1762 241 1715 76
4 1772 1764 1710 76
4 1768 1713 1714 241
4 1758 1703 1704 241
4 1758 1757 1703 241
4 3503 1706 1707 241
4 2330 1946 2329 1945
4 2184 2154 2144 1918
4 1763 1762 1709 76
4 3485 663 744 78
4 1772 1710 1711 76
4 1764 1709 1710 76
4 1764 1763 1709 76
4 1769 1711 1716 76
4 1766 1705 1712 241
4 1766 1765 1705 241
4 1767 1712 1713 241
4 1767 1766 1712 241
4 1768 1767 1713 241
4 1770 1717 77 76
4 1770 1716 1717 76
4 1770 1769 1716 76
4 1771 1770 1717 77
4 3490 506 479 478
4 1780 1725 1726 255
4 1773 1718 1719 77
4 1773 1771 1718 77
4 3848 1800 1921 1748
4 1774 1719 1720 77
4 1774 1773 1719 77
4 1776 1775 1721 77
4 1777 1722 1723 255
4 1777 1776 1722 255
4 2141 1918 1979 1746
4 1778 1723 1724 255
4 1778 1777 1723 255
4 1781 1780 1726 255
4 1779 1778 1724 255
4 3621 3562 2248 1935
4 2180 1945 1925 1924
4 3500 241 294 221
4 3503 1731 1735 221
4 3536 2234 2254 1934
4 3641 2253 2256 2249
4 2198 2145 2140 1918
4 3495 2562 1831 1824
4 3581 3474 3572 3467
4 3503 1759 1735 1731
4 3621 1961 2248 1931
4 2249 1954 2248 1946
4 2141 1918 1741 1740
4 3588 2222 2223 2154
4 2418 2411 2386 2383
4 2530 2446 2445 2393
4 3615 2225 1979 1978
4 2354 2264 2273 2262
4 3716 1881 1828 370
4 3623 2295 2294 2242
4 2527 2476 2479 2118
4 3612 3598 3429 2344
4 3563 3001 3000 2951
4 4028 2037 2784 1856
4 3501 1846 1844 1819
4 3564 3017 3070 3016
4 2248 1946 1956 1945
4 1956 1950 1955 1947
4 2141 1918 1740 1739
4 3566 1423 891 867
4 2141 1918 1745 1744
4 3430 2226 3427 2206
4 3475 2413 2415 2351
4 3503 2128 1738 1737
4 1989 1928 1945 1922
4 1978 1974 1977 1918
4 3662 1944 1936 1921
4 3552 3502 3499 3498
4 3502 1898 1845 1837
4 1815 347 401 256
4 3552 1812 1815 255
4 1815 401 1810 256
4 3501 1816 1869 1811
4 3552 3502 1812 255
4 3502 1888 1890 1835
4 1812 1728 347 255
4 1815 1812 347 255
4 3552 1813 1814 1810
4 3839 2023 2027 1853
4 3750 3562 3536 3475
4 3592 3552 1815 347
4 3586 2119 2477 2118
4 3848 3662 3839 1749
4 3497 1837 1816 1811
4 3501 1844 1820 1819
4 2432 2425 2424 2379
4 3502 1840 1893 1839
4 3130 3126 3125 2765
4 3775 3661 3750 3585
4 2669 1213 895 868
4 3501 3497 1845 1837
4 2248 2016 1933 1932
4 3502 1845 3498 1837
4 1950 1948 1947 1942
4 3625 3411 3161 3144
4 3558 3551 1578 850
4 3501 3497 1847 1845
4 2393 2072 2048 2047
4 2117 2056 2106 2052
4 2425 2378 2387 1946
4 2416 2410 2402 2380
4 3848 3750 3839 3662
4 3501 1896 1895 1842
4 3948 3502 1840 1836
4 2216 2192 2186 1918
4 3716 3519 3551 2555
4 3771 1380 1382 1353
4 3461 2607 2555 2554
4 3519 2556 2555 1143
4 3461 2608 2560 2554
4 3495 1833 1886 1832
4 3462 1834 3461 1829
4 3566 868 1423 867
4 3495 1887 1886 1833
4 3501 1872 1871 1818
4 3502 3498 1847 1846
4 3621 1933 2248 1929
4 3888 3775 3750 3585
4 2397 2318 2369 1945
4 3667 2344 2180 1945
4 3501 1845 1847 1817
4 3501 1842 1895 1841
4 2217 2216 2210 2209
4 3501 1818 1871 1817
4 3659 2184 2154 2144
4 3716 414 1881 370
4 3502 1897 1889 1836
4 3502 1847 3498 1845
4 2216 2207 2213 2192
4 3586 3541 3420 2527
4 3498 1837 3497 1835
4 3502 1889 1893 1836
4 3461 2558 1834 1833
4 3130 3125 3129 2765
4 3623 3475 3603 2414
4 3588 3427 2225 2184
4 3667 2180 2173 1945
4 3498 1847 3497 1845
4 2257 2256 2240 1945
4 3948 3501 1836 1821
4 3501 1870 1869 1816
4 3948 1825 3501 1822
4 1864 1810 401 256
4 3501 1836 1821 1820
4 3621 2248 1933 1932
4 3461 2559 2611 2558
4 3705 3432 3566 1423
4 3948 3888 3502 3498
4 3621 1932 1750 1749
4 1944 1936 1921 1748
4 3501 1871 1870 1817
4 1979 1944 1915 1747
4 3659 3428 2184 2144
4 3501 1845 1817 1816
4 3502 1898 1900 1845
4 2146 1968 2145 1918
4 3839 2021 2022 1851
4 3568 2646 2597 2593
4 3716 1830 1883 1829
4 2248 2077 2024 1929
4 1997 1955 1995 1954
4 3502 1893 1892 1839
4 3495 1831 1884 1824
4 3501 1841 1894 1825
4 1984 1920 1944 1917
4 2119 2070 2118 2062
4 3501 1846 3497 1844
4 2467 2259 2282 2094
4 3501 1878 1875 1822
4 3501 1844 1836 1820
4 2118 2090 2045 2044
4 3839 1843 3501 1842
4 1989 1925 1945 1924
4 2304 2245 2244 1945
4 2248 2078 2025 2024
4 3566 3432 3466 1423
4 1862 1727 1728 255
4 1862 1781 1727 255
4 3502 1835 3498 1814
4 3621 2248 1956 1945
4 3498 1814 1835 1809
4 3793 3580 3763 3570
4 3661 3585 3592 835
4 1865 1728 1812 255
4 1865 1862 1728 255
4 3502 1847 1900 1846
4 3839 2021 1851 1850
4 3515 504 726 300
4 3501 1847 1846 1818
4 3501 3497 1837 1816
4 3948 1836 1840 1821
4 2221 2179 2180 1922
4 3502 1892 1891 1838
4 3641 2249 2301 2248
4 3705 3432 1423 918
4 1994 1949 1953 1948
4 3563 3418 3529 3366
4 4291 4267 4132 3761
4 4028 2580 3972 1857
4 3567 3179 3171 3161
4 3495 1832 1885 1831
4 3563 2952 3001 2951
4 3716 2556 3551 370
4 3551 417 369 368
4 3716 3463 3462 1829
4 3716 414 370 369
4 3495 1885 1884 1831
4 3663 3551 424 417
4 3744 3733 1127 1126
4 3495 1908 1914 1855
4 3839 1850 1903 1849
4 3716 1881 1883 1828
4 3495 2562 2561 1831
4 3495 2563 1824 1823
4 3566 1423 3466 891
4 3501 1846 1819 1818
4 4128 3744 3907 3644
4 3502 3498 1846 1844
4 3502 1900 1847 1845
4 3552 315 303 302
4 4028 2030 1859 1858
4 3839 3750 3775 3662
4 3502 1844 1897 1836
4 3501 1837 1845 1816
4 3501 1843 1896 1842
4 3552 256 304 255
4 3659 2205 3588 2184
4 3501 1874 1873 1820
4 2250 1954 2249 1946
4 3869 3750 3848 3672
4 2250 1955 2249 1954
4 1953 1948 1951 1942
4 2435 2433 2396 2377
4 2287 2254 1938 1937
4 3948 3839 3888 3775
4 3848 1808 1807 1754
4 3848 1751 1804 1750
4 1950 1948 1949 1947
4 3662 3536 3621 1936
4 3501 1895 1894 1841
4 3501 3497 1811 1809
4 3474 1280 1500 905
4 3552 315 835 303
4 3592 3552 3585 3498
4 2251 1956 2250 1955
4 3593 3458 2575 2574
4 3839 1839 1838 1825
4 2250 2248 2249 1961
4 3839 3621 1933 1932
4 1972 1970 1971 1918
4 3750 3562 3662 3536
4 3704 3621 3562 2300
4 2228 2222 2220 2216
4 3662 1755 3621 1749
4 3498 3497 1847 1846
4 3623 2242 2294 2241
4 3641 3536 2254 1934
4 1961 1951 1956 1950
4 4028 2784 3972 2581
4 1953 1942 1951 1941
4 3425 2321 2352 2270
4 2480 2125 2474 2124
4 2260 1945 1923 1922
4 4116 3747 3813 3699
4 3563 3418 2951 2950
4 3839 3621 2027 2023
4 2180 1927 2179 1926
4 3836 3561 3749 3508
4 4094 3461 3987 3460
4 3502 1839 1892 1838
4 3623 3603 3475 2309
4 3847 2778 3691 2774
4 3805 3193 3199 2467
4 3428 2194 2189 2132
4 1954 1950 1949 1947
4 4100 4022 3777 2650
4 2148 2137 2142 2136
4 3597 3252 3537 2522
4 4028 3824 2033 2032
4 3972 2780 2781 2583
4 3691 2073 2776 2042
4 3592 3552 1814 1810
4 3767 3430 3582 2226
4 3597 2522 3537 2468
4 3824 2275 2277 2030
4 3639 114 457 108
4 3622 1129 1519 1117
4 3373 3366 3374 3169
4 1951 1942 1946 1941
4 3588 2224 2222 2184
4 3716 3495 3494 3463
4 3848 3662 1755 1754
4 2445 2442 2441 2389
4 3498 3497 1846 1844
4 3559 457 3513 110
4 3972 2586 2639 2585
4 3621 3562 2300 2248
4 3559 206 111 110
4 3691 2042 2776 2041
4 3568 2594 2648 2593
4 3495 1914 1861 1855
4 3833 3691 3752 3664
4 3762 3645 3668 3560
4 3824 2031 2275 2029
4 3559 3476 3513 457
4 3564 3070 3069 3016
4 3824 2277 2032 2030
4 3614 3558 3463 3462
4 3639 3559 111 107
4 2260 2180 1927 1922
4 1955 1950 1954 1947
4 3662 1945 3621 1755
4 3617 3422 2393 1997
4 1950 1947 1946 1942
4 3428 2182 2181 1918
4 2141 1796 1795 1743
4 3604 3425 2328 2327
4 1945 1937 1930 1928
4 3750 3662 3672 3536
4 2231 2225 2224 2216
4 1985 1944 1945 1936
4 2141 2128 2129 1918
4 1989 1927 1945 1926
4 3662 1945 1755 1754
4 1953 1951 1946 1941
4 3641 2253 2249 2248
4 1945 1936 1944 1748
4 2118 2069 2117 2068
4 3501 1847 1818 1817
4 3536 2235 2234 1934
4 3948 3661 3888 3585
4 3621 2078 2079 2025
4 2384 2349 2348 2342
4 1995 1994 1943 1941
4 2344 1985 1984 1944
4 2331 2271 1946 1945
4 2020 1999 1967 1966
4 2250 1998 2248 1961
4 3270 3235 3268 3222
4 2226 1984 1980 1944
4 2216 2191 2190 2185
4 3662 1944 1921 1917
4 2207 2154 2192 1918
4 2249 1961 2248 1956
4 1951 1948 1950 1942
4 3428 2195 2194 2133
4 2350 2346 2270 2269
4 2217 2215 2216 2209
4 1955 1951 1954 1950
4 3428 2184 2139 2138
4 3848 3839 1838 1751
4 3501 1847 3497 1846
4 3597 2259 2467 2095
4 3647 2434 2436 2345
4 1961 1953 1956 1951
4 2019 1999 1965 1964
4 1954 1950 1951 1949
4 2251 1954 2250 1949
4 3612 2344 3429 1986
4 3839 1852 1905 1851
4 1989 1945 1927 1922
4 2211 2154 2210 1918
4 3839 1851 1904 1850
4 2248 1993 2077 1929
4 2173 2167 1988 1924
4 1945 1939 1935 1934
4 1953 1949 1951 1948
4 3839 3621 2025 2024
4 2095 2094 2073 2045
4 2143 2142 2139 2138
4 2180 1988 2173 1945
4 3848 3775 3839 3750
4 1945 1940 1939 1934
4 2276 1948 1946 1942
4 2331 1946 2330 1945
4 2128 1918 1738 1737
4 2445 2391 2390 2370
4 3615 2225 2163 1979
4 3428 2129 2182 1918
4 3503 1918 1732 1729
4 3839 3662 3621 1749
4 2015 1998 2014 1931
4 1954 1951 1953 1949
4 2180 2179 2178 1926
4 2180 2179 1927 1922
4 2141 2128 1918 1739
4 1945 1939 1936 1935
4 3428 2198 2204 2140
4 3559 457 111 107
4 1951 1950 1946 1942
4 3598 2232 2344 2164
4 3425 2414 3424 2352
4 3662 3621 1945 1936
4 2117 2062 2108 2061
4 3286 2854 2858 2796
4 3621 2075 2076 2022
4 2047 1967 1999 1966
4 2354 1950 1947 1946
4 3848 1802 1808 1749
4 1994 1946 1943 1941
4 3847 2039 2774 2038
4 2331 2266 2270 1945
4 2250 1961 2249 1956
4 2180 2178 2177 1926
4 3839 2025 2026 1850
4 1999 1965 1964 1946
4 2180 1945 1989 1925
4 1995 1948 1994 1942
4 2553 2538 2537 2531
4 4131 3895 3933 3643
4 2251 1955 2250 1954
4 1955 1953 1954 1951
4 2248 1945 1935 1934
4 3839 2024 1849 1848
4 1956 1951 1955 1950
4 1961 1951 1950 1947
4 2248 2015 2016 1932
4 1956 1953 1955 1951
4 1961 1953 1951 1947
4 3662 1920 1984 1917
4 2419 2412 2375 2374
4 1998 1963 1962 1946
4 2009 1998 2008 1956
4 3428 2197 2196 2135
4 1994 1942 1953 1941
4 3641 1940 2248 1934
4 2667 2666 984 864
4 1999 1963 1998 1946
4 2097 2093 2069 2046
4 1999 1966 1965 1946
4 1995 1942 1994 1941
4 3588 2192 2207 2154
4 3405 3373 3347 3366
4 4094 3972 2566 2565
4 1994 1948 1953 1942
4 2096 2040 2038 2037
4 2256 2250 2249 1945
4 2253 2249 2248 1945
4 3503 1734 1787 1733
4 3662 1980 1984 1920
4 3428 2134 2195 2133
4 3503 1731 221 34
4 3501 1825 1878 1822
4 3503 1918 1729 0
4 2208 2154 2207 1918
4 3503 1761 1707 1706
4 1973 1968 1972 1918
4 3615 2163 2162 1978
4 1979 1968 1978 1918
4 2248 1954 1955 1946
4 3503 1918 1733 1732
4 1979 1944 1747 1746
4 3503 1732 1785 1729
4 3428 2203 2202 2139
4 2128 1918 1737 1736
4 1985 1984 1944 1936
4 3588 2209 2208 2207
4 3428 2184 2140 2139
4 1980 1916 1976 1915
4 2141 1975 1799 1747
4 1980 1944 1916 1915
4 3589 659 3485 78
4 3888 3661 3775 3585
4 1980 1979 1944 1915
4 1978 1968 1973 1918
4 2239 1945 1930 1928
4 3592 307 304 256
4 2198 2145 2146 2144
4 2142 1968 2141 1918
4 1980 1976 1975 1915
4 2225 1979 1978 1918
4 1982 1980 1920 1919
4 1981 1976 1980 1916
4 1981 1980 1919 1916
4 3431 2157 1977 1974
4 2147 2130 2141 2129
4 3672 3536 3662 2236
4 3662 1982 1980 1920
4 1984 1944 1920 1919
4 1984 1920 1980 1919
4 1984 1980 1944 1919
4 3428 2130 2183 2129
4 2445 2391 2370 2368
4 2220 2154 2212 1918
4 3848 3502 1804 1751
4 3848 1917 1921 1800
4 2173 2171 1992 1987
4 1988 1987 1945 1924
4 2173 2167 2172 1987
4 3588 2220 2222 2154
4 3767 3430 2225 2163
4 1987 1945 1939 1936
4 1990 1985 1986 1945
4 2216 2185 2184 1918
4 3588 2222 2192 2184
4 2173 1988 1987 1945
4 1989 1939 1945 1928
4 1989 1945 1987 1924
4 1989 1987 1945 1939
4 2216 2192 2193 2186
4 1991 1987 1990 1945
4 1990 1985 1945 1936
4 1990 1945 1987 1936
4 2260 1927 2180 1926
4 2173 1988 2167 1987
4 2254 2238 2237 1939
4 1992 1987 1991 1945
4 2216 2208 2214 2207
4 2441 2426 2430 2371
4 3428 2196 2195 2134
4 2232 2206 2226 1984
4 3429 2171 2170 1991
4 3589 3527 3514 453
4 3662 1984 1944 1917
4 3410 3203 3202 2461
4 1998 1959 1958 1946
4 2096 2040 2085 2038
4 2096 2085 2039 2038
4 2344 1984 2226 1944
4 1995 1949 1994 1948
4 1995 1946 1952 1943
4 1995 1994 1946 1943
4 1997 1994 1995 1961
4 1998 1962 1960 1946
4 2009 1961 1998 1956
4 1994 1954 1953 1949
4 1997 1956 1995 1955
4 1994 1956 1961 1953
4 1998 1955 1997 1954
4 1994 1954 1955 1953
4 2003 1999 1996 1941
4 1994 1955 1956 1953
4 1998 1956 1997 1955
4 1995 1954 1994 1949
4 2394 1944 2225 1918
4 3603 2257 2256 2240
4 2020 2019 1999 1965
4 1997 1961 1995 1956
4 2370 2318 2368 1945
4 1995 1955 1994 1954
4 1998 1961 1997 1956
4 2009 1998 1961 1931
4 1995 1961 1994 1956
4 2007 1998 1999 1955
4 1995 1956 1994 1955
4 1998 1960 1959 1946
4 1999 1964 1963 1946
4 2015 1932 1998 1931
4 3848 1803 1802 1749
4 2448 2117 2110 2055
4 2020 1999 1966 1965
4 2117 2106 2105 2052
4 2372 2371 1946 1945
4 1997 1954 1995 1949
4 1997 1957 1952 1946
4 1997 1952 1995 1946
4 1997 1995 1952 1943
4 2362 2361 2357 1953
4 1997 1949 1995 1948
4 2257 2251 2256 2250
4 1997 1995 1943 1941
4 1998 1954 1997 1949
4 1997 1948 1995 1942
4 1999 1998 1963 1962
4 1997 1942 1995 1941
4 3715 2260 2180 1945
4 1998 1997 1957 1952
4 1998 1958 1957 1946
4 1998 1957 1997 1946
4 1998 1994 1961 1953
4 1998 1994 1997 1961
4 2248 1998 1932 1931
4 1998 1949 1997 1948
4 1998 1997 1952 1943
4 1999 1998 1960 1959
4 1998 1948 1997 1942
4 2385 2333 2380 1946
4 1998 1997 1943 1941
4 1999 1998 1962 1960
4 1998 1942 1997 1941
4 3461 2565 2616 2564
4 1999 1998 1959 1958
4 2393 2072 2117 1999
4 1999 1955 1998 1954
4 1999 1998 1958 1957
4 1999 1954 1998 1949
4 1999 1998 1957 1952
4 1999 1949 1998 1948
4 1999 1998 1952 1943
4 1999 1948 1998 1942
4 1999 1998 1943 1941
4 2003 1942 1999 1941
4 1999 1942 1998 1941
4 2000 1948 1999 1942
4 2003 2000 1999 1942
4 2001 1949 1999 1948
4 2001 1999 2000 1948
4 3609 2180 2344 1945
4 2002 1954 1999 1949
4 2002 1999 2001 1949
4 2096 2085 2086 2039
4 2019 2018 1999 1964
4 2010 1999 1958 1957
4 2354 2276 2345 1946
4 2004 1996 1999 1941
4 2004 1999 1943 1941
4 2303 2251 2257 2250
4 2374 2315 2373 1945
4 2006 1999 1957 1952
4 2005 1999 1952 1943
4 2005 2004 1999 1943
4 2006 2005 1999 1952
4 2010 2006 1999 1957
4 2007 1955 1999 1954
4 2007 1999 2002 1954
4 2008 1956 1998 1955
4 2008 1998 2007 1955
4 2014 1998 2009 1931
4 3422 1997 1995 1946
4 2018 1999 1964 1963
4 2011 1999 1959 1958
4 2011 2010 1999 1958
4 3647 2425 2412 2384
4 3422 2393 1997 1946
4 4131 3993 3921 3895
4 2350 2331 2346 2271
4 2012 1999 1960 1959
4 2012 2011 1999 1959
4 2013 1999 1962 1960
4 2013 2012 1999 1960
4 3621 1945 1931 1749
4 2432 2404 2403 2378
4 2344 1986 1985 1945
4 2351 2331 2350 2271
4 2393 1999 2366 1998
4 3839 1901 1896 1843
4 2370 2368 1946 1945
4 2017 1999 1963 1962
4 2017 2013 1999 1962
4 2117 2116 2115 2067
4 3621 1945 1961 1931
4 2303 2251 2250 1945
4 3621 1755 1945 1749
4 3726 2313 2311 2303
4 3501 1817 1870 1816
4 3641 1935 3536 1934
4 2249 1956 2248 1955
4 3621 2248 1961 1956
4 2261 1949 2252 1946
4 3609 2344 2367 1945
4 3667 3426 2344 2173
4 3621 1945 1936 1935
4 3839 2026 3621 2021
4 3839 1904 1903 1850
4 2248 2077 2078 2024
4 2327 2252 2251 1946
4 2467 2095 2259 2094
4 3839 1933 1843 1750
4 2372 2369 2371 2318
4 2102 2048 2101 1999
4 3501 1873 1872 1819
4 3251 2518 2517 2073
4 3803 3558 3614 2522
4 2096 2084 2037 2036
4 2248 2016 1993 1929
4 2331 2252 2330 1946
4 2248 1955 1956 1946
4 2464 2097 2463 2073
4 2095 2094 2044 2043
4 2118 2062 2117 2061
4 2118 2061 2117 2060
4 3839 1841 1838 1751
4 2095 2094 2045 2044
4 3839 3621 2026 2025
4 2097 2093 2046 2045
4 2117 2061 2107 2060
4 2096 2086 2041 2039
4 2119 2071 2118 2070
4 3803 3752 3691 3597
4 2117 2072 2056 2052
4 2117 2071 2114 2070
4 2117 2063 2110 2055
4 2467 2099 2466 2073
4 3495 1884 1877 1824
4 3568 2606 2605 2570
4 2117 2105 2104 2051
4 3461 2563 2614 2562
4 2436 2345 2434 1946
4 3608 2651 3596 2650
4 3603 3475 3425 2414
4 3691 2776 2778 2041
4 3236 3229 3230 2073
4 2118 2117 2066 2060
4 2393 2366 2365 1998
4 3456 2653 2599 2598
4 3948 3661 3498 3497
4 2452 2121 2071 2067
4 2385 2381 2380 2332
4 2097 2093 2073 2069
4 2250 1946 2249 1945
4 3558 3551 3463 3462
4 3621 2248 2078 2025
4 2048 1999 2047 1967
4 2102 2049 2048 1999
4 2117 2072 2051 1999
4 2117 2072 2052 2051
4 2248 1998 2015 1932
4 3647 2436 2438 2345
4 2118 2072 2065 2064
4 2118 2070 2117 2062
4 2118 2066 2072 2060
4 2117 2051 2104 2050
4 3847 3824 3691 2778
4 3604 2336 2335 2329
4 3691 2096 2773 2073
4 2367 2318 2317 1945
4 2117 2072 2059 2058
4 2117 2072 2058 2057
4 2118 2092 2069 2046
4 2609 1143 2556 1093
4 3428 2201 2200 2137
4 3501 1819 1872 1818
4 2359 2358 2117 2057
4 3685 2931 2882 2878
4 3428 2137 2200 2136
4 2249 1955 2248 1954
4 3912 2594 3568 2593
4 3568 2572 2603 2567
4 2072 2050 2051 1999
4 2445 2392 2444 2391
4 3948 1841 3501 1825
4 2268 2265 2266 1930
4 2117 2051 2050 1999
4 3495 1886 1885 1832
4 3888 3499 3502 3498
4 2248 1933 2016 1929
4 2118 2065 2117 2064
4 2498 2490 2497 2482
4 2095 2094 2043 2042
4 3662 1944 1984 1936
4 2072 2048 2049 1999
4 3461 2610 2608 2557
4 2354 1947 2276 1946
4 2117 2092 2116 2068
4 2451 2450 2117 2053
4 2964 2909 2908 2902
4 2287 2254 2237 1938
4 3977 3905 3824 3810
4 2393 2048 2072 1999
4 2394 2226 2225 1944
4 3501 1875 1874 1821
4 3641 2256 2301 2249
4 3839 1849 1902 1848
4 3621 2080 2027 2023
4 3474 3469 3467 1500
4 3621 2076 2023 2022
4 3654 394 395 389
4 3972 2639 2638 2585
4 2118 2090 2091 2045
4 2438 2369 2388 1946
4 2480 2456 2475 2126
4 3803 3752 3597 2522
4 2127 2043 2121 2042
4 2118 2072 2061 2060
4 3609 3426 2367 2344
4 2372 2318 2371 1945
4 2350 2346 2269 2265
4 2505 2495 2485 2484
4 3847 3691 2782 2781
4 4045 3934 3955 3733
4 2357 1994 1953 1946
4 3422 1995 2363 1994
4 2117 2070 2109 2062
4 2117 2072 2055 2054
4 2118 2091 2046 2045
4 2445 1946 2368 1945
4 3824 2041 2778 2039
4 2117 2072 2057 2056
4 2093 2073 2069 2068
4 3642 3420 2527 2480
4 2481 2455 2454 2122
4 2118 2071 2117 2070
4 2117 2114 2071 2067
4 2482 2481 2453 2122
4 2117 2111 2110 2063
4 2462 2098 2461 2073
4 2096 2095 2045 2044
4 3752 3537 3597 3252
4 2096 2095 2043 2042
4 4028 1913 1912 1859
4 2360 2357 1951 1950
4 2096 2043 2073 2042
4 3495 1879 1910 1826
4 2118 2088 2089 2043
4 3495 1910 1909 1856
4 2445 2391 2443 2390
4 2096 2044 2073 2043
4 2096 2095 2044 2043
4 2467 2282 2281 2094
4 3537 3199 3193 2467
4 2096 2095 2073 2045
4 2096 2084 2040 2037
4 3972 2642 2639 2586
4 2096 2045 2073 2044
4 2118 2117 2071 2067
4 4084 3614 3905 3558
4 3824 2082 2035 2034
4 3495 1827 1880 1826
4 3824 2096 2041 2039
4 2096 2083 2036 2035
4 2096 2083 2084 2036
4 3935 3752 3803 3614
4 3824 2778 2774 2039
4 3847 2783 2784 2037
4 3597 2467 2096 2095
4 2096 2082 2083 2035
4 2467 2100 2099 2073
4 2445 2393 2392 1946
4 4084 3495 4028 1826
4 3905 3847 3824 3803
4 3972 2589 2642 2586
4 3972 2584 2637 2583
4 3972 3847 2782 2781
4 3808 2303 2311 2257
4 3839 3621 2022 2021
4 4094 3987 3972 3935
4 3905 3614 3803 3558
4 3824 3597 3691 2096
4 3847 3824 2778 2774
4 3621 2248 1932 1931
4 2097 2093 2045 2044
4 2099 2098 2073 2046
4 2098 2097 2046 2045
4 2097 2093 2044 2043
4 2098 2069 2073 2046
4 2100 2099 2073 2046
4 2098 2097 2069 2046
4 2097 2093 2043 2042
4 2098 2097 2073 2069
4 2098 2097 2045 2044
4 2099 2098 2046 2045
4 2098 2097 2044 2043
4 2553 2545 2551 2543
4 3756 2468 2520 2466
4 2098 2097 2043 2042
4 2099 2098 2045 2044
4 2118 2117 2072 2064
4 2393 2117 2366 1999
4 2123 2069 2093 2046
4 2100 2044 2094 2043
4 2119 2062 2118 2061
4 2100 2046 2073 2045
4 2274 1948 2264 1946
4 2100 2073 2094 2045
4 2099 2098 2044 2043
4 2100 2099 2046 2045
4 2276 1946 1947 1942
4 2099 2098 2043 2042
4 2100 2099 2045 2044
4 2100 2045 2094 2044
4 3661 3585 3498 3497
4 2100 2099 2044 2043
4 2100 2043 2094 2042
4 2100 2099 2043 2042
4 2100 2094 2095 2042
4 2100 2098 2099 2042
4 2120 2071 2119 2070
4 2118 2089 2044 2043
4 3568 2596 2649 2588
4 2118 2068 2117 2067
4 2393 1998 1997 1946
4 2117 2050 2103 1999
4 2101 1999 2048 1967
4 2103 2050 2049 1999
4 2103 2049 2102 1999
4 2117 2072 2064 2063
4 2367 2263 2316 2260
4 2117 2072 2063 2055
4 2449 2112 2117 2065
4 2390 2371 2370 1946
4 2117 2072 2054 2053
4 2117 2115 2114 2067
4 2117 2108 2107 2061
4 2119 2118 2071 2067
4 2117 2109 2108 2062
4 2449 2117 2113 2060
4 2351 2350 2269 2265
4 2117 2059 2072 2053
4 3888 3869 3848 3502
4 2117 2114 2109 2070
4 2117 2104 2103 2050
4 2117 2052 2105 2051
4 2117 2112 2111 2064
4 3630 3419 2527 2480
4 2354 2345 2276 2274
4 2117 2065 2112 2064
4 2117 2064 2111 2063
4 2117 2107 2113 2060
4 2118 2089 2090 2044
4 2216 2208 2207 1918
4 2449 2066 2117 2060
4 2118 2092 2117 2069
4 2117 2068 2116 2067
4 2421 2345 2412 1946
4 3662 1921 1936 1748
4 2117 2069 2092 2068
4 2118 2066 2117 2065
4 2118 2072 2066 2065
4 2118 2091 2092 2046
4 2118 2087 2088 2042
4 2118 2088 2043 2042
4 2119 2118 2072 2061
4 2350 2346 2332 2271
4 2118 2086 2087 2041
4 2118 2087 2042 2041
4 2393 2047 1966 1946
4 2118 2096 2086 2041
4 2118 2042 2096 2041
4 2120 2118 2119 2042
4 2127 2125 2126 2042
4 2469 2098 2462 2073
4 2118 2095 2096 2042
4 2118 2100 2095 2042
4 2119 2068 2118 2067
4 2452 2068 2121 2067
4 2119 2069 2118 2068
4 2119 2118 2069 2046
4 2120 2068 2119 2067
4 2119 2118 2046 2045
4 2120 2119 2043 2042
4 2119 2118 2045 2044
4 2127 2120 2125 2042
4 2119 2118 2044 2043
4 2120 2119 2071 2067
4 2505 2504 2495 2484
4 2119 2118 2043 2042
4 2120 2070 2119 2062
4 2553 2531 2537 2483
4 2127 2126 2072 2070
4 2120 2119 2044 2043
4 2120 2069 2119 2068
4 2120 2072 2062 2061
4 2120 2062 2119 2061
4 2120 2119 2072 2061
4 3621 3536 3562 1936
4 2120 2119 2045 2044
4 2120 2119 2069 2046
4 2127 2126 2043 2042
4 2120 2119 2046 2045
4 2123 2073 2093 2068
4 2124 2120 2071 2067
4 2127 2126 2073 2072
4 2122 2073 2068 2067
4 2453 2452 2073 2067
4 2124 2071 2120 2070
4 2453 2073 2122 2067
4 2124 2070 2120 2062
4 2124 2120 2072 2062
4 2123 2093 2069 2068
4 2123 2122 2069 2046
4 2123 2122 2073 2068
4 2453 2122 2123 2042
4 3420 2527 2480 2120
4 2123 2069 2122 2068
4 3495 2561 1832 1831
4 2221 2180 2174 1922
4 2453 2122 2068 2067
4 2123 2046 2093 2045
4 2123 2122 2046 2045
4 2123 2093 2097 2042
4 2123 2097 2098 2042
4 2123 2098 2121 2042
4 2452 2071 2073 2067
4 2123 2043 2093 2042
4 2123 2122 2043 2042
4 2123 2045 2093 2044
4 2123 2122 2045 2044
4 2123 2044 2093 2043
4 2123 2122 2044 2043
4 2127 2072 2071 2070
4 2124 2068 2120 2067
4 2383 2318 2375 2315
4 2124 2069 2120 2068
4 2125 2072 2070 2062
4 2124 2120 2069 2046
4 2125 2124 2072 2062
4 2124 2120 2046 2045
4 2125 2070 2124 2062
4 2124 2120 2045 2044
4 2125 2071 2124 2070
4 2124 2120 2044 2043
4 2125 2120 2124 2042
4 2124 2120 2043 2042
4 2126 2125 2071 2067
4 2125 2124 2043 2042
4 2125 2124 2071 2067
4 2127 2071 2126 2070
4 2125 2124 2044 2043
4 3586 3420 2120 2119
4 2125 2068 2124 2067
4 2126 2071 2125 2070
4 2125 2124 2045 2044
4 2127 2073 2121 2072
4 2125 2069 2124 2068
4 3597 2096 2255 2095
4 2125 2124 2046 2045
4 2126 2125 2072 2070
4 2125 2124 2069 2046
4 2127 2126 2071 2067
4 2126 2068 2125 2067
4 2126 2069 2125 2068
4 2127 2126 2044 2043
4 2126 2125 2069 2046
4 2127 2044 2121 2043
4 2126 2125 2046 2045
4 2393 2047 2048 1999
4 2126 2125 2045 2044
4 2127 2071 2121 2067
4 2126 2125 2044 2043
4 2127 2072 2121 2071
4 3422 1995 2357 1946
4 2126 2125 2043 2042
4 2127 2121 2068 2067
4 2127 2068 2126 2067
4 2127 2100 2118 2042
4 2127 2118 2120 2042
4 2127 2098 2100 2042
4 2127 2121 2098 2042
4 2127 2045 2121 2044
4 2127 2126 2045 2044
4 2127 2121 2069 2068
4 2127 2069 2126 2068
4 2127 2046 2121 2045
4 2127 2126 2046 2045
4 2127 2069 2121 2046
4 2127 2126 2069 2046
4 2141 1794 1793 1741
4 2141 1918 1742 1741
4 2141 1744 1796 1743
4 3503 1760 1761 1706
4 2260 2180 1945 1926
4 2141 1743 1795 1742
4 2141 1795 1794 1742
4 2141 1797 1796 1744
4 3503 2128 2141 1738
4 2141 1798 1797 1745
4 3872 3839 3775 3704
4 3503 1791 1790 1738
4 2141 1918 1744 1743
4 2148 2136 2142 2135
4 2198 2144 2146 1918
4 2216 2186 2191 2185
4 3503 33 221 0
4 2181 1918 2128 221
4 2141 1745 1797 1744
4 2141 1746 1798 1745
4 2148 2142 2141 2131
4 3588 2210 2211 2154
4 2141 1747 1799 1746
4 3503 1735 1706 241
4 3848 1806 1805 1752
4 3848 3662 1754 1753
4 3767 2163 2226 1979
4 3588 2184 2185 2154
4 2141 1915 1975 1747
4 2141 1968 1979 1918
4 2198 2145 2143 2140
4 2226 1984 2206 1980
4 2141 1979 1915 1747
4 2148 2140 2142 2139
4 3424 2332 2339 2271
4 2145 1968 2143 1918
4 2146 2144 1968 1918
4 2148 2138 2142 2137
4 3503 1738 1790 1737
4 2222 2220 2216 1918
4 2143 2142 2140 2139
4 2143 1968 2142 1918
4 2141 1979 1980 1915
4 2141 1980 1975 1915
4 2142 2133 2134 1918
4 2142 2132 2133 1918
4 2148 2132 2142 2131
4 2142 2131 2132 1918
4 2148 2135 2142 2134
4 2142 2130 2131 1918
4 2142 2141 2131 2130
4 2142 2129 2130 1918
4 2142 2141 2129 1918
4 2142 2141 2130 2129
4 2143 2137 2138 1918
4 2143 2142 2138 2137
4 2143 2136 2137 1918
4 2143 2142 2137 2136
4 2143 2135 2136 1918
4 2143 2142 2136 2135
4 2143 2134 2135 1918
4 2143 2142 2134 1918
4 2143 2142 2135 2134
4 2147 2129 2141 2128
4 2148 2139 2142 2138
4 2154 1972 1971 1918
4 2144 1969 1968 1918
4 2154 2146 2144 1968
4 2198 2146 2145 1918
4 2145 2139 2140 1918
4 2145 2143 2140 2139
4 2145 2138 2139 1918
4 2145 2143 2138 1918
4 2145 2143 2139 2138
4 3659 2205 3428 2144
4 2198 2184 2144 1918
4 3588 2192 2185 2184
4 3503 2128 1737 1736
4 2147 2131 2141 2130
4 3503 1782 1783 1729
4 3503 1784 1759 1731
4 3503 1707 1761 241
4 2216 2190 2187 2184
4 2148 2141 2147 2131
4 3659 2184 3588 2154
4 2148 2133 2142 2132
4 3428 2184 2198 2140
4 3503 1785 1782 1729
4 2148 2134 2142 2133
4 2198 2142 2148 2140
4 2198 2145 2144 2143
4 2154 2152 2151 1968
4 2150 2144 2145 2143
4 2150 2149 2144 2143
4 2154 2144 1969 1968
4 2154 2153 2152 1968
4 3598 3426 2344 2232
4 2154 2151 2146 1968
4 2154 1969 2153 1968
4 2154 1973 1972 1918
4 2154 1971 1970 1918
4 2229 2222 2228 2216
4 2154 1970 1969 1918
4 2154 1969 2144 1918
4 2155 2153 2154 1969
4 2155 2154 1970 1969
4 3615 1979 2163 1978
4 2412 2411 2375 1946
4 2256 2249 2253 2247
4 2156 2154 1971 1970
4 2156 2155 2154 1970
4 2157 2154 1973 1972
4 2157 2154 1972 1971
4 2158 2156 2157 1971
4 2157 2156 2154 1971
4 2158 2157 1972 1971
4 2159 2157 1973 1972
4 2159 2158 2157 1972
4 2467 2094 2100 2073
4 2160 2157 1974 1973
4 2160 2159 2157 1973
4 2216 2209 2215 2208
4 2380 2333 2332 1946
4 2180 1988 1945 1924
4 2180 2177 1989 1926
4 3621 2076 2080 2023
4 3715 2180 2367 1945
4 2371 2370 1946 1945
4 2173 2172 2171 1987
4 2216 2215 2214 2208
4 2173 1987 1992 1945
4 3612 2344 1986 1985
4 3588 2192 2186 2185
4 2357 1995 1994 1946
4 2216 2207 2192 1918
4 2173 1992 1991 1945
4 3429 2344 2173 1991
4 2216 2186 2185 1918
4 3598 2344 3426 2173
4 3612 1990 2166 1986
4 3612 2165 2164 1985
4 2256 2242 2241 1945
4 3848 1838 3502 1751
4 2227 2216 2220 2212
4 2287 2199 2254 1937
4 2230 2223 2229 2216
4 3428 2204 2198 2144
4 2268 2266 2267 1930
4 3588 2223 2224 2154
4 2303 2250 2257 1945
4 2180 1989 1945 1926
4 3428 2181 2216 1918
4 3485 3516 739 738
4 3503 1790 1789 1737
4 2216 2213 2193 2192
4 2182 2129 2128 1918
4 2182 2128 2181 1918
4 3428 2189 2188 2131
4 2198 2140 2184 1918
4 2224 2223 2216 1918
4 2184 2140 2139 1918
4 2389 2372 2371 1946
4 2184 2139 2138 1918
4 3428 2198 2184 2144
4 3428 2204 2203 2140
4 3428 2200 2197 2136
4 3428 2136 2135 1918
4 3428 2135 2196 2134
4 3428 2135 2134 1918
4 3428 2134 2133 1918
4 3428 2132 2189 2131
4 3428 2132 2131 1918
4 3428 2133 2194 2132
4 2216 2212 2211 1918
4 2386 2341 2385 1946
4 2216 2209 2208 1918
4 3588 2209 2210 2154
4 2185 2154 2184 1918
4 2192 2154 2186 1918
4 2223 2222 2216 1918
4 3430 3427 2226 2225
4 2225 2224 2216 1918
4 2186 2154 2185 1918
4 3431 2160 2157 1974
4 2216 2210 2209 1918
4 2230 2224 2223 2216
4 2440 2426 2372 2369
4 2451 2117 2447 2053
4 3588 2222 2211 2209
4 2344 2164 2232 1985
4 3839 2023 1853 1852
4 2216 2185 2190 2184
4 2415 2384 2351 2350
4 2219 2218 2216 2211
4 2450 2059 2117 2053
4 2424 2345 2421 1946
4 2216 2211 2210 1918
4 2344 2232 2226 1984
4 2216 2193 2191 2186
4 3597 2467 3537 2096
4 3428 2137 2136 1918
4 3428 2136 2197 2135
4 3428 2202 2201 2138
4 3428 2138 2137 1918
4 3428 2184 2138 1918
4 3428 2138 2201 2137
4 3428 2205 2204 2144
4 2198 2143 2142 2140
4 2198 2149 2148 2142
4 2198 2143 2149 2142
4 2198 2144 2149 2143
4 3428 2139 2202 2138
4 3588 2185 2186 2154
4 3588 2208 2209 2154
4 3429 2344 1990 1986
4 3429 2170 2166 1990
4 3579 912 3572 909
4 3588 2209 2207 2192
4 3588 2222 2209 2192
4 3428 2183 2182 2129
4 3431 2225 1978 1977
4 3474 3469 1500 1280
4 3428 2216 2187 2184
4 3428 2216 2184 1918
4 2209 2154 2208 1918
4 2344 1985 2232 1984
4 2210 2154 2209 1918
4 3431 2157 2225 1977
4 2225 1977 2157 1974
4 3588 2211 2210 2209
4 3588 2222 2212 2211
4 2212 2154 2211 1918
4 3588 2212 2220 2154
4 3431 2161 2160 1974
4 3588 2186 2192 2154
4 2222 2154 2220 1918
4 2225 1944 1979 1918
4 2227 2219 2216 2212
4 2216 2214 2213 2207
4 2219 2216 2212 2211
4 2218 2216 2211 2210
4 3839 1929 1848 1843
4 3431 1977 2161 1974
4 3615 1978 2162 1977
4 3428 2130 2129 1918
4 3848 1808 1755 1749
4 2216 1918 2181 504
4 3428 2131 2130 1918
4 3579 3572 3467 858
4 3428 2188 2183 2130
4 3428 2131 2188 2130
4 2252 1949 2251 1946
4 2225 1978 1977 1918
4 3588 2211 2212 2154
4 3588 2207 2208 2154
4 3839 1933 1929 1843
4 3429 2344 1991 1990
4 3588 2222 2220 2212
4 2231 2224 2230 2216
4 2223 2154 2222 1918
4 2225 2157 2154 1973
4 2224 2154 2223 1918
4 3588 2224 2223 2222
4 2228 2220 2227 2216
4 3609 2367 3426 2314
4 3718 3423 2393 2392
4 2421 2412 2374 1946
4 2225 1974 2157 1973
4 2225 1977 1974 1918
4 2225 1973 2154 1918
4 2225 2154 2224 1918
4 2225 1974 1973 1918
4 2226 1980 1979 1944
4 3686 2226 3582 2206
4 2226 1979 2225 1944
4 2226 2163 2225 1979
4 2253 2247 2249 1945
4 2367 2317 2263 1945
4 3750 3585 3661 3475
4 3839 1929 2024 1848
4 2250 1949 1954 1946
4 3847 3691 2784 2783
4 3641 3536 2308 2254
4 2260 1927 1945 1922
4 3373 3169 3374 3175
4 3839 3621 1750 1749
4 3562 1936 3536 1935
4 3588 2225 2224 2184
4 2386 2342 2385 2341
4 2248 1961 1998 1931
4 2252 1954 2251 1949
4 2253 2247 1945 1937
4 3641 3536 3562 2308
4 2267 2266 1945 1928
4 2248 1945 1940 1939
4 2345 2274 2264 1946
4 2254 1939 2237 1938
4 2241 2240 1945 1930
4 3621 2026 2079 2021
4 2242 2240 2241 1930
4 2242 1945 1937 1930
4 2242 2241 1945 1930
4 2256 2247 2242 1945
4 2251 1949 2250 1946
4 2243 2239 1945 1930
4 3603 2246 2298 2245
4 2249 1946 2248 1945
4 2352 2351 2270 2269
4 2244 2239 2243 1930
4 2244 2243 1945 1930
4 2251 1946 2250 1945
4 3839 3621 1932 1750
4 3839 1906 1905 1852
4 3250 3235 3249 3232
4 2248 1940 1945 1934
4 2250 1956 2249 1955
4 2245 2244 1945 1930
4 2246 2240 2242 1930
4 2246 1945 2240 1930
4 2246 2245 1945 1930
4 3604 2335 2334 2328
4 2246 2244 2245 1930
4 3641 1940 2254 1939
4 3425 2270 2352 2266
4 2254 2238 1940 1934
4 2247 2242 1937 1930
4 2254 2234 2238 1934
4 2247 2242 1945 1937
4 2260 1930 2176 1928
4 3623 3603 2242 2241
4 2268 2263 2265 1930
4 2247 2246 2242 1930
4 2304 1946 2251 1945
4 3401 3405 3373 3347
4 2256 2249 2247 1945
4 2304 2251 2303 1945
4 3604 2328 2334 2326
4 3621 2074 2075 2021
4 2251 1961 2250 1956
4 2262 1948 1949 1946
4 2306 2303 2304 2251
4 2433 2403 2396 2377
4 2252 1955 2251 1954
4 2256 2241 2240 1945
4 3536 1935 2235 1934
4 2262 1949 2261 1946
4 2252 1956 2251 1955
4 3424 2340 2339 2332
4 2252 1961 2251 1956
4 3424 2352 2384 2332
4 2385 2333 2384 2332
4 2257 2250 2256 1945
4 2257 2240 2246 1945
4 2254 2253 2248 1945
4 2254 1940 2238 1939
4 3734 2254 2308 2253
4 2254 1945 1939 1938
4 2253 2247 1937 1930
4 2254 2199 2176 1930
4 743 737 3516 682
4 2254 1937 2199 1930
4 2254 2253 1937 1930
4 2254 1945 1938 1937
4 2254 2253 1945 1937
4 2260 2176 2175 1928
4 2254 2247 2253 1930
4 2438 2345 2436 1946
4 2440 2388 2439 2369
4 2260 2254 2176 1930
4 2268 2239 1930 1928
4 2360 2356 2357 1950
4 2180 1925 2169 1924
4 2263 1930 2260 1928
4 2261 1954 2252 1949
4 2264 1948 2262 1946
4 2261 2251 2252 1961
4 2415 2408 2407 2346
4 2261 1955 2252 1954
4 2276 1948 2274 1946
4 2261 1961 2252 1956
4 2261 1956 2252 1955
4 2262 1954 2261 1949
4 2264 1949 2262 1948
4 2264 1954 2262 1949
4 2262 1955 2261 1954
4 2264 1955 2262 1954
4 2262 1961 2261 1956
4 2384 2382 2381 2332
4 2262 1956 2261 1955
4 2263 1928 2260 1923
4 2263 2260 1945 1923
4 2344 1990 1986 1945
4 2268 2239 2244 1930
4 2263 2247 2254 1930
4 2263 2254 2260 1930
4 2264 1961 2262 1956
4 2264 2251 2261 1961
4 2264 2261 2262 1961
4 2264 1956 2262 1955
4 2264 1998 1961 1953
4 2264 1998 2250 1961
4 2264 2250 2251 1961
4 3667 2173 2344 1945
4 2393 2072 2047 1946
4 3612 1986 2165 1985
4 2370 2351 2367 2318
4 2328 2327 2252 2251
4 2352 2330 2267 2266
4 2419 2411 2418 2375
4 2268 1930 2267 1928
4 2305 1946 2304 1945
4 2268 1945 2239 1928
4 2351 2350 2331 2270
4 2268 2267 1945 1928
4 2267 1930 2266 1928
4 2268 2247 2263 1930
4 3726 3425 3604 2304
4 2268 2244 2246 1930
4 2268 2246 2247 1930
4 2346 2270 2269 1945
4 2445 2391 2368 1946
4 2269 2265 1945 1928
4 2269 1930 2265 1928
4 2269 2266 2265 1930
4 2270 1945 2266 1928
4 2270 2269 1945 1928
4 2270 2266 1930 1928
4 2270 1930 2269 1928
4 2270 2266 2269 1930
4 2383 2375 1946 1945
4 2350 2346 2331 2270
4 2372 1946 2369 1945
4 3642 2527 3419 2480
4 3536 1936 2236 1935
4 3425 2352 2328 2268
4 2274 1949 2264 1948
4 2276 1947 1948 1942
4 2274 1954 2264 1949
4 2276 1949 2274 1948
4 2274 1955 2264 1954
4 2276 1954 2274 1949
4 2274 1956 2264 1955
4 2276 1954 1949 1947
4 2276 1949 1948 1947
4 2274 1961 2264 1956
4 4084 3977 4028 3494
4 2419 2418 2400 2375
4 2276 2264 2274 1961
4 2276 1955 1954 1947
4 2276 1955 2274 1954
4 2276 1953 1961 1947
4 2276 2264 1961 1953
4 2276 1961 1956 1947
4 2276 1961 2274 1956
4 2276 1956 1955 1947
4 2276 1956 2274 1955
4 4028 3905 3935 3847
4 3824 2279 2034 2033
4 2480 2125 2124 2072
4 3424 2352 2331 2330
4 2394 2344 2226 1944
4 2479 2366 2393 2117
4 2553 2535 2534 2497
4 2379 2378 1946 1945
4 2465 2461 2098 2073
4 3420 2527 2120 2119
4 2439 2388 2438 2369
4 3647 2438 2388 2345
4 3222 2495 2488 2463
4 3647 2438 2436 2388
4 3604 3425 3424 2328
4 3424 2341 2347 2333
4 2391 2370 2368 1946
4 2377 2376 1946 1945
4 2393 2047 1999 1966
4 3425 2352 2329 2328
4 3603 2298 2246 2240
4 2531 2482 2483 2073
4 2530 2483 2527 2072
4 2527 2117 2393 2072
4 2481 2127 2126 2073
4 2481 2121 2127 2073
4 2480 2475 2474 2125
4 3726 3425 2304 2303
4 2395 2394 2344 2226
4 2327 1946 2305 1945
4 3808 3726 3603 3475
4 3734 3641 2308 2254
4 3641 2248 1940 1939
4 3603 2299 2298 2240
4 2384 2353 2349 2343
4 2386 2345 2385 2343
4 3603 2296 3425 2244
4 2329 1946 2328 1945
4 3848 1752 1805 1748
4 3502 3497 1844 1836
4 3617 2393 2365 1998
4 2327 2251 2305 1946
4 2330 2267 2266 1945
4 2352 2270 2321 2269
4 2386 2343 2342 1946
4 3623 2293 3603 2241
4 2305 2251 2304 1946
4 2329 2252 2328 1946
4 2445 2430 2423 2371
4 2432 2379 2404 2378
4 3715 3609 2367 2180
4 3425 2292 2268 2239
4 2331 2261 2271 2252
4 2328 2327 2239 1945
4 2445 2368 2423 1945
4 2374 2373 1946 1945
4 2317 2263 1945 1923
4 3424 2348 2347 2341
4 2352 2270 2351 2266
4 2352 2329 2268 2267
4 2332 1946 2271 1945
4 2393 1999 1998 1946
4 3425 2291 2290 2266
4 2344 1945 1985 1944
4 2367 2316 2314 2260
4 3641 3562 3536 1935
4 2395 2233 2394 2226
4 2329 2328 2252 2251
4 2352 2329 2328 2268
4 2305 2244 2243 1945
4 2328 2252 2327 1946
4 2304 2303 2245 1945
4 2372 2369 2318 1945
4 2431 2421 2428 2373
4 3808 2257 2310 2256
4 3425 2304 2303 2245
4 3424 2384 2333 2332
4 3603 2256 2241 2240
4 2303 2257 2246 1945
4 3718 3422 2392 1946
4 2328 1946 2327 1945
4 2394 2226 2233 2225
4 3718 2392 2393 1946
4 2303 2246 2245 1945
4 3603 2297 2296 2244
4 3734 3475 3623 2414
4 2302 2256 2250 2249
4 2302 2301 2256 2249
4 3726 2304 2313 2303
4 3603 2298 2297 2245
4 2306 2304 2305 2251
4 3425 2290 2321 2266
4 3603 2241 2293 2240
4 2305 2304 2244 1945
4 2328 2239 2268 1945
4 3641 1945 2248 1939
4 3425 2321 2270 2266
4 3425 2352 3424 2329
4 3475 2352 2414 2351
4 2354 1951 1950 1946
4 3425 2352 2268 2267
4 2429 2423 2370 2368
4 3604 2330 2336 2329
4 3193 2820 2095 2094
4 3623 2256 2247 2242
4 2306 2256 2251 2250
4 2306 2302 2256 2250
4 2306 2257 2303 2251
4 3734 3623 3475 2309
4 3734 2309 3641 2256
4 2306 2256 2257 2251
4 2375 2374 1946 1945
4 2375 2315 2374 1945
4 2354 2284 2276 1947
4 2417 2416 2402 2380
4 2415 2382 2384 2346
4 2315 1945 1928 1923
4 2315 1945 2265 1928
4 2318 1945 2315 1923
4 2315 2265 1930 1928
4 2317 1928 2263 1923
4 2318 2317 1945 1923
4 2318 2315 1928 1923
4 2317 1930 2263 1928
4 2318 1928 2317 1923
4 2352 2321 2320 2269
4 2318 2315 2265 1930
4 2318 2315 1930 1928
4 2318 1930 2317 1928
4 2318 2265 2263 1930
4 2318 2263 2317 1930
4 2434 2377 2376 1946
4 2367 2323 2319 2317
4 2330 2329 2267 1945
4 2394 2225 2216 1918
4 2424 2373 2379 1946
4 2330 2252 2329 1946
4 2385 2341 2384 2333
4 2374 2318 2373 2315
4 3425 2329 3424 2328
4 3425 2305 2304 2244
4 3425 2268 2328 2239
4 3425 2267 2291 2266
4 3424 2333 2340 2332
4 3425 2305 2244 2243
4 3612 2164 2344 1985
4 2351 2331 2330 2266
4 2327 2243 2239 1945
4 3425 2292 2291 2267
4 2352 2330 2329 2267
4 2327 2305 2243 1945
4 2329 2268 2267 1945
4 2445 2392 2391 1946
4 2327 2306 2305 2251
4 3425 2296 2289 2243
4 3425 2244 2296 2243
4 2329 2328 2268 1945
4 2331 2271 2261 1946
4 2328 2306 2327 2251
4 3425 2327 2305 2243
4 2352 2351 2330 2266
4 2351 2270 2331 2266
4 3603 2245 2297 2244
4 3425 2268 2292 2267
4 2541 2499 2498 2482
4 2329 2306 2328 2251
4 3425 2304 2245 2244
4 2346 2331 2270 1945
4 2331 2330 2266 1945
4 2331 2261 2252 1946
4 2330 2329 2252 2251
4 2367 2317 2319 2263
4 3501 1821 1874 1820
4 3647 2411 2412 2345
4 2330 2306 2329 2251
4 2331 2252 2271 2251
4 2331 2330 2252 2251
4 3590 1454 1486 1400
4 2331 2271 2306 2251
4 2331 2306 2330 2251
4 3495 2564 2563 1823
4 2332 2261 2271 1946
4 2361 2357 1953 1951
4 2345 2276 2274 1946
4 2352 2351 2331 2330
4 2341 2262 2333 1946
4 2332 2271 2261 2252
4 2332 2271 2252 2251
4 2332 2306 2271 2251
4 3425 2328 2327 2239
4 2342 2262 2341 1946
4 2367 2263 2260 1945
4 3847 2785 3691 2780
4 2354 2284 2283 2274
4 2333 2262 2261 1946
4 2333 2261 2332 1946
4 2333 2252 2312 2251
4 2333 2332 2252 2251
4 2354 2345 2274 2264
4 2333 2332 2261 2252
4 2333 2312 2306 2251
4 2333 2306 2332 2251
4 2354 2276 2284 2274
4 2481 2126 2480 2125
4 3424 2337 2331 2271
4 2428 2374 2406 2373
4 2355 2284 2354 1947
4 3718 2393 3422 1946
4 2417 2385 2416 2380
4 2431 2379 2424 2373
4 4128 3744 3733 1127
4 2345 2264 2343 1946
4 2439 2397 2398 2369
4 2343 2264 2262 1946
4 2341 2333 2262 2261
4 2371 2318 2370 1945
4 2341 2312 2333 2252
4 2343 2262 2342 1946
4 2341 2333 2261 2252
4 2342 2312 2341 2252
4 2354 2274 2283 2264
4 2342 2341 2262 2261
4 2342 2341 2261 2252
4 2345 2343 2264 2262
4 2343 2312 2342 2252
4 2362 2357 1994 1953
4 2343 2342 2262 2261
4 3647 2388 2389 2345
4 2343 2342 2261 2252
4 3598 3429 2344 2173
4 2344 1991 1990 1945
4 2344 2173 1991 1945
4 3429 1991 2170 1990
4 2445 2371 2423 2370
4 2367 2319 2316 2263
4 2390 2389 2371 1946
4 2345 2258 2312 2252
4 2345 2312 2343 2252
4 2180 2177 2169 1925
4 2345 2343 2262 2261
4 2345 2261 2258 2252
4 2345 2343 2261 2252
4 3424 2384 2342 2341
4 3424 2342 2348 2341
4 2351 2350 2332 2271
4 2350 2315 2346 2265
4 2384 2346 2382 2332
4 2430 2429 2423 2370
4 2352 2320 2325 2265
4 2352 2269 2320 2265
4 2384 2351 2350 2332
4 2350 2318 2346 2315
4 2384 2350 2346 2332
4 3424 2384 2348 2342
4 2384 2343 2349 2342
4 2352 2351 2269 2265
4 2417 2386 2385 2380
4 2351 2315 2350 2265
4 3425 2327 2243 2239
4 2384 2352 2351 2332
4 3425 2289 2288 2239
4 2352 2351 2332 2271
4 2351 2318 2350 2315
4 2352 2325 2324 2265
4 3734 3641 2254 2253
4 2351 2346 2350 2318
4 3604 3425 3475 3424
4 2368 2318 2367 1945
4 2352 2324 2323 2315
4 2352 2324 2315 2265
4 2352 2315 2351 2265
4 2370 2367 2368 2318
4 2367 2351 2352 2318
4 2352 2323 2318 2315
4 2352 2318 2351 2315
4 2367 2352 2323 2318
4 2367 2318 2323 2317
4 2354 2283 2273 2264
4 3647 2425 2421 2412
4 2354 2345 2264 2262
4 2180 1989 2177 1925
4 3647 2391 2389 2388
4 2447 2117 2054 2053
4 2357 1953 1951 1946
4 3422 2357 2392 1946
4 2356 2354 1950 1947
4 2356 2355 2354 1947
4 3718 2392 3422 2357
4 3475 2414 2413 2351
4 2357 1951 2354 1946
4 3777 2687 3456 2686
4 2441 2388 2440 2372
4 2357 2354 1951 1950
4 3424 2338 2337 2271
4 2357 2356 2354 1950
4 3475 3424 2414 2352
4 2359 2117 2058 2057
4 2358 2106 2117 2056
4 2358 2117 2057 2056
4 3425 2243 2289 2239
4 2450 2359 2117 2058
4 3718 3617 3422 2393
4 2391 2390 2370 1946
4 2381 2318 2380 2315
4 2394 2225 2231 2216
4 2383 2380 2315 2265
4 3604 3425 2327 2305
4 3422 2357 1995 1994
4 2448 2447 2117 2054
4 2393 1966 1999 1946
4 3424 2384 2341 2333
4 2445 2443 2442 2390
4 2397 2376 2377 2318
4 2180 1923 2174 1922
4 2385 2341 2333 1946
4 2388 2369 2372 1946
4 2380 1946 2332 1945
4 2375 2318 2374 2315
4 2378 2377 1946 1945
4 2377 2318 2376 1945
4 2385 2345 2384 2343
4 2411 2386 2383 1946
4 2379 1946 2373 1945
4 2397 2376 2318 1945
4 2377 2351 2370 2318
4 2379 2318 2378 2315
4 2433 2387 2378 2377
4 2379 2373 2374 2318
4 2379 2373 2315 1945
4 2378 2315 2318 1945
4 2378 2318 2377 1945
4 2386 2342 2341 1946
4 2379 2315 2378 1945
4 2379 2373 2318 2315
4 2383 2380 2318 2315
4 2379 2377 2378 2318
4 2383 2380 2265 1945
4 2383 2380 2381 2318
4 2385 2342 2384 2341
4 2412 2345 2343 1946
4 2382 2332 2346 2271
4 2385 2343 2384 2342
4 2383 1946 2380 1945
4 2383 2265 2315 1945
4 2383 2315 2375 1945
4 2385 2380 2333 2332
4 2387 2378 2377 1946
4 3564 3417 3017 3016
4 2381 2315 2380 2265
4 2386 2343 2385 2342
4 2381 2332 2271 1945
4 2381 2380 2332 1945
4 2385 2384 2381 2332
4 2381 2265 2380 1945
4 2384 2345 2353 2343
4 2382 2381 2332 2271
4 2382 2381 2271 1945
4 2382 2271 2331 1945
4 2382 2331 2346 1945
4 2382 2346 2331 2271
4 2382 2346 2269 1945
4 2382 2269 2265 1945
4 2382 2265 2381 1945
4 2382 2269 2346 2265
4 2382 2346 2315 2265
4 2382 2315 2381 2265
4 2382 2346 2318 2315
4 2382 2318 2381 2315
4 2382 2346 2381 2318
4 2383 2346 2351 2318
4 2383 2381 2346 2318
4 2383 2374 2375 2318
4 2383 2379 2374 2318
4 2383 2351 2377 2318
4 2383 2377 2379 2318
4 2436 2376 2397 1946
4 2435 2434 2387 2377
4 2386 2380 2383 1946
4 2386 2385 2380 1946
4 2421 2374 2373 1946
4 2412 2345 2411 2343
4 3617 2365 2364 1997
4 2434 2387 2377 1946
4 2397 1946 2376 1945
4 3601 2969 3214 2965
4 2417 2383 2386 2380
4 2411 2343 2386 1946
4 3617 2393 1998 1997
4 2389 2345 2388 1946
4 3647 2391 2390 2389
4 4028 3824 2035 2034
4 4028 3905 3847 3824
4 2390 2345 2389 1946
4 2435 2377 2396 2376
4 2391 2345 2390 1946
4 3647 2412 2411 2384
4 3647 2389 2390 2345
4 2392 2357 2354 1946
4 2180 2169 2168 1924
4 2392 2354 2345 1946
4 2392 2345 2391 1946
4 3502 1900 1899 1846
4 2423 2344 2394 1944
4 2440 2427 2426 2369
4 2416 2415 2410 2381
4 2431 2428 2405 2373
4 3588 2205 3427 2184
4 3588 2224 2225 2154
4 2437 2435 2399 2376
4 3685 2879 2875 2874
4 3475 2384 2352 2351
4 3662 1936 1945 1748
4 3592 3585 3552 834
4 3604 2327 2328 2326
4 2480 2126 2475 2125
4 3621 2248 1945 1935
4 2416 2384 2415 2381
4 2436 2434 2376 1946
4 2430 2423 2371 2370
4 2397 2371 2369 2318
4 2397 2370 2371 2318
4 2397 2377 2370 2318
4 3425 2352 2267 2266
4 3604 2329 2335 2328
4 2437 2434 2435 2376
4 2415 2382 2407 2381
4 3424 2352 2330 2329
4 2435 2387 2433 2377
4 3502 3497 3498 1844
4 2437 2397 2436 2376
4 2441 2372 2426 2371
4 2432 2424 2431 2379
4 2431 2405 2404 2373
4 2433 2432 2403 2378
4 3848 3662 1753 1752
4 3647 2390 2391 2345
4 3603 2246 2257 2240
4 3592 1815 3552 1810
4 2429 2422 2423 2368
4 3475 2384 3424 2352
4 2424 2421 2373 1946
4 2428 2419 2406 2374
4 3621 2079 2026 2025
4 3603 2303 2257 2246
4 3536 2236 2235 1935
4 3584 3286 3244 2858
4 3475 2415 2384 2351
4 2428 2412 2419 2374
4 3475 3424 3425 2414
4 2419 2375 2400 2374
4 2432 2431 2404 2379
4 2423 1945 2344 1944
4 3647 2425 2434 2387
4 3501 1820 1873 1819
4 2416 2385 2381 2380
4 2419 2412 2411 2375
4 3588 2225 2157 2154
4 2423 2395 2394 2344
4 3567 3412 3170 3124
4 3536 2414 3475 2308
4 3621 2079 2074 2021
4 3502 1838 1891 1751
4 3502 1893 1840 1836
4 3647 2412 2421 2345
4 2438 2436 2397 1946
4 2450 2117 2059 2058
4 2428 2421 2374 2373
4 2553 2532 2531 2073
4 2434 2345 2387 1946
4 2438 2397 2369 1946
4 2448 2117 2055 2054
4 2530 2393 2445 1946
4 2445 2390 2371 2370
4 2433 2378 2403 2377
4 2435 2434 2377 2376
4 2438 2388 2345 1946
4 2440 2439 2427 2369
4 2437 2436 2434 2376
4 2419 2400 2406 2374
4 3424 2337 2336 2330
4 2445 2370 2423 2368
4 2445 2444 2443 2391
4 2425 2387 2345 1946
4 2425 2379 2378 1946
4 2445 2390 2442 2389
4 2412 2375 2374 1946
4 3715 2367 3609 2314
4 3130 3126 2765 2766
4 2425 2345 2424 1946
4 2423 2368 2422 2367
4 2412 2343 2411 1946
4 2411 2345 2386 2343
4 2411 2383 2375 1946
4 2428 2406 2405 2373
4 2418 2411 2383 2375
4 2415 2384 2382 2381
4 2441 2389 2388 2372
4 2439 2437 2398 2397
4 2437 2398 2397 2376
4 3410 3227 3226 3219
4 2415 2407 2382 2346
4 2415 2407 2410 2381
4 3821 3665 3723 3652
4 3424 2347 2340 2333
4 2425 2424 2379 1946
4 3604 3424 2329 2328
4 2546 2540 2485 2073
4 2439 2398 2427 2369
4 2441 2440 2426 2372
4 2431 2404 2379 2373
4 3424 2352 2332 2271
4 3425 2288 2292 2239
4 2445 2441 2430 2371
4 2431 2424 2421 2373
4 3591 3465 3525 1637
4 3647 2387 2434 2345
4 2418 2417 2401 2383
4 3424 2331 2337 2330
4 2432 2425 2379 2378
4 2423 2367 2344 1945
4 2439 2438 2397 2369
4 2415 2413 2409 2350
4 2418 2401 2400 2375
4 2416 2381 2410 2380
4 2418 2383 2401 2375
4 2423 2368 2367 1945
4 2449 2117 2066 2065
4 3716 3663 3551 3463
4 2530 2529 2527 2483
4 3647 2436 2434 2425
4 2416 2385 2384 2381
4 3603 2293 2299 2240
4 3424 2339 2338 2271
4 3647 2384 2385 2345
4 3647 2425 2387 2345
4 2417 2402 2401 2380
4 2445 2389 2441 2371
4 2445 2390 2389 2371
4 2417 2401 2383 2380
4 2439 2436 2437 2397
4 2440 2372 2388 2369
4 2433 2387 2432 2378
4 2439 2438 2436 2397
4 2435 2396 2399 2376
4 2441 2389 2372 2371
4 2423 2422 2420 2367
4 2418 2386 2417 2383
4 2437 2399 2398 2376
4 2415 2351 2413 2350
4 3621 2248 2024 1929
4 2415 2409 2408 2346
4 2415 2350 2409 2346
4 2415 2384 2350 2346
4 3720 3599 3688 3456
4 3604 2327 2326 2305
4 2452 2072 2073 2071
4 2452 2121 2072 2071
4 2452 2121 2073 2072
4 2452 2069 2121 2068
4 2453 2068 2452 2067
4 2452 2121 2043 2042
4 3378 3339 3377 3331
4 2452 2121 2069 2046
4 2453 2122 2069 2068
4 2452 2121 2044 2043
4 2453 2069 2452 2068
4 2452 2121 2046 2045
4 2453 2123 2121 2042
4 2452 2121 2045 2044
4 2453 2121 2452 2042
4 2453 2043 2122 2042
4 2453 2452 2043 2042
4 2480 2127 2456 2126
4 2482 2453 2452 2073
4 2453 2069 2122 2046
4 2453 2452 2069 2046
4 2453 2044 2122 2043
4 2453 2452 2044 2043
4 2453 2046 2122 2045
4 2453 2452 2046 2045
4 2453 2045 2122 2044
4 2453 2452 2045 2044
4 3630 3419 3521 2483
4 3461 2614 2613 2562
4 3685 2887 2924 2886
4 2481 2454 2459 2122
4 2527 2483 2480 2072
4 2482 2123 2481 2122
4 3495 2564 3461 2563
4 2482 2123 2122 2073
4 2481 2459 2458 2452
4 2481 2453 2459 2452
4 2480 2474 2473 2124
4 2481 2459 2453 2122
4 3935 3847 3803 3752
4 2481 2452 2121 2073
4 2462 2286 2461 2098
4 2467 2281 2280 2099
4 2483 2482 2481 2073
4 3781 313 306 305
4 2345 2262 2272 2258
4 2482 2285 2460 2093
4 2484 2482 2123 2093
4 3461 2582 2635 2581
4 2464 2098 2463 2097
4 3519 2556 1143 1093
4 2464 2286 2463 2098
4 2465 2098 2097 2073
4 2465 2097 2464 2073
4 2465 2098 2464 2097
4 2465 2461 2286 2098
4 2465 2286 2464 2098
4 2859 2854 2799 2793
4 2467 2100 2281 2099
4 2467 2280 2286 2098
4 2467 2286 2466 2098
4 2467 2099 2280 2098
4 2467 2466 2099 2098
4 3590 3446 1428 1017
4 4028 2028 2029 1854
4 2495 2488 2487 2073
4 2527 2119 2118 2072
4 3420 2124 2473 2120
4 3200 2824 3198 2073
4 2849 2794 2793 2073
4 2469 2286 2462 2098
4 2472 2466 2099 2073
4 2470 2098 2469 2073
4 2471 2099 2098 2073
4 2470 2286 2469 2098
4 2471 2098 2470 2073
4 2472 2099 2471 2073
4 3685 2792 2592 2591
4 2471 2286 2470 2098
4 2472 2099 2466 2098
4 2472 2471 2099 2098
4 2472 2466 2286 2098
4 2472 2286 2471 2098
4 2527 2118 2117 2072
4 2546 2545 2484 2482
4 2481 2073 2126 2072
4 3222 3219 2488 2073
4 4094 3461 3495 2564
4 3586 2120 2478 2119
4 3630 2483 3521 2481
4 2481 2126 2125 2072
4 2481 2125 2480 2072
4 2481 2123 2455 2122
4 2482 2122 2453 2073
4 2482 2453 2481 2452
4 3630 2527 2483 2480
4 3972 3847 2789 2782
4 2482 2097 2285 2093
4 2503 2483 2495 2482
4 2485 2093 2123 2073
4 2484 2097 2482 2093
4 2484 2123 2482 2073
4 2483 2073 2481 2072
4 3421 2487 2502 2486
4 2483 2481 2480 2072
4 3678 3607 3291 3271
4 3684 3521 2483 2481
4 2527 2479 2393 2117
4 2527 2118 2479 2117
4 2485 2123 2484 2073
4 3421 2495 3410 2463
4 2485 2484 2123 2093
4 2484 2098 2286 2097
4 2484 2286 2285 2097
4 2484 2285 2482 2097
4 2489 2093 2485 2073
4 2485 2097 2484 2093
4 2486 2097 2093 2073
4 2501 2500 2495 2489
4 3568 2686 2595 2594
4 2485 2098 2484 2097
4 3277 2497 2496 2073
4 2485 2286 2484 2098
4 2488 2463 2097 2073
4 2487 2097 2486 2073
4 3537 2468 3199 2467
4 2489 2097 2485 2093
4 2488 2097 2487 2073
4 2487 2098 2486 2097
4 3249 3235 3236 3222
4 3283 3230 3282 2553
4 2487 2286 2486 2098
4 2488 2463 2098 2097
4 2488 2098 2487 2097
4 3756 2467 2468 2466
4 2488 2463 2286 2098
4 2488 2286 2487 2098
4 2491 2093 2489 2073
4 3421 2464 2511 2463
4 2492 2486 2093 2073
4 2489 2098 2485 2097
4 3461 2564 2615 2563
4 2489 2286 2485 2098
4 2492 2093 2491 2073
4 3420 2473 2478 2120
4 2532 2482 2531 2073
4 3630 2483 2481 2480
4 2491 2097 2489 2093
4 2491 2098 2489 2097
4 2492 2486 2097 2093
4 2491 2286 2489 2098
4 2492 2097 2491 2093
4 3410 3200 2462 2461
4 2492 2486 2098 2097
4 2492 2098 2491 2097
4 2492 2486 2286 2098
4 2492 2286 2491 2098
4 3578 3203 3263 3202
4 3255 3232 3251 2073
4 3382 3329 3328 2922
4 3405 3351 3382 2922
4 3586 2476 2527 2118
4 2495 2486 2492 2073
4 2495 2492 2493 2491
4 2495 2487 2486 2073
4 2495 2492 2491 2073
4 2500 2495 2489 2485
4 2499 2485 2495 2484
4 2542 2485 2541 2073
4 3461 2562 2613 2561
4 2532 2490 2484 2073
4 2496 2484 2490 2073
4 2496 2490 2484 2482
4 2497 2490 2496 2482
4 3273 3235 3262 2073
4 2497 2484 2496 2073
4 2499 2489 2495 2485
4 4045 3955 3934 3855
4 2497 2496 2484 2482
4 2498 2484 2497 2073
4 3578 3410 3203 3202
4 2532 2484 2490 2482
4 3564 3417 3416 3017
4 2498 2497 2484 2482
4 2553 2537 2536 2483
4 2530 2527 2393 2072
4 2499 2491 2489 2073
4 2499 2495 2491 2073
4 2499 2491 2495 2489
4 2499 2484 2495 2482
4 4128 3907 3744 3580
4 3537 3007 3006 2773
4 2724 2679 2714 1222
4 3237 2849 2848 2073
4 2499 2495 2483 2482
4 2536 2529 2530 2483
4 2504 2495 2484 2482
4 2505 2495 2500 2485
4 2501 2495 2491 2489
4 2501 2495 2493 2491
4 3495 2561 3461 2559
4 3421 2495 2487 2486
4 2964 2903 2909 2902
4 2852 2796 2851 2073
4 3414 3124 3121 3112
4 2504 2503 2495 2482
4 3495 1857 1910 1856
4 2824 2771 2823 2073
4 4094 3972 2565 1827
4 3196 2823 3195 2073
4 3198 3197 2469 2073
4 3421 2488 2509 2487
4 3371 2924 3370 2922
4 3249 3224 3222 2073
4 3410 3204 2464 2463
4 3410 3225 3205 3204
4 3288 3236 3285 2073
4 3262 3235 3257 2073
4 2532 2483 2531 2482
4 3777 2696 3089 2695
4 2609 2607 2555 1143
4 2517 2485 2516 2073
4 3667 2344 3609 2180
4 2517 2489 2485 2073
4 3192 3177 3176 3170
4 3599 3593 3575 3457
4 2553 2534 2533 2496
4 2541 2540 2484 2482
4 2518 2489 2517 2073
4 2519 2489 2518 2073
4 2518 2517 2489 2485
4 2517 2516 2485 2484
4 2553 2533 2539 2490
4 2543 2528 2484 2482
4 2517 2516 2484 2482
4 2519 2489 2499 2485
4 2519 2499 2489 2073
4 2530 2072 2393 1946
4 2553 2536 2530 2483
4 2532 2490 2498 2482
4 2519 2518 2489 2485
4 2518 2517 2485 2484
4 2518 2499 2517 2482
4 2518 2517 2484 2482
4 3461 2611 2610 2558
4 3568 3458 2618 2595
4 2519 2485 2499 2484
4 2519 2518 2485 2484
4 3421 2495 2488 2487
4 2519 2484 2499 2482
4 2519 2499 2518 2482
4 2519 2518 2484 2482
4 3568 2648 2647 2593
4 2553 2531 2483 2073
4 2543 2484 2528 2073
4 3374 3170 3169 2925
4 2546 2484 2545 2073
4 3192 3183 3182 2893
4 2773 2096 2095 2073
4 4240 3917 1336 605
4 3112 2893 2948 2757
4 2553 2073 2483 2072
4 2553 2483 2530 2072
4 3537 2820 2773 2095
4 3253 3222 3252 2495
4 3642 3541 3419 2527
4 2527 2120 2119 2072
4 3420 2480 2124 2120
4 2527 2124 2120 2072
4 2527 2480 2124 2072
4 2527 2124 2480 2120
4 2528 2484 2498 2073
4 2964 2922 2906 2901
4 2528 2498 2484 2482
4 2541 2540 2485 2484
4 2541 2485 2540 2073
4 2260 2174 2180 1923
4 3298 3293 3286 3245
4 3294 3293 3298 3245
4 2532 2484 2482 2073
4 2553 2532 2538 2531
4 2553 2543 2550 2528
4 2532 2498 2499 2482
4 2532 2499 2483 2482
4 2542 2516 2485 2073
4 2553 2547 2552 2540
4 3230 2528 2553 2498
4 3231 2498 2553 2497
4 4028 3824 3847 2038
4 4028 2581 3972 2580
4 2553 2498 2535 2497
4 3230 3229 2553 2528
4 2553 2552 2546 2540
4 3249 3232 3224 2073
4 3289 2532 2553 2073
4 2553 2538 2532 2490
4 3594 3416 3045 3029
4 2553 2496 2533 2490
4 3289 2490 2532 2073
4 3297 3290 3296 2553
4 3456 2658 2657 2604
4 3519 3461 3462 3460
4 2542 2485 2516 2484
4 2542 2484 2516 2482
4 2553 2552 2551 2545
4 2542 2541 2485 2484
4 2553 2544 2535 2498
4 2542 2541 2484 2482
4 2542 2516 2517 2482
4 2542 2517 2499 2482
4 2542 2499 2541 2482
4 2553 2528 2544 2498
4 3275 3273 2540 2073
4 3805 3679 3690 2472
4 2546 2484 2540 2482
4 3519 1143 417 368
4 2543 2498 2528 2482
4 2543 2541 2498 2482
4 3519 1093 1094 368
4 3289 3288 2490 2073
4 3228 2540 2546 2073
4 2553 2550 2544 2528
4 2545 2484 2543 2073
4 2546 2485 2484 2073
4 2546 2485 2540 2484
4 2545 2543 2484 2482
4 3194 2823 3193 2073
4 2546 2543 2545 2482
4 2546 2540 2541 2482
4 2546 2541 2543 2482
4 3458 2569 2621 2568
4 2824 2823 2771 2767
4 3454 2893 2708 2707
4 2553 2497 2534 2496
4 3411 3157 3156 3132
4 3230 2528 2498 2073
4 3274 3273 2541 2540
4 3617 3422 1997 1995
4 2553 2539 2538 2490
4 2553 2546 2552 2545
4 3298 3291 2553 2073
4 3229 2543 2528 2073
4 2553 2551 2550 2543
4 4084 4028 3977 3905
4 3495 1834 1887 1833
4 3597 2255 2259 2095
4 3685 2876 2596 2588
4 3972 2638 2637 2584
4 3692 3608 3596 3034
4 3416 3056 3055 3030
4 2725 2724 2714 1222
4 3685 2931 2877 2876
4 3692 2931 2927 2926
4 3275 2540 3228 2073
4 4084 3494 3495 3463
4 3685 2875 2588 2587
4 3777 2692 2691 2650
4 2964 2921 2914 2898
4 3193 2821 2094 2073
4 2965 2964 2914 2898
4 2672 1037 2666 864
4 3670 3593 3599 2574
4 3972 2781 2584 2583
4 3461 2558 2610 2557
4 3461 2616 2615 2564
4 3105 2677 2678 1222
4 3456 2600 2654 2598
4 3629 1534 1533 1175
4 3458 2618 2595 2570
4 3720 2716 2717 2663
4 4014 3840 3838 3800
4 3461 2561 2612 2559
4 3854 3702 3829 3620
4 4028 3847 2784 2037
4 3461 2615 2614 2563
4 3805 3194 3246 3193
4 3032 2940 2996 2939
4 4033 3920 3573 3468
4 3568 2640 2645 2587
4 2982 2981 2931 2924
4 2964 2914 2921 2913
4 3777 2690 2745 2689
4 2667 984 985 864
4 3625 3411 3144 3130
4 3777 2744 2743 2688
4 3458 2628 2629 2575
4 3629 1201 1116 1115
4 3458 2572 2624 2571
4 3551 2556 1093 369
4 3670 3629 3593 2574
4 3670 1205 1206 1202
4 4100 2594 3912 2593
4 3454 3153 3452 1275
4 3099 3098 2675 866
4 3456 2740 2659 2606
4 3720 3670 2574 2573
4 3720 2577 2602 2575
4 3289 2553 2532 2490
4 2676 992 993 866
4 3629 3453 3458 1201
4 3691 2838 2833 2780
4 2609 2555 2556 1143
4 3979 3668 3907 3653
4 3836 3530 3819 3471
4 3760 3482 3671 3481
4 3563 2951 3000 2950
4 3461 2560 2607 2554
4 3519 3461 2555 2554
4 3826 609 3806 607
4 3461 2612 2611 2559
4 3716 3551 3663 417
4 3567 3161 3412 3144
4 3519 3460 1152 1143
4 3461 2559 2558 1833
4 3461 1834 2558 1829
4 3495 2561 2559 1832
4 3691 2837 2838 2784
4 3567 3171 3170 3161
4 3495 1877 1876 1823
4 3691 2837 2784 2773
4 3495 1856 1909 1855
4 4028 1857 3972 1826
4 3495 1880 1827 1823
4 3551 3519 417 368
4 3569 284 285 279
4 4128 3580 3744 1126
4 3495 2563 2562 1824
4 3691 2096 2073 2042
4 3495 1910 1857 1826
4 4028 2034 1861 1860
4 3718 3571 3617 2393
4 3667 3426 3609 2344
4 3495 2559 3461 1833
4 4028 1912 1911 1858
4 4094 3935 4084 3614
4 3532 2465 3421 2461
4 3456 2742 2740 2686
4 3454 2893 2707 2706
4 3568 3458 2572 2567
4 3685 2788 2792 2591
4 3824 2096 2039 2038
4 3866 3790 3843 3777
4 3456 2657 2656 2603
4 2931 2880 2881 2876
4 3685 3568 2644 2591
4 3593 3457 3456 2598
4 3458 2623 2619 2570
4 3593 3458 2599 2569
4 3599 3593 2575 2574
4 2626 1201 1169 1116
4 2626 2573 1201 1116
4 3458 2624 2572 2567
4 3454 2684 2685 978
4 3456 2654 2652 2598
4 2825 2770 2824 2073
4 3454 2893 3153 1275
4 3568 2605 3457 2604
4 3638 3459 3575 3457
4 3638 3575 3593 3457
4 3670 3629 2574 2573
4 3720 3670 3688 3599
4 2682 1275 1222 1003
4 2947 2704 2762 2703
4 4094 3972 4084 3935
4 3664 3537 3006 2773
4 3858 3444 3783 3439
4 3200 3198 2462 2073
4 3495 2562 3461 2561
4 3374 2925 3366 2924
4 3803 3252 3752 2522
4 3222 3220 3219 2073
4 3716 370 3551 369
4 3972 2785 2780 2582
4 3558 3551 3519 1578
4 3685 2792 2873 2592
4 3824 2275 2030 2029
4 3284 3231 3283 2553
4 3277 3236 3231 2073
4 2676 1215 1222 869
4 3461 2633 2617 2566
4 3824 2277 2278 2032
4 3862 3837 3508 3507
4 2854 2811 2810 2796
4 3195 2824 3194 2823
4 3569 280 3555 279
4 3796 397 396 390
4 2824 2770 2771 2073
4 2773 2767 2768 2073
4 3567 3170 3171 3129
4 3409 3304 3303 2971
4 3382 3351 3350 3329
4 2837 2783 2784 2773
4 3803 3614 3252 2522
4 3160 2893 1276 1275
4 3596 2926 3048 2651
4 3278 2553 3275 2540
4 3353 3059 3016 3015
4 3317 2979 3316 2922
4 3700 3543 3568 3459
4 3692 2927 2981 2926
4 3685 2873 2874 2587
4 3461 2580 2633 2566
4 3649 3032 3366 2924
4 3592 3498 3585 3497
4 3588 2225 3427 2157
4 3948 1822 3501 1821
4 3255 2517 2516 2073
4 3972 2785 2582 2581
4 3461 2634 2633 2580
4 3685 2879 2931 2875
4 3454 2739 2708 2685
4 3568 2604 3459 2603
4 3454 2754 3153 2711
4 3685 2888 2924 2887
4 3250 3232 3249 2073
4 4022 3866 3912 3777
4 3456 2686 2740 2606
4 3456 2603 2656 2600
4 3458 2577 2629 2576
4 3685 2878 2688 2597
4 3599 3593 3457 3456
4 3456 2604 2657 2603
4 3458 2624 2623 2571
4 3456 2656 2654 2600
4 3568 2595 2606 2570
4 3454 1040 2684 978
4 3454 2708 2739 2707
4 3720 3599 2575 2574
4 3777 3089 2995 2695
4 3692 3608 3034 3033
4 3454 2683 2684 1040
4 3686 2226 2206 1980
4 3458 2627 2628 2574
4 3433 3353 3417 3352
4 3777 2742 3456 2687
4 3777 3115 2696 2650
4 2662 2661 1212 1203
4 2669 2662 1212 1203
4 2662 2661 1188 1187
4 2669 2662 1213 1212
4 2662 1210 2661 1186
4 2661 1183 1188 1109
4 2661 1188 1111 1109
4 2662 2661 1187 1186
4 2669 1108 962 895
4 2662 1213 2661 1209
4 2662 2661 1210 1209
4 2669 1213 1205 1203
4 2662 1184 1109 894
4 2669 2662 1207 1205
4 2669 895 961 890
4 2662 1188 2661 1183
4 2669 891 895 890
4 2662 1109 1108 894
4 2662 1184 1183 1109
4 2662 1183 2661 1109
4 2665 1213 1114 1113
4 2665 1203 1207 1114
4 2713 1207 2665 1205
4 2665 1207 2660 1205
4 2665 1213 1212 1114
4 2713 1207 1205 1115
4 2773 2768 2769 2073
4 3454 2733 2682 2681
4 2671 865 983 864
4 2670 2669 868 864
4 2676 869 1222 866
4 2674 989 990 866
4 2675 2674 990 866
4 2676 1217 1219 1215
4 2676 1217 1215 993
4 2673 988 989 866
4 2721 1205 2669 864
4 2676 1214 1215 1211
4 2674 2673 989 866
4 2676 993 892 875
4 2727 1222 2726 998
4 2676 1190 1191 902
4 2676 896 902 892
4 2673 987 988 866
4 2676 1215 1214 993
4 2668 986 987 866
4 2668 2667 986 866
4 2669 1187 1184 895
4 2669 1213 1210 1187
4 2669 1108 895 894
4 2669 2662 1108 894
4 2669 895 1184 894
4 2669 1184 2662 894
4 2669 1187 1188 1184
4 2669 2662 1188 1187
4 2669 1187 1210 1186
4 2669 1210 2662 1186
4 2669 2662 1187 1186
4 2669 1210 1213 1209
4 2669 1213 2662 1209
4 2669 2662 1210 1209
4 2669 1184 1188 1183
4 2669 1188 2662 1183
4 2669 2662 1184 1183
4 2670 891 960 867
4 2670 2669 891 867
4 2670 961 960 891
4 2670 961 891 890
4 2670 891 2669 890
4 2670 2669 961 890
4 2671 868 865 864
4 2671 2670 868 864
4 2671 868 960 865
4 2671 2670 960 868
4 2676 1192 1211 1191
4 2676 993 902 896
4 2676 993 1185 902
4 3454 2680 2681 1222
4 2726 1222 1002 998
4 2676 1192 1191 993
4 2676 1190 1185 993
4 2676 1194 1211 1192
4 2676 1214 1211 993
4 2729 2727 2680 1222
4 2680 1007 1222 1006
4 2676 1194 1192 993
4 2676 1211 1194 993
4 3454 2736 2731 2711
4 2680 1008 1222 1007
4 2715 1002 1222 1001
4 2677 995 1222 994
4 2677 994 1222 993
4 2677 1222 1221 993
4 2677 1222 2676 1221
4 2677 1221 1219 993
4 2677 1221 2676 1219
4 2677 1219 1217 993
4 2677 1217 2676 993
4 2677 1219 2676 1217
4 2714 1000 1222 999
4 2725 2714 2715 1222
4 2678 996 1222 995
4 2678 1222 2677 995
4 2679 999 1222 997
4 2679 997 1222 996
4 2679 1222 2678 996
4 2727 2680 1222 1006
4 2726 1222 2715 1002
4 2681 1009 1222 1008
4 2681 1222 2680 1008
4 2682 1222 1009 1003
4 2682 1222 2681 1009
4 2683 1004 1275 1003
4 2683 1275 2682 1003
4 3720 2663 2664 1205
4 2730 2729 2680 1222
4 3447 1656 1657 1597
4 3458 2598 2569 2568
4 3411 3133 3132 2893
4 3160 3111 3159 2893
4 3777 2696 2695 2650
4 3568 2597 2646 2596
4 3410 3202 3200 2461
4 3461 2581 2634 2580
4 4022 3792 3866 3777
4 3052 3051 2981 2927
4 3685 2875 2876 2588
4 3691 2784 2783 2773
4 2964 2908 2815 2814
4 3912 2687 3777 2686
4 2947 2893 2762 2705
4 3777 2694 2752 2693
4 2964 2922 2901 2900
4 3692 2931 2926 2651
4 2964 2957 2956 2917
4 2947 2925 2705 2704
4 2926 2651 2924 2650
4 3028 2945 2944 2924
4 2946 2925 2702 2698
4 3454 2730 2680 1222
4 3777 2749 2745 2690
4 3115 2952 2925 2650
4 3972 2786 2590 2589
4 2721 2662 2669 1205
4 3569 285 280 279
4 3454 2683 1040 1004
4 3458 2627 2574 1201
4 2964 2910 2909 2903
4 3692 3608 2980 2931
4 3161 3131 3130 2893
4 3790 3575 3700 3457
4 3416 3055 3045 3029
4 3160 2893 1484 1276
4 3777 2688 2743 2687
4 3454 2762 3153 2754
4 2893 2753 2762 2741
4 3454 2707 2738 2706
4 3454 3109 3153 2762
4 3087 3086 2666 864
4 3098 2674 2675 866
4 3454 2736 2712 2706
4 3454 1040 1275 1004
4 3454 2733 2734 2682
4 3454 2732 2733 2681
4 3192 3167 3172 3166
4 2721 2720 2662 1205
4 3092 3088 2667 866
4 2713 1207 1115 1114
4 2713 2665 1207 1114
4 2715 1222 2714 1000
4 3466 917 1184 894
4 3447 1555 1501 928
4 2727 1006 1222 998
4 2720 2719 2661 1205
4 3720 2579 3670 2573
4 3113 2947 2893 2760
4 3720 2601 3599 2599
4 2723 2660 2719 1205
4 3720 2574 2579 2573
4 2720 2661 2662 1205
4 3720 2602 2630 2578
4 3720 2717 2664 2663
4 3720 3670 3599 2574
4 3454 2755 2754 2711
4 3454 2741 2748 2710
4 3454 2712 2736 2711
4 2728 2725 2715 1222
4 2728 2715 2726 1222
4 2729 2726 2727 1222
4 2729 2728 2726 1222
4 3454 2730 2732 2680
4 3454 2738 2737 2706
4 3454 2734 2683 2682
4 2947 2946 2925 2703
4 3568 2571 3458 2570
4 3411 3136 3151 3135
4 3113 2765 2893 2759
4 2964 2916 2920 2915
4 3458 2619 2618 2570
4 3683 3347 3032 2924
4 3685 2845 2953 2792
4 3568 3458 2595 2570
4 3101 2762 2701 2700
4 3115 2697 3090 2696
4 3777 2695 2694 2650
4 2893 2765 2764 2759
4 3129 2764 3128 2763
4 2964 2917 2956 2916
4 3417 3319 3318 3312
4 3777 2691 2749 2690
4 3777 2691 2690 2650
4 3790 3456 3777 3455
4 3777 2752 2751 2693
4 3777 2693 2692 2650
4 2964 2904 2910 2903
4 3411 3161 3136 3135
4 3581 884 878 877
4 2964 2901 2907 2900
4 2893 2701 2762 2700
4 3129 3128 3120 2763
4 3160 3153 3111 2893
4 3454 2748 2747 2710
4 2964 2919 2923 2906
4 3421 2512 2511 2464
4 2964 2903 2902 2796
4 3454 2762 2754 2753
4 3720 2602 2578 2575
4 3192 3182 3174 3168
4 2927 2926 2924 2650
4 2762 2747 2746 2709
4 3169 2946 3115 2925
4 3700 3575 3638 3459
4 3130 3127 3126 2760
4 2947 2762 2946 2703
4 3134 2893 3110 2761
4 3308 3306 3305 2968
4 3454 2737 2736 2706
4 2893 2762 2761 2760
4 2893 2741 2762 2710
4 2947 2705 2762 2704
4 2893 2762 2705 2699
4 3454 2747 2762 2710
4 3454 2754 2755 2753
4 3366 3115 3058 2952
4 2893 2700 2762 2699
4 3567 3184 3182 3179
4 2762 2709 2746 2701
4 3192 3168 3173 3167
4 2762 2710 2747 2709
4 3309 2977 2976 2922
4 3101 2762 2746 2701
4 2893 1484 1276 978
4 3685 2877 2878 2597
4 2964 2814 2819 2796
4 3314 3060 3015 2924
4 2964 2959 2895 2891
4 2964 2902 2908 2814
4 3192 3178 3177 3166
4 3170 3129 3113 2893
4 3286 3245 2854 2796
4 2964 2961 2921 2898
4 2964 2956 2920 2916
4 3309 3307 2978 2922
4 2893 2709 2762 2701
4 2893 2710 2762 2709
4 3578 3252 3410 2522
4 2829 2770 2825 2073
4 3847 3824 3803 3752
4 2847 2772 2846 2073
4 2821 2767 2820 2073
4 2822 2771 2767 2073
4 3195 2823 3194 2073
4 3277 3236 3237 3231
4 2823 2771 2822 2073
4 2822 2767 2821 2073
4 3685 2924 2651 2650
4 3685 2592 2873 2587
4 4100 3740 3568 3543
4 3824 2096 2037 2036
4 3495 1909 1908 1855
4 3193 2095 2467 2094
4 3578 3410 3263 3203
4 3847 3691 2789 2782
4 3972 3847 2785 2784
4 3847 3691 2783 2774
4 3824 2042 3691 2041
4 3824 2096 3691 2042
4 3578 3260 3259 3198
4 3568 2588 2641 2587
4 2964 2906 2923 2901
4 3276 3228 2553 2545
4 3691 3537 3664 2773
4 3202 2824 3200 2073
4 3256 2525 2524 2517
4 2820 2776 2773 2769
4 3805 2522 3756 2468
4 2821 2820 2094 2073
4 3196 2824 2823 2073
4 3193 3062 3008 2821
4 2820 2767 2773 2073
4 2779 2774 2775 2773
4 3537 3193 2820 2095
4 3495 2559 1833 1832
4 3206 3196 3197 2824
4 2779 2778 2774 2773
4 4028 1861 2035 1855
4 3691 2834 2835 2781
4 3752 3691 3597 3537
4 3987 3847 3935 3833
4 3685 2954 2879 2874
4 4028 3847 3972 2784
4 4028 3495 1861 1855
4 3685 2953 2954 2873
4 3685 2588 3568 2587
4 3972 2583 2636 2582
4 3691 2773 2769 2073
4 2931 2883 2884 2878
4 2931 2928 2927 2924
4 3685 2597 3568 2596
4 4028 1856 3495 1855
4 3824 2096 2036 2035
4 3972 2636 2635 2582
4 3691 2769 2776 2073
4 2931 2930 2888 2887
4 3614 3551 3558 3462
4 2849 2796 2794 2073
4 2849 2793 2848 2073
4 2872 2854 2819 2818
4 3410 2465 3203 2461
4 3410 3222 3220 3219
4 3228 2553 2546 2540
4 3222 2488 2495 2073
4 3222 3221 3220 2073
4 2851 2796 2850 2073
4 2854 2809 2808 2796
4 3238 2850 2849 2073
4 2829 2772 2770 2073
4 3690 3248 3247 3195
4 2950 2944 2949 2924
4 2972 2965 2971 2887
4 2847 2793 2772 2073
4 3203 2825 2824 2073
4 3193 3008 3007 2820
4 3198 2824 3197 2073
4 3410 3209 3204 2463
4 2848 2793 2847 2073
4 3193 2467 2466 2073
4 3255 3237 3251 3236
4 3231 3230 2498 2073
4 3238 2796 2852 2073
4 2846 2772 2829 2073
4 3222 2488 3219 2463
4 3298 3297 3291 3286
4 3253 3249 3222 2495
4 3288 3285 2490 2073
4 3354 3314 3353 3313
4 2870 2869 2854 2816
4 3304 2966 2972 2922
4 2964 2896 2890 2889
4 2854 2805 2803 2798
4 2893 2764 2763 2759
4 3421 2510 2509 2463
4 2854 2812 2811 2796
4 3285 3277 2496 2073
4 3750 3475 3536 2414
4 2872 2854 2815 2814
4 2821 2768 2820 2767
4 3193 2821 3008 2820
4 2820 2095 2094 2073
4 2820 2773 2095 2073
4 3597 2468 3537 2467
4 2820 2768 2773 2767
4 2820 2769 2773 2768
4 3537 2820 3007 2773
4 2823 2822 2771 2767
4 3238 2849 3237 2073
4 3193 3063 3062 2822
4 2821 2776 2820 2769
4 2822 2768 2821 2767
4 2821 2769 2820 2768
4 3461 2617 2616 2565
4 3578 3202 3261 3200
4 3193 2823 3063 2822
4 3578 2471 3532 2470
4 2822 2776 2821 2769
4 2824 2768 2823 2767
4 2822 2769 2821 2768
4 2822 2820 2821 2776
4 3273 2541 2540 2073
4 3206 3063 3193 2823
4 2823 2768 2822 2767
4 3238 2853 3233 2852
4 3209 3204 2463 2073
4 3228 2546 2545 2073
4 2823 2776 2822 2769
4 2825 2771 2824 2770
4 2823 2769 2822 2768
4 3251 3232 3250 2073
4 3578 3198 2469 2462
4 2824 2769 2823 2768
4 2850 2849 2796 2794
4 4028 3824 2032 2030
4 3537 2773 2096 2095
4 3193 2094 2467 2073
4 2824 2776 2823 2769
4 3203 2824 3202 2073
4 3252 2522 2521 2495
4 2847 2771 2846 2770
4 2824 2822 2823 2776
4 2825 2824 2771 2767
4 3196 2824 3195 2823
4 2829 2825 2771 2767
4 2825 2776 2824 2769
4 3308 2966 3304 2922
4 2825 2768 2824 2767
4 2829 2768 2825 2767
4 2859 2832 2854 2772
4 3286 3241 2858 2854
4 2825 2769 2824 2768
4 2829 2771 2825 2770
4 2846 2829 2772 2770
4 3229 2543 2553 2528
4 2847 2846 2772 2770
4 2846 2771 2829 2770
4 2829 2769 2825 2768
4 3532 2513 2508 2469
4 3224 3223 3222 2073
4 2829 2776 2825 2769
4 2846 2829 2771 2767
4 3197 2824 3196 2073
4 2846 2768 2829 2767
4 2854 2803 2801 2797
4 2848 2847 2793 2772
4 2846 2769 2829 2768
4 2848 2847 2772 2770
4 3198 2469 2462 2073
4 3410 3222 3209 2463
4 3249 3236 3237 3222
4 3193 2821 2820 2094
4 3238 3233 2853 2796
4 2859 2854 2793 2772
4 3685 2954 2874 2873
4 2837 2836 2783 2773
4 2861 2860 2854 2804
4 2930 2929 2890 2889
4 3824 2096 2042 2041
4 3691 2838 2785 2784
4 2836 2775 2774 2773
4 2836 2774 2783 2773
4 3277 3231 2553 2497
4 3847 3824 3752 3691
4 3685 2845 2792 2788
4 3685 3568 2592 2587
4 3685 2931 2878 2877
4 3685 2787 2788 2590
4 2861 2854 2806 2804
4 4028 2036 1856 1855
4 3824 2278 2279 2033
4 3935 3833 3847 3752
4 2965 2894 2888 2887
4 3685 2931 2876 2875
4 2930 2929 2924 2922
4 2849 2848 2793 2772
4 2849 2848 2772 2770
4 2846 2776 2829 2769
4 2854 2810 2809 2796
4 2847 2846 2771 2767
4 3272 2549 2548 2541
4 3723 3671 3482 3481
4 3195 3194 2466 2073
4 2847 2768 2846 2767
4 2848 2771 2847 2770
4 2854 2808 2807 2796
4 2846 2824 2825 2776
4 2846 2825 2829 2776
4 2850 2849 2794 2793
4 2847 2769 2846 2768
4 2848 2847 2771 2767
4 3249 3224 3232 3222
4 3421 2522 3410 2495
4 2847 2776 2846 2769
4 2848 2768 2847 2767
4 2854 2798 2803 2797
4 2849 2771 2848 2770
4 2850 2849 2793 2772
4 2849 2848 2771 2767
4 2851 2796 2795 2794
4 2848 2769 2847 2768
4 2854 2813 2812 2796
4 2851 2850 2794 2793
4 2848 2776 2847 2769
4 2850 2849 2772 2770
4 2849 2768 2848 2767
4 2851 2850 2796 2794
4 2849 2769 2848 2768
4 2850 2771 2849 2770
4 2851 2850 2793 2772
4 3679 2515 2514 2471
4 2849 2776 2848 2769
4 2854 2816 2813 2796
4 2848 2846 2847 2776
4 2850 2849 2771 2767
4 2858 2831 2826 2767
4 2852 2851 2795 2794
4 2851 2850 2772 2770
4 2850 2768 2849 2767
4 2854 2802 2805 2798
4 2852 2851 2796 2795
4 3251 3236 3250 3235
4 2851 2771 2850 2770
4 2850 2769 2849 2768
4 3584 3243 3242 2856
4 2850 2776 2849 2769
4 2852 2851 2794 2793
4 2851 2850 2771 2767
4 3678 3271 3291 3237
4 3291 2796 3238 2073
4 2851 2768 2850 2767
4 2852 2851 2793 2772
4 2853 2852 2795 2794
4 2853 2796 2797 2795
4 3805 3252 2522 2468
4 2850 2824 2846 2776
4 2850 2846 2848 2776
4 2850 2848 2849 2776
4 2851 2769 2850 2768
4 2853 2852 2796 2795
4 2852 2851 2772 2770
4 2854 2801 2800 2795
4 2851 2776 2850 2769
4 2858 2807 2854 2806
4 2854 2797 2801 2795
4 2855 2771 2853 2770
4 2857 2856 2772 2770
4 2852 2771 2851 2770
4 4036 3846 3850 1338
4 2853 2768 2852 2767
4 2851 2822 2824 2776
4 2851 2824 2850 2776
4 2853 2852 2794 2793
4 3262 2542 2541 2073
4 2854 2817 2816 2796
4 2852 2851 2771 2767
4 3407 3286 2857 2856
4 2853 2852 2793 2772
4 3262 3236 3257 3235
4 2852 2768 2851 2767
4 2854 2800 2799 2794
4 2854 2795 2800 2794
4 2853 2852 2772 2770
4 2852 2769 2851 2768
4 2853 2771 2852 2770
4 2855 2797 2853 2796
4 2852 2776 2851 2769
4 2858 2804 2854 2802
4 2858 2807 2806 2796
4 2855 2853 2771 2767
4 2853 2852 2771 2767
4 2858 2857 2772 2770
4 2856 2855 2771 2767
4 2856 2771 2855 2770
4 2853 2769 2852 2768
4 2858 2806 2804 2796
4 2855 2853 2797 2795
4 2856 2797 2855 2796
4 2853 2776 2852 2769
4 3206 3197 3198 2824
4 2858 2804 2802 2796
4 2858 2772 2854 2770
4 2857 2856 2771 2767
4 2853 2851 2852 2776
4 2856 2855 2772 2770
4 2856 2855 2794 2793
4 2856 2855 2795 2794
4 2858 2771 2857 2770
4 2858 2802 2798 2796
4 2857 2856 2794 2793
4 2854 2818 2817 2796
4 3286 2858 2857 2796
4 2854 2794 2799 2793
4 2855 2853 2772 2770
4 2854 2819 2818 2796
4 2858 2854 2807 2796
4 3681 3607 3291 3238
4 2854 2832 2830 2770
4 2858 2806 2854 2804
4 2964 2960 2961 2897
4 2872 2819 2854 2814
4 2858 2854 2830 2770
4 2854 2772 2832 2770
4 2858 2830 2831 2770
4 3287 3277 3284 2553
4 2855 2768 2853 2767
4 2855 2853 2793 2772
4 2856 2798 2797 2796
4 2855 2853 2795 2794
4 2856 2768 2855 2767
4 2858 2831 2771 2770
4 2857 2856 2793 2772
4 2858 2798 2857 2796
4 2855 2769 2853 2768
4 2855 2853 2794 2793
4 2857 2856 2798 2797
4 2857 2798 2856 2796
4 2856 2855 2797 2795
4 2856 2855 2793 2772
4 2855 2776 2853 2769
4 2858 2793 2854 2772
4 2858 2857 2793 2772
4 2857 2771 2856 2770
4 2856 2769 2855 2768
4 2858 2857 2771 2767
4 2856 2776 2855 2769
4 2857 2856 2797 2795
4 2858 2802 2854 2798
4 2858 2857 2795 2794
4 2856 2853 2855 2776
4 3239 3234 3233 2852
4 2858 2777 2828 2769
4 2858 2777 2769 2768
4 3537 3193 3007 2820
4 2858 2769 2857 2768
4 2856 2851 2853 2776
4 2858 2826 2827 2767
4 2857 2768 2856 2767
4 2858 2771 2831 2767
4 2857 2856 2795 2794
4 2858 2794 2854 2793
4 2858 2857 2794 2793
4 2858 2798 2854 2797
4 2857 2769 2856 2768
4 2858 2857 2798 2797
4 2858 2827 2768 2767
4 2858 2827 2777 2768
4 2857 2776 2856 2769
4 2858 2768 2857 2767
4 2858 2795 2854 2794
4 2858 2857 2797 2795
4 2858 2797 2854 2795
4 2858 2828 2779 2776
4 2858 2828 2776 2769
4 2858 2776 2857 2769
4 3206 3193 3194 2824
4 2858 2778 2779 2773
4 2858 2779 2778 2776
4 3987 3972 3935 3847
4 2858 2856 2857 2776
4 2858 2776 2778 2773
4 2858 2820 2776 2773
4 3847 3691 2781 2780
4 2858 2820 2822 2776
4 2858 2822 2851 2776
4 2858 2851 2856 2776
4 2860 2805 2854 2802
4 2860 2854 2804 2802
4 2863 2854 2808 2807
4 2862 2854 2807 2806
4 2862 2861 2854 2806
4 2863 2862 2854 2807
4 2864 2854 2809 2808
4 2864 2863 2854 2808
4 2865 2854 2810 2809
4 2865 2864 2854 2809
4 2866 2854 2811 2810
4 2866 2865 2854 2810
4 2868 2867 2854 2812
4 2868 2854 2813 2812
4 2867 2854 2812 2811
4 2867 2866 2854 2811
4 2870 2854 2817 2816
4 2869 2854 2816 2813
4 2869 2868 2854 2813
4 2931 2927 2926 2924
4 2871 2854 2818 2817
4 2871 2870 2854 2817
4 2872 2871 2854 2818
4 2964 2854 2819 2814
4 2893 1276 1275 978
4 3309 2976 3308 2922
4 3028 2949 2945 2924
4 2965 2964 2897 2895
4 2931 2880 2876 2875
4 2946 2925 2703 2702
4 2982 2934 2981 2933
4 3568 2641 2640 2587
4 3304 2971 2970 2922
4 2931 2884 2882 2878
4 3777 2693 2751 2692
4 2931 2879 2880 2875
4 2931 2881 2883 2877
4 2931 2922 2924 2888
4 2931 2924 2926 2651
4 3685 2688 2687 2593
4 3409 3328 3304 2922
4 3569 290 284 279
4 3130 2765 3129 2764
4 2965 2894 2955 2888
4 2964 2819 2854 2796
4 2965 2918 2964 2917
4 3685 2689 2690 2650
4 3685 2886 2924 2689
4 3685 2690 2924 2650
4 3685 2924 2690 2689
4 3685 2931 2888 2887
4 3366 3115 2952 2925
4 3129 3124 3114 2758
4 2964 2955 2896 2889
4 2930 2929 2888 2887
4 2924 2690 2691 2650
4 3685 2931 2924 2888
4 2924 2693 2694 2650
4 2965 2964 2895 2891
4 2924 2691 2692 2650
4 2924 2692 2693 2650
4 3054 2981 2933 2932
4 2929 2891 2922 2890
4 2964 2910 2904 2899
4 2964 2923 2907 2901
4 2964 2905 2911 2899
4 2964 2900 2905 2899
4 2965 2964 2898 2897
4 2925 2695 2696 2650
4 2964 2920 2919 2915
4 3564 3069 3068 3015
4 3028 2944 3002 2943
4 2964 2922 2900 2899
4 2964 2915 2919 2906
4 2964 2907 2905 2900
4 2964 2911 2910 2899
4 2965 2884 2885 2882
4 2965 2922 2918 2917
4 2964 2902 2814 2796
4 3366 3058 3001 2952
4 2925 2694 2695 2650
4 2925 2924 2694 2650
4 2964 2958 2891 2890
4 3376 3375 3355 3333
4 3308 2968 2967 2922
4 4128 3766 3622 3580
4 3568 2605 2604 2571
4 3458 2568 2620 2567
4 2964 2960 2897 2895
4 2964 2959 2960 2895
4 3029 3027 3023 2924
4 3454 1275 3452 1222
4 2965 2892 2894 2887
4 3568 3459 3543 3458
4 2930 2929 2889 2888
4 3694 3019 2985 2982
4 3691 2773 2776 2769
4 2930 2929 2922 2890
4 2931 2930 2924 2922
4 2965 2887 2886 2885
4 3568 2595 2618 2594
4 2931 2889 2922 2888
4 2931 2930 2889 2888
4 3543 3458 3459 3453
4 3866 3792 3790 3777
4 3685 2841 2788 2787
4 2931 2890 2922 2889
4 2931 2930 2890 2889
4 2931 2930 2922 2890
4 3298 3286 3291 2796
4 3691 2842 2789 2782
4 2933 2928 2932 2924
4 3458 2571 2623 2570
4 4084 3935 3905 3614
4 3777 2689 3685 2650
4 3681 3607 3406 3291
4 3418 3366 2951 2950
4 2935 2933 2934 2924
4 2935 2928 2924 2650
4 2935 2928 2933 2924
4 3019 2985 2930 2924
4 3161 3135 3139 2893
4 3074 2935 2987 2934
4 2972 2971 2922 2898
4 3700 3459 3568 3457
4 2937 2935 2936 2924
4 3020 2989 3019 2924
4 3720 2575 2578 2574
4 2939 2937 2938 2924
4 3746 3692 2982 2981
4 3374 3169 3366 2925
4 3026 3021 3025 2924
4 3074 2939 2938 2924
4 2944 2942 2943 2924
4 2940 2937 2939 2924
4 3026 2934 3021 2924
4 3692 2984 3019 2930
4 3115 2925 2698 2697
4 3054 2981 2986 2933
4 3564 3416 3022 3018
4 2942 2940 2941 2924
4 3767 2226 3686 1979
4 3568 2686 2606 2595
4 2942 2935 2937 2924
4 2942 2937 2940 2924
4 3366 2952 2951 2924
4 2944 2935 2924 2650
4 2944 2935 2942 2924
4 3308 3305 3301 2967
4 3657 3540 3328 3308
4 2947 2925 2704 2703
4 2989 2934 2933 2924
4 3625 3567 3161 3129
4 3567 3162 3161 3129
4 2949 2944 2945 2924
4 2947 2925 2893 2705
4 3411 3139 3161 3135
4 3563 3366 2952 2951
4 3557 3414 3117 2757
4 3113 2947 3112 2893
4 3625 3161 3130 3129
4 3160 3153 2893 1275
4 3170 2948 2947 2893
4 2950 2944 2924 2650
4 3529 3366 3058 3001
4 3115 2925 2946 2698
4 2952 2924 2925 2650
4 3115 2698 2946 2697
4 3115 2925 2697 2696
4 3581 878 3474 877
4 2952 2950 2924 2650
4 3115 2946 3090 2697
4 3059 3050 3016 2924
4 2952 2950 2951 2924
4 3411 3151 3150 3135
4 3454 2681 2682 1222
4 3052 2981 2928 2927
4 3129 3118 3124 2758
4 2964 2962 2957 2912
4 2964 2957 2918 2912
4 2964 2918 2957 2917
4 2964 2896 2958 2890
4 2964 2958 2959 2891
4 2964 2961 2898 2897
4 2964 2963 2962 2912
4 2972 2971 2898 2897
4 2964 2921 2963 2913
4 2965 2914 2964 2913
4 2965 2918 2922 2912
4 2965 2913 2964 2912
4 3461 2635 2634 2581
4 2965 2964 2918 2912
4 2965 2892 2887 2885
4 2965 2931 2884 2882
4 2965 2930 2931 2887
4 2965 2885 2886 2882
4 2965 2886 2931 2882
4 2965 2887 2931 2886
4 2965 2955 2889 2888
4 2965 2955 2964 2889
4 2966 2898 2922 2897
4 2965 2964 2890 2889
4 2969 2914 2965 2913
4 2965 2964 2891 2890
4 2965 2922 2917 2916
4 2965 2917 2964 2916
4 2965 2922 2916 2915
4 2965 2916 2964 2915
4 2965 2922 2915 2906
4 2965 2915 2964 2906
4 2965 2964 2922 2906
4 2969 2965 2914 2898
4 2967 2966 2895 2891
4 2972 2922 2966 2898
4 2969 2922 2913 2912
4 2967 2966 2897 2895
4 2969 2913 2965 2912
4 2967 2966 2922 2897
4 2972 2897 2966 2895
4 2969 2965 2922 2912
4 2968 2967 2895 2891
4 3308 3010 3009 2977
4 2967 2966 2891 2890
4 3657 3328 3309 3308
4 2967 2966 2890 2889
4 2968 2967 2888 2887
4 2967 2966 2889 2888
4 2968 2966 2967 2887
4 3529 3366 3415 3058
4 2967 2966 2888 2887
4 2968 2967 2897 2895
4 2968 2967 2922 2897
4 3019 3014 2975 2929
4 3692 2928 2981 2927
4 2985 2982 2930 2924
4 3568 2604 2572 2571
4 2968 2967 2889 2888
4 3495 2563 3461 2562
4 2968 2967 2891 2890
4 2981 2932 2928 2924
4 3030 3029 3022 2924
4 3685 2877 2597 2596
4 2968 2967 2890 2889
4 2969 2965 2898 2897
4 2970 2969 2914 2898
4 2969 2965 2897 2895
4 2970 2914 2969 2913
4 2969 2965 2895 2891
4 2971 2970 2898 2897
4 2969 2965 2891 2890
4 2969 2965 2890 2889
4 2971 2970 2914 2898
4 2969 2965 2889 2888
4 2970 2969 2922 2913
4 2969 2965 2888 2887
4 2970 2922 2914 2913
4 3416 3050 3057 3049
4 2970 2969 2898 2897
4 2971 2970 2922 2914
4 2970 2969 2888 2887
4 2971 2914 2922 2898
4 2970 2969 2897 2895
4 3060 3059 3015 2924
4 2970 2969 2889 2888
4 3309 2977 3308 2976
4 2970 2969 2895 2891
4 2972 2898 2966 2897
4 2970 2969 2890 2889
4 2970 2969 2891 2890
4 2971 2970 2897 2895
4 2971 2965 2969 2887
4 2971 2969 2970 2887
4 2972 2971 2897 2895
4 2971 2970 2888 2887
4 2981 2933 2932 2924
4 2971 2970 2895 2891
4 3026 3025 3024 2924
4 2971 2970 2889 2888
4 2972 2888 2966 2887
4 2971 2970 2891 2890
4 2972 2971 2888 2887
4 2971 2970 2890 2889
4 2972 2895 2966 2891
4 2972 2971 2895 2891
4 2975 2922 2929 2891
4 2974 2973 2922 2891
4 2976 2968 2888 2887
4 2982 2933 2981 2924
4 2972 2889 2966 2888
4 2972 2971 2889 2888
4 2972 2891 2966 2890
4 2972 2971 2891 2890
4 2972 2890 2966 2889
4 2972 2971 2890 2889
4 2976 2968 2922 2897
4 3416 3353 3060 3059
4 2974 2973 2888 2887
4 2976 2968 2897 2895
4 3028 2999 2998 2942
4 3382 2922 3245 2796
4 2974 2929 2930 2887
4 2974 2973 2889 2888
4 2974 2973 2891 2890
4 2976 2968 2895 2891
4 2976 2897 2922 2895
4 2975 2924 2929 2922
4 2974 2973 2890 2889
4 2975 2974 2922 2891
4 2975 2891 2929 2890
4 2975 2974 2891 2890
4 2975 2890 2929 2889
4 2975 2974 2890 2889
4 2975 2889 2929 2888
4 2975 2974 2889 2888
4 2975 2888 2929 2887
4 2975 2929 2974 2887
4 2975 2974 2888 2887
4 2976 2966 2968 2887
4 2976 2972 2966 2887
4 2976 2965 2972 2887
4 2976 2968 2889 2888
4 2976 2968 2891 2890
4 2976 2930 2965 2887
4 2979 2976 2978 2887
4 2976 2968 2890 2889
4 3417 3313 3320 3312
4 2977 2976 2922 2895
4 3581 3572 3474 878
4 2977 2976 2888 2887
4 2977 2976 2895 2891
4 2977 2976 2889 2888
4 2977 2976 2891 2890
4 2978 2977 2922 2895
4 2977 2976 2890 2889
4 2979 2973 2974 2887
4 2978 2976 2977 2887
4 2979 2978 2922 2895
4 2978 2977 2888 2887
4 2978 2977 2895 2891
4 2979 2888 2973 2887
4 2978 2977 2889 2888
4 2979 2978 2888 2887
4 2978 2977 2891 2890
4 2979 2895 2922 2891
4 2978 2977 2890 2889
4 2979 2922 2973 2891
4 2979 2978 2895 2891
4 2979 2974 2930 2887
4 2979 2930 2976 2887
4 2979 2889 2973 2888
4 2979 2978 2889 2888
4 2979 2891 2973 2890
4 2979 2978 2891 2890
4 2979 2890 2973 2889
4 2979 2978 2890 2889
4 3308 3009 3306 2976
4 3458 2628 2575 2574
4 3016 3014 3015 2975
4 3019 2984 2983 2929
4 3314 3313 2924 2922
4 3028 2943 2999 2942
4 4028 2033 2034 1860
4 4084 3495 1827 1823
4 2986 2981 2934 2933
4 3273 3237 3262 3236
4 3328 3309 3308 2922
4 3307 2979 2978 2922
4 3636 3328 3408 3304
4 3685 2596 3568 2588
4 3596 2981 3048 2926
4 3685 2788 2591 2590
4 3972 2790 2586 2585
4 2982 2931 2930 2924
4 3581 883 884 877
4 2985 2933 2982 2924
4 2985 2934 2982 2933
4 3032 2939 2992 2938
4 3316 2979 3315 2922
4 3032 2943 2942 2924
4 3972 2782 2789 2585
4 3021 2989 3020 2934
4 3411 3155 3147 3137
4 2989 2933 2985 2924
4 2989 2934 2985 2933
4 3692 3019 2982 2930
4 3563 3000 3005 2950
4 3030 3022 3018 2924
4 3027 3026 3024 2924
4 3021 3020 3019 2924
4 3029 3023 3022 2924
4 3365 3324 3352 3312
4 2993 2669 2670 864
4 2993 2721 2669 864
4 3092 2667 2668 866
4 2994 2670 2671 864
4 2994 2993 2670 864
4 3102 2705 2762 2699
4 3685 2878 2882 2688
4 3095 3091 2946 2698
4 3777 2686 3456 2606
4 3564 3416 3023 3022
4 3028 3002 2999 2943
4 3032 3028 2943 2924
4 3966 3871 3939 3859
4 3032 2941 2940 2924
4 3028 2945 3003 2944
4 3416 3059 3066 3050
4 3416 3027 3024 3023
4 3418 3028 3366 2949
4 3028 3003 3002 2944
4 3028 2944 2943 2924
4 3192 3172 3178 3166
4 3692 2982 2931 2930
4 3054 3053 2981 2932
4 3418 2950 3005 2949
4 3049 3030 3018 2924
4 3563 3366 3001 2952
4 3326 3309 3325 2922
4 3411 3145 3151 3136
4 3418 3005 3004 2949
4 3050 3049 2935 2934
4 3529 3415 3366 3028
4 3746 3433 3694 3033
4 3568 2645 2592 2587
4 3195 2472 2471 2073
4 3421 2494 2493 2486
4 3649 3539 3415 3366
4 3690 3532 3679 2522
4 3239 3233 2853 2852
4 3756 2520 2515 2466
4 3631 3406 3286 3233
4 3194 3193 2466 2073
4 3206 3194 3195 2824
4 3805 3690 3679 2522
4 3206 3195 3196 2824
4 3410 2522 3252 2495
4 3193 2823 2822 2073
4 3532 2512 3421 2465
4 3298 3291 3297 2553
4 3193 2822 2821 2073
4 3195 2466 2472 2073
4 3194 2824 3193 2823
4 3193 2822 3062 2821
4 3209 2825 3204 2073
4 3206 3193 2824 2823
4 3231 2498 2497 2073
4 3805 2468 3756 2467
4 3353 3079 3072 3061
4 3050 2935 3049 2924
4 4100 3912 4022 3638
4 3308 2976 2968 2922
4 3348 3077 3346 2924
4 3308 2978 3010 2977
4 3308 2967 3304 2966
4 3308 2976 3306 2968
4 3315 2979 3307 2922
4 3053 2981 2932 2928
4 3636 3409 3245 2922
4 3019 2985 2982 2930
4 3153 3111 2893 2762
4 3692 2980 2984 2930
4 3032 2942 2941 2924
4 3790 3457 3456 3455
4 3016 3015 2924 2922
4 3019 2983 3014 2929
4 3016 2974 3015 2922
4 3016 2975 3015 2974
4 3019 2930 2984 2929
4 3017 3014 3016 2975
4 3019 2989 2985 2924
4 3018 3014 3017 2975
4 3017 3016 2924 2922
4 3074 2938 2937 2924
4 3017 2974 3016 2922
4 3017 2975 3016 2974
4 3050 3017 3016 2924
4 3019 2930 2929 2924
4 3405 3382 3351 3350
4 3018 3017 2924 2922
4 3018 2975 2974 2922
4 3018 2974 3017 2922
4 3018 2975 3017 2974
4 3737 3413 3170 3169
4 3032 2996 2992 2939
4 3020 2934 2989 2924
4 3021 2934 3020 2924
4 3049 2935 2934 2924
4 3027 2934 3026 2924
4 3030 2934 3029 2924
4 3032 2992 2991 2938
4 3029 2934 3027 2924
4 3022 3014 3018 2975
4 3075 2935 3073 2924
4 3022 2975 3018 2922
4 3022 3018 2924 2922
4 3023 3014 3022 2975
4 3027 3024 3023 2924
4 3023 2924 2975 2922
4 3023 2975 3022 2922
4 3023 3022 2924 2922
4 3024 3014 3023 2975
4 3025 3021 3019 2924
4 3024 2929 2975 2924
4 3024 2975 3023 2924
4 3025 3019 3014 2975
4 3025 3014 3024 2975
4 3025 3019 2929 2924
4 3025 2929 3024 2924
4 3025 3019 2975 2929
4 3025 2975 3024 2929
4 3074 2937 2936 2924
4 3692 2981 3596 2926
4 3594 3416 3027 3024
4 3027 2985 2989 2934
4 3027 2989 3021 2934
4 3027 3021 3026 2934
4 3032 2940 2939 2924
4 3692 3034 3596 2981
4 3074 2987 2986 2934
4 3029 2982 2985 2934
4 3029 2985 3027 2934
4 3078 3074 2936 2924
4 3309 3011 3308 2979
4 3049 2934 3030 2924
4 3777 2690 2689 2650
4 3792 3790 3777 3455
4 3050 3029 3049 2934
4 3049 3018 3017 2924
4 3032 2991 2990 2937
4 3032 2938 2991 2937
4 3074 3032 2939 2924
4 3074 2939 3032 2938
4 3053 3052 2981 2928
4 3347 3084 3083 3031
4 3353 3059 3050 3016
4 3059 3016 3015 2924
4 3417 3320 3313 3064
4 3529 3366 3418 3028
4 3649 3366 3415 3028
4 3410 3252 3222 2495
4 3626 3416 3024 3023
4 3601 3213 3245 2965
4 3059 2935 3050 2924
4 3354 3323 3314 3313
4 3416 3061 3072 3060
4 3416 3072 3067 3060
4 3416 3353 3072 3061
4 3192 3182 3168 2893
4 3692 2931 2928 2927
4 3594 3025 3026 3021
4 3304 2967 3301 2966
4 3416 3353 3061 3060
4 3433 3363 3359 3352
4 3626 3037 3036 3023
4 3353 3075 3080 3073
4 3363 3359 3352 3323
4 3416 3029 3027 3023
4 3351 3350 3329 2922
4 3308 2968 3305 2967
4 3685 2876 2877 2596
4 3801 3025 3038 3024
4 3626 3564 3416 3023
4 3746 3692 3033 3019
4 3594 3021 3020 3019
4 3353 3050 3017 3016
4 3694 2989 3040 2985
4 3694 3040 3039 2985
4 3594 3027 3044 3026
4 3074 2986 2981 2934
4 3594 3019 3020 2989
4 3594 3029 3045 3027
4 3594 3045 3044 3027
4 3192 3188 3181 3158
4 3626 3024 3037 3023
4 3594 3044 3043 3026
4 3594 3021 3042 3020
4 4099 4019 3731 3528
4 3051 2981 2927 2926
4 3596 3048 3047 2651
4 3596 2651 3047 2650
4 3685 2931 2886 2882
4 3687 869 1602 866
4 3454 2755 2756 2753
4 3049 3029 3030 2934
4 3050 3049 3017 2924
4 3078 3075 3077 2934
4 3050 2982 3029 2934
4 3051 3048 2981 2926
4 3345 3327 3326 2922
4 3417 3320 3319 3312
4 3626 3416 3594 3024
4 3417 3352 3353 3312
4 3416 3030 3029 3022
4 3416 3049 3056 3030
4 3078 3074 2981 2934
4 3371 3370 3356 2922
4 3324 3061 3314 2924
4 3564 3417 3433 3416
4 3073 2935 3061 2924
4 3060 2935 3059 2924
4 3059 3050 2935 2934
4 3357 3317 3316 2922
4 3061 2935 3060 2924
4 3060 3059 2935 2934
4 3074 2938 3032 2937
4 3073 3061 2935 2934
4 3060 3050 3059 2934
4 3170 3116 3169 2947
4 3077 3031 2936 2924
4 3061 3060 2935 2934
4 3237 3231 3236 3230
4 3681 3291 3406 3286
4 3231 3230 2553 2498
4 3220 2825 3219 2073
4 3416 3030 3055 3029
4 3416 3050 3049 3017
4 3308 2979 3011 2978
4 3417 3353 3313 3312
4 3416 3353 3059 3050
4 3433 3358 3417 3353
4 3354 3313 3353 3312
4 3353 3060 3059 3015
4 3564 3065 3071 3018
4 3801 3594 3033 3019
4 3564 3068 3417 3015
4 3416 3353 3050 3017
4 3354 3323 3313 3312
4 3313 3312 2924 2922
4 3073 3060 3061 2934
4 3411 3165 3192 3161
4 3078 3031 2936 2935
4 3078 3031 2935 2934
4 3078 2935 3074 2934
4 3340 3331 3337 2922
4 3076 2936 2935 2924
4 3078 3077 3031 2934
4 3078 2936 3031 2924
4 3075 3073 2935 2934
4 3078 3050 3075 2934
4 3075 3050 3060 2934
4 3075 3060 3073 2934
4 3421 2502 2494 2486
4 3076 2935 3075 2924
4 3077 2936 3076 2924
4 3078 2936 3074 2935
4 3076 3075 2935 2934
4 3077 2936 3031 2935
4 3077 3076 2936 2935
4 3077 3075 3076 2934
4 3077 2935 3031 2934
4 3077 3076 2935 2934
4 3078 2981 2982 2934
4 3078 2982 3050 2934
4 3454 2739 2738 2707
4 3563 3005 3418 2950
4 3407 2856 3242 2855
4 3417 3313 3314 3064
4 3353 3082 3080 3075
4 3454 1275 1040 978
4 3374 3176 3175 3169
4 3417 3068 3064 3015
4 3636 3328 3409 2922
4 3356 3316 3315 2922
4 3354 3353 3352 3312
4 3411 3160 3159 2893
4 3347 3085 3078 3074
4 3086 2672 2666 864
4 3086 2671 2672 864
4 3086 2994 2671 864
4 3581 884 861 854
4 3088 2667 866 864
4 3098 3094 2674 866
4 3088 2666 2667 864
4 3088 3087 2666 864
4 3115 2925 2696 2650
4 3843 3700 3568 2606
4 3095 2946 2702 2698
4 3096 2946 2762 2703
4 3091 2946 2698 2697
4 3091 3090 2946 2697
4 3591 3465 1636 1635
4 3093 2668 2673 866
4 3093 3092 2668 866
4 3106 2679 2724 1222
4 3593 3458 3459 3457
4 3094 2673 2674 866
4 3094 3093 2673 866
4 3099 2675 2676 866
4 3124 3113 3122 3112
4 3096 2946 2703 2702
4 3096 3095 2946 2702
4 3102 2762 2705 2704
4 3102 3097 2762 2704
4 3097 2762 2704 2703
4 3097 3096 2762 2703
4 3100 2676 2677 1222
4 3100 3099 2676 1222
4 3105 3100 2677 1222
4 3104 2762 3101 2700
4 3103 3102 2762 2699
4 3104 2762 2700 2699
4 3104 3103 2762 2699
4 3447 1561 1570 1509
4 3106 2678 2679 1222
4 3106 3105 2678 1222
4 3454 2682 1275 1222
4 3454 3153 2712 2711
4 3192 3167 3166 2893
4 3447 1477 1478 1423
4 3192 3180 3179 2893
4 3124 3123 3122 3113
4 3454 2682 2683 1275
4 3746 3694 3433 3358
4 3169 3115 3142 3058
4 3454 2753 2756 2741
4 3113 2893 2765 2760
4 3454 3153 2893 2712
4 3411 3141 3146 3140
4 3411 3111 3110 2893
4 3111 3109 3110 2762
4 3153 2893 2712 2711
4 3411 3133 3157 3132
4 3374 3170 2925 2893
4 3153 2754 2893 2711
4 3192 3179 3185 2893
4 3111 2893 2762 2761
4 3111 2762 3110 2761
4 3111 3110 2893 2761
4 3112 2947 2948 2893
4 3567 3168 3182 3129
4 3170 3113 3112 2893
4 3114 2759 2893 2758
4 3114 3113 2893 2759
4 3124 3122 3121 3112
4 3115 3090 3089 2696
4 3567 3181 3179 3162
4 3737 3169 3116 2947
4 3169 3142 3115 2946
4 3124 3118 3123 2758
4 3414 3112 3121 2757
4 3170 3112 3124 2757
4 3411 3152 3134 3110
4 3298 2796 3291 2073
4 3610 3413 3169 3142
4 3414 3170 3124 2757
4 3129 3120 3119 2759
4 3130 2893 2765 2764
4 3124 3114 3123 3113
4 3567 3166 3167 3129
4 3366 3169 3115 2925
4 3129 3114 3113 2893
4 3411 3111 3159 3110
4 3411 3147 3146 3137
4 3129 2759 3119 2758
4 3129 2763 3120 2759
4 3129 2893 2759 2758
4 3414 3121 3117 2757
4 3129 2893 2763 2759
4 3411 3149 3139 3135
4 3411 3140 3145 3136
4 3454 2756 2748 2741
4 3130 3126 2766 2760
4 3129 3114 2893 2758
4 3124 3123 3114 2758
4 3129 3119 3118 2758
4 3161 3136 3135 2893
4 3411 3192 3160 2893
4 3129 3114 3124 3113
4 3737 3722 3169 2947
4 3411 3154 3152 3110
4 3161 3139 3131 2893
4 3129 3125 3128 2764
4 3129 2765 3125 2764
4 3411 3159 3111 2893
4 3567 3162 3179 3161
4 3411 3146 3141 3137
4 3130 2893 2764 2763
4 3130 2764 3129 2763
4 3130 3129 2893 2763
4 3133 3132 2893 2761
4 3170 2893 3112 2757
4 3131 3130 2766 2760
4 3131 3108 3127 2760
4 3131 3127 3130 2760
4 3131 2761 3108 2760
4 3131 2893 2766 2765
4 3131 2766 3130 2765
4 3131 3130 2893 2765
4 3138 3137 2893 2760
4 3454 2762 2753 2741
4 3133 3108 3132 2761
4 3134 3110 3109 2762
4 3192 3165 3164 3161
4 3134 3133 2893 2761
4 3134 3110 2762 2761
4 3134 3109 3108 2761
4 3134 3108 3133 2761
4 3134 2762 3109 2761
4 3139 2893 3135 2766
4 3139 3131 2893 2766
4 3692 3608 2931 2651
4 3136 3108 3135 2761
4 3136 2761 3135 2760
4 3136 2766 2893 2760
4 3136 3135 2766 2760
4 3136 3135 2893 2766
4 3411 3155 3138 3132
4 3138 3132 3108 2761
4 3140 3136 2893 2760
4 3138 3108 3137 2761
4 3138 2893 2761 2760
4 3138 2893 3132 2761
4 3138 2761 3137 2760
4 3139 3131 2766 2760
4 3139 2766 3135 2760
4 3139 3108 3131 2761
4 3139 3135 3108 2761
4 3139 2761 3131 2760
4 3139 3135 2761 2760
4 3140 3108 3136 2761
4 3411 3146 3145 3140
4 3140 2761 3136 2760
4 3141 2893 3137 2760
4 3141 3140 2893 2760
4 3141 3137 3108 2761
4 3141 3108 3140 2761
4 3141 3137 2761 2760
4 3141 2761 3140 2760
4 3452 1275 1269 1222
4 3411 3134 3133 2893
4 3454 2735 2684 2683
4 3454 2732 2681 2680
4 3411 3132 3138 2893
4 3411 3110 3134 2893
4 3192 3182 3183 3174
4 3411 3141 3140 2893
4 3411 3136 3161 2893
4 3411 3138 3137 2893
4 3411 3137 3141 2893
4 3454 2735 3107 2684
4 3411 3149 3148 3131
4 3411 3150 3149 3135
4 3411 3140 3136 2893
4 3411 3134 3152 3133
4 3411 3152 3157 3133
4 3454 2685 2893 978
4 3192 3160 2893 1484
4 3153 3109 3111 2762
4 3153 2754 2762 2753
4 3153 2762 2893 2753
4 3153 2893 2754 2753
4 3567 3171 3179 3167
4 3683 3032 3074 2924
4 3192 3174 3173 3168
4 3454 3452 3153 3109
4 3411 3138 3155 3137
4 3596 3433 3358 3034
4 3454 2712 2893 2706
4 3170 3129 3124 3113
4 3454 2708 2893 2685
4 3557 3413 3520 3170
4 3170 2948 2893 2757
4 3567 3179 3182 3167
4 3192 3161 3162 2893
4 3720 2631 2632 2578
4 3192 3177 3171 3166
4 3161 3130 3129 2893
4 3285 3236 3277 2073
4 3170 3113 3124 3112
4 3192 3181 3180 2893
4 3162 3129 3158 2893
4 3162 3161 3129 2893
4 3734 2308 3475 2414
4 3192 3168 3167 2893
4 3671 3651 3483 3482
4 3567 3171 3166 3129
4 3614 3558 3519 1578
4 3649 3539 3366 3032
4 3411 3156 3155 3132
4 3614 3558 3551 3519
4 3720 2578 2579 2574
4 3691 2778 2776 2773
4 3567 3179 3180 3129
4 3737 3722 3610 3169
4 3413 3412 3169 3142
4 3737 3170 3413 3116
4 3192 3162 3158 2893
4 4028 3824 2037 2036
4 3167 3129 3166 2893
4 3567 3167 3168 3129
4 3413 3412 3170 3169
4 3228 2546 2553 2545
4 3411 3159 3154 3110
4 3171 3129 3170 2893
4 3192 3183 3189 3174
4 3171 3166 3129 2893
4 3746 3034 3433 3033
4 3192 3184 3183 2893
4 3168 3129 3167 2893
4 3374 3192 3170 2893
4 3169 2947 2946 2925
4 3722 3142 3169 2946
4 3170 2947 2925 2893
4 3382 3351 3329 2922
4 3170 2947 3169 2925
4 3614 3519 3551 3462
4 3567 3158 3162 3129
4 3567 3171 3167 3166
4 3192 3171 3177 3170
4 3608 3433 3034 3033
4 3690 3201 3248 3196
4 3777 2995 2752 2694
4 3454 3107 2685 2684
4 3192 3164 3162 3161
4 3532 2507 2506 2461
4 3192 3162 3164 3158
4 3182 3129 3168 2893
4 3192 3187 3186 3179
4 3192 3173 3172 3167
4 3192 3188 3187 3180
4 3567 3184 3183 3182
4 3405 3374 3366 2924
4 3363 3360 3359 3323
4 3750 3585 3475 2414
4 3414 3124 3112 2757
4 3722 3610 3169 3142
4 3722 3169 2947 2946
4 3557 3143 2948 2757
4 3567 3180 3181 3129
4 3567 3181 3180 3179
4 3567 3182 3168 3167
4 3192 3171 3170 2893
4 3746 3358 3433 3034
4 3192 3166 3171 2893
4 3181 3158 3129 2893
4 3180 3129 3179 2893
4 3181 3129 3180 2893
4 3567 3184 3185 3129
4 3567 3181 3162 3158
4 3567 3182 3183 3129
4 3567 3181 3158 3129
4 3192 3186 3191 3179
4 3192 3184 3190 3183
4 3183 3129 3182 2893
4 3184 3129 3183 2893
4 3567 3183 3184 3129
4 3567 3185 3179 3129
4 3236 3230 3231 2073
4 3192 3163 3188 3158
4 3185 3179 3129 2893
4 3185 3129 3184 2893
4 3567 3185 3184 3179
4 3410 3219 3226 3209
4 3192 3181 3188 3180
4 3192 3185 3191 3184
4 3192 3158 3181 2893
4 3192 3191 3185 3179
4 3421 2509 2502 2487
4 3204 2464 2463 2073
4 3192 3180 3187 3179
4 3192 3164 3163 3158
4 3192 3190 3189 3183
4 3192 3191 3190 3184
4 3690 3578 3196 2471
4 3192 3185 3184 2893
4 3202 3200 2461 2073
4 3410 3223 3265 3221
4 3196 2471 2470 2073
4 3196 3195 2471 2073
4 3805 3195 3194 2466
4 3421 2493 2492 2486
4 3578 2470 3532 2469
4 3197 2470 2469 2073
4 3197 3196 2470 2073
4 3578 3198 3197 2469
4 3200 2462 2461 2073
4 3805 3690 3247 3195
4 3284 3277 3231 2553
4 3578 3532 3410 2462
4 3203 3202 2461 2073
4 3972 2637 2636 2583
4 3410 3209 3225 3204
4 3204 3203 2464 2073
4 3384 3383 3382 3328
4 3578 3259 3201 3197
4 3578 3197 3196 2470
4 3410 3221 3264 3220
4 3805 2472 3195 2466
4 3805 3756 2472 2466
4 3219 2463 2488 2073
4 3206 3198 3200 2824
4 3410 3222 3219 3209
4 3421 3410 2464 2463
4 3410 3264 3227 3220
4 3421 2493 2495 2492
4 3203 2461 2465 2073
4 3206 3200 3202 2824
4 3272 2542 2549 2541
4 3578 3200 3198 2462
4 3206 3202 3203 2824
4 3204 2825 3203 2073
4 3223 3221 3222 2073
4 3255 3236 3251 3235
4 3578 3198 3259 3197
4 3257 3235 3255 2073
4 3222 3219 3209 2463
4 3206 3203 3204 2824
4 3204 3203 2825 2824
4 3287 3285 3277 2553
4 3235 2829 3232 2073
4 3255 3235 3251 3232
4 3223 2829 3221 2073
4 3249 2495 2499 2073
4 3219 3209 2463 2073
4 3456 2606 2659 2605
4 3250 2519 2518 2073
4 3532 2506 2512 2461
4 3249 3232 3235 3222
4 3219 2825 3209 2073
4 3805 3252 3690 2522
4 3237 3230 3236 3229
4 3209 3206 3204 2824
4 3221 2829 2825 2073
4 3209 3204 2825 2824
4 3221 2825 3220 2073
4 3238 2853 2852 2796
4 3495 1880 1879 1826
4 3382 3245 3298 2796
4 3314 3061 3060 2924
4 3564 3022 3065 3018
4 3245 3218 3241 2854
4 3240 3233 2855 2853
4 3234 3217 3233 2851
4 3375 3361 3355 3333
4 3290 3289 2553 2073
4 3224 2829 3223 2073
4 3283 3231 3230 2553
4 3219 3209 2825 2824
4 3220 3219 2825 2824
4 3236 2846 3235 2073
4 3219 3206 3209 2824
4 3532 2508 2507 2462
4 3220 3206 3219 2824
4 3236 3235 3228 2073
4 3410 3220 3227 3219
4 3235 2846 2829 2073
4 3290 3237 3289 2073
4 3221 3220 2825 2824
4 3223 3221 2829 2825
4 3285 2496 2490 2073
4 3421 2492 2495 2486
4 3221 3206 3220 2824
4 3421 2509 2488 2463
4 3410 3226 3225 3209
4 3410 3204 3205 3203
4 3421 2488 2495 2463
4 3267 3232 3224 3222
4 3224 3223 2829 2825
4 3223 3221 2825 2824
4 3237 3231 3230 3229
4 3223 3206 3221 2824
4 3237 2848 2847 2073
4 3250 3236 3249 3235
4 3271 3237 3236 3222
4 3268 3232 3267 3222
4 3224 3223 2825 2824
4 3232 3224 2829 2825
4 3224 3206 3223 2824
4 3532 3421 3410 2462
4 3410 3203 2465 2464
4 3232 2829 3224 2073
4 3266 3224 3223 3222
4 3578 3197 2470 2469
4 3257 3255 2516 2073
4 3273 3262 2541 2073
4 3274 2541 2548 2540
4 3276 2545 2553 2543
4 3273 3229 3237 3228
4 3230 3229 2528 2073
4 3308 2967 2966 2922
4 3276 2553 3229 2543
4 3285 2496 2553 2490
4 3285 3277 2553 2496
4 3251 3235 3250 3232
4 3691 3597 2773 2096
4 3238 2852 2851 2073
4 3756 2515 2472 2466
4 3803 3614 3752 3252
4 3251 3250 2518 2073
4 3752 3664 3691 3537
4 3935 3847 3905 3803
4 3495 3463 1834 1833
4 3454 2893 1275 978
4 3238 2851 2850 2073
4 3291 3286 3233 2796
4 4168 3785 3771 1343
4 3567 3170 3412 3161
4 3249 3222 2495 2073
4 3461 2613 2612 2561
4 2481 2457 2480 2121
4 3495 1824 1877 1823
4 3262 2516 2542 2073
4 3268 3235 3232 3222
4 3237 2846 3236 2073
4 3232 3224 2825 2824
4 3237 2847 2846 2073
4 3232 3206 3224 2824
4 3278 2547 2553 2540
4 3410 3265 3264 3221
4 3234 3233 2852 2851
4 3824 3810 3597 2096
4 3657 3356 3357 3309
4 3273 3249 3262 3237
4 3240 3239 3233 2853
4 3235 3232 2829 2825
4 3238 3237 2849 2848
4 3235 3206 3232 2824
4 3236 3235 2846 2829
4 3235 3232 2825 2824
4 3678 3291 3607 3238
4 3271 3236 3270 3222
4 3238 3215 3212 2848
4 3238 2849 3215 2848
4 3236 3235 2829 2825
4 3236 3207 3206 2824
4 3236 3206 3235 2824
4 3236 2825 3207 2824
4 3236 3235 2825 2824
4 3270 3236 3235 3222
4 3681 3286 3406 3233
4 2481 2127 2480 2126
4 2481 2452 2458 2121
4 3237 3236 2846 2829
4 3237 3208 3207 2825
4 3237 3207 3236 2825
4 3237 2829 3208 2825
4 3237 3236 2829 2825
4 3238 3212 3211 2847
4 3238 2848 3212 2847
4 3238 3237 2848 2847
4 3238 3211 3210 2846
4 3238 2847 3211 2846
4 3238 3237 2847 2846
4 3568 2645 2644 2591
4 3567 3170 3129 3124
4 3564 3071 3070 3017
4 3286 3245 3241 2854
4 3277 2497 2553 2496
4 3245 2922 2904 2796
4 3245 2964 2854 2796
4 3245 2964 3218 2854
4 3245 2965 2964 2922
4 3245 2965 3218 2964
4 3245 3213 3218 2965
4 3245 2904 2903 2796
4 3245 2903 2964 2796
4 3245 2904 2964 2903
4 3245 2904 2922 2899
4 3245 2922 2964 2899
4 3245 2964 2904 2899
4 3245 2969 2965 2922
4 3409 2970 2969 2922
4 3601 2970 3302 2969
4 3805 3194 3193 2466
4 3805 3193 2467 2466
4 3805 3756 3679 2472
4 3679 3532 2471 2470
4 3690 3578 3201 3197
4 3679 2471 2514 2470
4 3690 3196 3248 3195
4 3255 3235 3232 2073
4 3410 3204 3203 2464
4 3275 3235 3273 2073
4 3407 3233 2856 2855
4 3250 3237 3249 3236
4 3250 2499 2519 2073
4 3250 3249 2499 2073
4 3251 3237 3250 3236
4 3254 2526 2525 2518
4 3255 3251 2517 2073
4 3257 3236 3255 3235
4 3272 3269 2523 2516
4 3251 3249 3250 3237
4 3691 2785 2838 2780
4 3253 3252 2521 2495
4 3258 3255 3251 2517
4 3253 2521 2499 2495
4 3253 2499 3249 2495
4 3256 3254 2525 2518
4 3254 2521 2526 2499
4 3254 3253 2521 2499
4 3256 2518 2525 2517
4 3254 2519 2526 2518
4 3254 3250 2519 2518
4 3254 2526 2519 2499
4 3254 2519 3250 2499
4 3254 3250 3249 2499
4 3254 3249 3253 2499
4 3274 3272 2548 2541
4 3255 3249 3251 3237
4 3272 2549 2542 2516
4 3278 3228 3275 2553
4 3258 3256 2524 2517
4 3258 2524 2523 2516
4 3256 3251 2518 2517
4 3256 3251 3250 2518
4 3256 3250 3254 2518
4 3275 3228 3235 2073
4 3272 3262 2542 2541
4 3257 3237 3255 3236
4 3262 3257 2516 2073
4 3273 3236 3262 3235
4 3262 3237 3257 3236
4 3258 3251 3256 2517
4 3258 2517 2524 2516
4 3258 3255 2517 2516
4 3578 3196 2471 2470
4 3532 2470 2513 2469
4 3410 3265 3223 3222
4 3532 3421 2462 2461
4 3532 2469 2508 2462
4 3274 2548 2547 2540
4 3262 3249 3255 3237
4 3262 3255 3257 3237
4 3272 2542 3262 2516
4 3276 3228 2545 2073
4 3690 3252 3578 2522
4 3578 3263 3261 3202
4 3266 3223 3265 3222
4 3410 3222 3223 3221
4 3410 3222 3221 3220
4 3267 3224 3266 3222
4 3277 3231 2497 2073
4 3678 3291 3238 3237
4 2482 2455 2481 2123
4 3269 3258 2523 2516
4 3272 3262 3257 2516
4 3272 2523 2549 2516
4 3269 3257 3255 2516
4 3269 3255 3258 2516
4 3272 3257 3269 2516
4 3275 2553 3228 2540
4 3273 3231 3237 3229
4 3273 3249 3237 3231
4 3285 3237 3277 3236
4 3274 3262 3272 2541
4 3274 3273 3262 2541
4 3281 3229 3280 2553
4 3286 3241 3244 2858
4 3275 3236 3235 3228
4 3275 3236 3273 3235
4 3275 3237 3236 3228
4 3275 3273 3237 3228
4 3275 3237 3273 3236
4 3276 2545 2543 2073
4 3276 2543 3229 2073
4 3276 3229 3236 2073
4 3276 3236 3228 2073
4 3276 3236 3237 3228
4 3276 3237 3229 3228
4 3276 3237 3236 3229
4 3288 3237 3285 3236
4 3278 3274 2547 2540
4 3295 3288 3292 2553
4 3289 3237 3288 3236
4 3288 3277 3237 3231
4 3278 3273 3274 2540
4 3278 3275 3273 2540
4 3282 3230 3229 2553
4 3282 3229 3281 2553
4 3279 3228 3278 2553
4 3280 3229 3276 2553
4 3433 3359 3354 3352
4 3280 3276 3228 2553
4 3280 3228 3279 2553
4 3291 3290 2553 2073
4 3288 3285 2553 2490
4 3288 3277 3285 3237
4 3382 3294 3298 3245
4 3289 3288 2553 2490
4 3291 3289 3290 3237
4 3289 3237 3236 2073
4 3292 3288 3285 2553
4 3291 3237 3290 2073
4 3949 3602 3668 3560
4 3407 3233 3286 2856
4 3286 2857 2856 2796
4 3584 3286 2858 2857
4 3631 3554 3407 3286
4 3407 3242 3240 2855
4 3286 2856 2855 2796
4 3286 2855 3233 2796
4 3286 2856 3233 2855
4 3296 3289 3295 2553
4 3291 3233 3238 2796
4 3297 3291 3290 2553
4 3291 3238 3237 2073
4 3289 3236 3288 2073
4 3291 3249 3289 3237
4 3289 3237 3249 3231
4 3289 3288 3237 3231
4 3291 3249 3237 3222
4 3296 3290 3289 2553
4 3607 3406 3291 3271
4 3681 3238 3291 3233
4 3291 3237 3271 3222
4 3681 3291 3286 3233
4 3292 3285 3287 2553
4 3295 3289 3288 2553
4 3639 108 457 107
4 3777 3115 3089 2696
4 3433 3354 3359 3353
4 3685 3568 2597 2593
4 3456 2605 2658 2604
4 3629 1260 3453 1201
4 3433 3354 3353 3352
4 3365 3314 3324 3313
4 3405 3374 3373 3366
4 3298 3293 3297 3286
4 3298 3245 3286 2796
4 3383 3382 3328 3245
4 3383 3294 3382 3245
4 3370 3077 3368 3076
4 3304 3299 2972 2966
4 3410 3205 3263 3203
4 3304 3300 3299 2966
4 3308 2977 3009 2976
4 3304 3301 3300 2966
4 3421 2511 2510 2463
4 3692 2931 2980 2930
4 3304 3299 3303 2971
4 3405 3401 3400 3347
4 3308 3301 3304 2967
4 3601 3409 2970 2969
4 3304 2972 2971 2922
4 3636 3408 3328 3245
4 3304 2972 3299 2971
4 3409 2971 3303 2970
4 3328 3308 3304 2922
4 2446 2392 2445 2393
4 3371 3338 3076 2924
4 2446 2444 2445 2392
4 3309 2978 3308 2977
4 3417 3353 3314 3313
4 3912 3777 3843 2686
4 3233 2851 3217 2850
4 3314 2924 3015 2922
4 3324 3323 3314 3061
4 3309 2978 2977 2922
4 3347 3081 3085 3074
4 3309 2979 3307 2973
4 3309 3307 2979 2978
4 3309 2979 3308 2978
4 3309 3013 3012 2973
4 3309 2974 3013 2973
4 3309 3307 2974 2973
4 3309 3307 3013 2974
4 3416 3060 3067 3059
4 3409 2969 3245 2922
4 3417 3317 3352 3312
4 3333 3307 3332 2922
4 3324 3314 3323 3313
4 3338 3333 3332 2922
4 3313 2973 3312 2922
4 3366 2925 2952 2924
4 3317 3312 2974 2973
4 3317 2974 3316 2973
4 3313 2974 3312 2973
4 3314 2973 3313 2922
4 3341 3337 3336 2922
4 3350 3077 3349 2924
4 3313 3014 3312 2975
4 3313 2975 3312 2974
4 3314 2974 2973 2922
4 3314 3015 2974 2922
4 3314 2974 3313 2973
4 3314 3015 3014 2975
4 3314 3014 3313 2975
4 3314 3015 2975 2974
4 3314 2975 3313 2974
4 3315 3307 2979 2973
4 3372 3357 3362 3356
4 3315 3013 3307 2974
4 3317 3312 2973 2922
4 3315 2974 3307 2973
4 3317 3316 2979 2973
4 3316 3013 3315 2974
4 3417 3353 3016 3015
4 3316 3315 2979 2973
4 3317 2973 2979 2922
4 3316 2974 3315 2973
4 3339 2924 3338 2922
4 3317 3013 3316 2974
4 3317 3014 3013 2974
4 3317 2975 3014 2974
4 3317 3312 2975 2974
4 3317 3312 3014 2975
4 3324 3313 3323 3312
4 3349 3348 3330 2922
4 3694 3019 2989 2985
4 3564 3016 3069 3015
4 3636 3245 3328 2922
4 3416 3029 3023 3022
4 3384 3382 3380 3329
4 3353 3073 3079 3061
4 3416 3066 3057 3050
4 3581 3572 878 854
4 3416 3057 3056 3049
4 3416 3049 3018 3017
4 3417 3064 3314 3015
4 3347 3085 3084 3031
4 3341 2924 3340 2922
4 3324 3073 3061 2924
4 3324 3073 3323 3061
4 3341 3340 3337 2922
4 3364 3360 3363 3323
4 3324 3075 3323 3073
4 3348 2924 3346 2922
4 3324 3077 3323 3076
4 3365 3075 3073 2924
4 3324 3076 3323 3075
4 3382 3379 3350 3349
4 3347 3078 3085 3031
4 3349 2924 3348 2922
4 3351 3077 3350 2924
4 3353 3080 3079 3073
4 3363 3352 3324 3323
4 3352 3324 3323 3312
4 3694 3019 3594 2989
4 3327 3309 3326 2922
4 3352 3315 3321 3307
4 3332 3309 3331 2922
4 3340 3339 3331 2922
4 3371 3338 2924 2922
4 3233 3217 3216 2850
4 3409 3304 2971 2970
4 3332 3307 3309 2922
4 3356 3315 3307 2922
4 3410 2495 3222 2463
4 3343 2924 3342 2922
4 3351 3347 3077 2924
4 3329 3309 3328 2922
4 3238 2852 3233 2851
4 3340 2924 3339 2922
4 3366 3115 3169 3058
4 3348 3325 3330 2922
4 3330 3325 3309 2922
4 3379 3309 3329 2922
4 3379 3350 3349 2922
4 3343 3077 3342 2924
4 3344 2924 3343 2922
4 3371 3356 3333 2922
4 3368 3313 3312 2924
4 3352 3311 3310 3307
4 3333 3309 3332 3307
4 3352 3321 3311 3307
4 3382 3379 3380 3329
4 3352 3310 3309 3307
4 3237 3210 3208 2829
4 3392 3377 3376 3332
4 3346 3326 3325 2922
4 3334 3309 3327 2922
4 3335 3309 3334 2922
4 3370 3075 3368 2924
4 3393 3387 3386 3336
4 3402 3388 3381 3325
4 3336 3309 3335 2922
4 3657 3357 3352 3309
4 3357 3316 3356 2922
4 3649 3028 3032 2924
4 3657 3328 3329 3309
4 3345 3344 3327 2922
4 3376 3338 3333 3332
4 3337 3331 3309 2922
4 3337 3309 3336 2922
4 3657 3357 3356 3352
4 3370 3076 3368 3075
4 3365 3313 3324 3312
4 3365 3314 3313 2924
4 3343 3341 3342 3077
4 3411 3161 3192 2893
4 3371 3333 3338 2922
4 3370 3368 3312 2924
4 3376 3333 3355 3332
4 3339 3076 3338 2924
4 3339 3077 3338 3076
4 3339 3332 3331 2922
4 3339 3338 3332 2922
4 3395 3387 3378 3331
4 3393 3341 3337 3336
4 3340 3338 3339 3077
4 3375 3356 3361 3333
4 3340 3076 3339 2924
4 3340 3077 3339 3076
4 3341 3338 3340 3077
4 3342 2924 3341 2922
4 3341 3076 3340 2924
4 3341 3077 3340 3076
4 3594 3026 3043 3021
4 3342 3077 3076 2924
4 3342 3076 3341 2924
4 3342 3077 3341 3076
4 3342 3336 3335 2922
4 3342 3341 3336 2922
4 3343 3335 3334 2922
4 3343 3342 3335 2922
4 3347 3083 3077 3031
4 3345 3077 3344 2924
4 3345 2924 3344 2922
4 3346 2924 3345 2922
4 3346 3345 3326 2922
4 3344 3334 3327 2922
4 3344 3343 3334 2922
4 3345 3343 3344 3077
4 3344 3077 3343 2924
4 3348 3346 3325 2922
4 3417 3314 3353 3015
4 3416 3030 3022 3018
4 3347 3031 3077 2924
4 3345 3341 3343 3077
4 3347 3074 3078 2924
4 3347 3078 3031 2924
4 3346 3077 3345 2924
4 3349 3077 3348 2924
4 3354 3352 3323 3312
4 3416 3049 3030 3018
4 3405 2924 3351 2922
4 3379 3330 3309 2922
4 3416 3067 3066 3059
4 3351 3347 3350 3077
4 3351 2924 3350 2922
4 3350 2924 3349 2922
4 3350 3345 3349 3077
4 3379 3329 3350 2922
4 3349 3345 3346 3077
4 3349 3346 3348 3077
4 3398 3345 3344 3327
4 3350 3341 3345 3077
4 3354 3314 3323 3061
4 3353 3083 3082 3076
4 3353 3076 3082 3075
4 3564 3018 3071 3017
4 3393 3340 3378 3337
4 3657 3356 3336 3327
4 3657 3329 3327 3325
4 3356 3309 3333 3307
4 3356 3307 3333 2922
4 3357 3352 3317 3312
4 3353 3077 3083 3076
4 3354 3323 3073 3061
4 3353 3347 3083 3077
4 3353 3323 3324 3077
4 3353 3350 3347 3077
4 3416 3353 3017 3016
4 3353 3324 3341 3077
4 3353 3341 3350 3077
4 3354 3073 3353 3061
4 3354 3314 3061 3060
4 3354 3061 3353 3060
4 3354 3323 3075 3073
4 3354 3075 3353 3073
4 3354 3314 3060 3015
4 3354 3060 3353 3015
4 3354 3353 3314 3015
4 3354 3323 3076 3075
4 3354 3076 3353 3075
4 3354 3323 3077 3076
4 3354 3077 3353 3076
4 3354 3323 3353 3077
4 3657 3329 3356 3327
4 3382 3350 3379 3329
4 3238 3233 3216 2850
4 3368 3075 3365 2924
4 3657 3352 3356 3329
4 3238 3210 3237 2846
4 3357 3317 3352 3316
4 3357 3316 3352 3315
4 3357 3356 3316 3315
4 3357 3315 3352 3307
4 3357 3356 3315 3307
4 3357 3352 3309 3307
4 3357 3309 3356 3307
4 3238 2850 3216 2849
4 3370 3357 3356 2922
4 3403 3402 3381 3330
4 2420 2344 2423 2367
4 3417 3358 3416 3353
4 3370 3368 3357 3312
4 3369 3362 3357 3352
4 3369 3367 3363 3352
4 3370 3317 3357 2922
4 3364 3363 3324 3323
4 3368 3365 3313 2924
4 3372 3370 3357 3356
4 3382 3328 3245 2922
4 3399 3398 3389 3326
4 3367 3364 3363 3324
4 3365 3324 3314 2924
4 3368 3352 3357 3312
4 3359 3354 3352 3323
4 3433 3359 3358 3353
4 3394 3386 3385 3335
4 3417 3353 3416 3016
4 3387 3337 3378 3331
4 3368 3365 3352 3312
4 3417 3318 3317 3312
4 3370 2924 3312 2922
4 3409 3303 3302 2970
4 3238 2851 3233 2850
4 3365 3073 3324 2924
4 3365 3075 3324 3073
4 3365 3076 3324 3075
4 3368 3076 3365 3075
4 3375 3371 3356 3333
4 3372 3368 3369 3357
4 3368 3313 3365 3312
4 3365 3077 3324 3076
4 3369 3365 3367 3352
4 3720 3599 3456 2599
4 3366 2951 2950 2924
4 3366 2950 2949 2924
4 3366 2949 3028 2924
4 3418 3366 2950 2949
4 3367 3363 3352 3324
4 3367 3352 3365 3324
4 3370 3338 3341 3077
4 3369 3368 3365 3352
4 3379 3349 3330 2922
4 3375 3338 3371 3333
4 3372 3370 3368 3357
4 3368 3077 3365 3076
4 3369 3357 3368 3352
4 3372 3369 3362 3357
4 3370 3312 3317 2922
4 3370 3357 3317 3312
4 3369 3363 3362 3352
4 3405 3400 3351 3347
4 3376 3338 3375 3333
4 3370 3341 3324 3077
4 3370 3324 3365 3077
4 3370 3365 3368 3077
4 3399 3389 3388 3325
4 3372 3362 3361 3356
4 3375 3372 3361 3356
4 3371 3076 3075 2924
4 3371 3075 3370 2924
4 3371 3076 3370 3075
4 3371 3338 3077 3076
4 3371 3077 3370 3076
4 3371 3338 3370 3077
4 3375 3371 3370 3356
4 3393 3378 3387 3337
4 3375 3370 3372 3356
4 3581 878 884 854
4 3858 3783 3477 3439
4 3578 3261 3260 3200
4 3582 2226 3430 2206
4 4163 4097 4104 3486
4 3501 3496 3592 256
4 3592 3496 307 256
4 3374 3170 3176 3169
4 3374 3192 3176 3170
4 3237 2846 3210 2829
4 3409 3304 2970 2922
4 3378 3337 3340 3331
4 3392 3377 3332 3331
4 3392 3376 3355 3332
4 3378 3340 3339 3331
4 3377 3339 3332 3331
4 3394 3342 3336 3335
4 3377 3339 3338 3332
4 3377 3338 3376 3332
4 3405 3347 3351 2924
4 3396 3335 3385 3334
4 3405 3400 3404 3350
4 3382 3379 3349 3330
4 3382 3380 3379 3330
4 3403 3381 3382 3330
4 3382 3381 3380 3330
4 3405 3351 3400 3350
4 3384 3382 3329 3328
4 3405 3366 3347 2924
4 3403 3349 3348 3330
4 3396 3385 3391 3334
4 3393 3341 3340 3337
4 3394 3336 3386 3335
4 3398 3397 3390 3327
4 3393 3337 3387 3336
4 3394 3393 3386 3336
4 3403 3348 3402 3330
4 3398 3390 3389 3326
4 3398 3327 3390 3326
4 3397 3391 3390 3327
4 3396 3394 3385 3335
4 3403 3382 3349 3330
4 3396 3343 3342 3335
4 3396 3343 3335 3334
4 3394 3342 3341 3336
4 3394 3341 3393 3336
4 3395 3378 3377 3331
4 3395 3377 3392 3331
4 3396 3342 3394 3335
4 3398 3345 3327 3326
4 3397 3396 3391 3334
4 3397 3344 3334 3327
4 3397 3334 3391 3327
4 3397 3344 3343 3334
4 3397 3343 3396 3334
4 3398 3344 3397 3327
4 3399 3346 3326 3325
4 3399 3326 3389 3325
4 3399 3346 3345 3326
4 3399 3345 3398 3326
4 3402 3399 3388 3325
4 3402 3330 3348 3325
4 3402 3381 3330 3325
4 3402 3348 3346 3325
4 3402 3346 3399 3325
4 3405 3403 3382 3349
4 3405 3404 3403 3349
4 3405 3382 3350 3349
4 3405 3350 3404 3349
4 3563 3366 3529 3001
4 2420 2395 2423 2344
4 3631 3286 3407 3233
4 3411 3139 3149 3131
4 3411 3161 3139 3131
4 3411 3131 3148 3130
4 3411 3161 3131 3130
4 3411 3148 3144 3130
4 3625 3161 3411 3130
4 3557 3117 3143 2757
4 3414 2948 3170 2757
4 3557 2948 3414 2757
4 3557 3520 3414 3170
4 3594 3025 3021 3019
4 3594 3416 3029 3027
4 3594 3027 3026 3024
4 3694 3433 3594 3033
4 3594 3042 3041 3020
4 3746 3034 3692 2981
4 3694 3033 3594 3019
4 3746 3692 3019 2982
4 3626 3564 3433 3416
4 3417 3416 3017 3016
4 3417 3317 3318 3316
4 3417 3352 3317 3316
4 3417 3318 3322 3316
4 3417 3316 3322 3315
4 3417 3352 3316 3315
4 3417 3322 3321 3315
4 3417 3321 3352 3315
4 3418 2949 3004 2945
4 3418 3028 2949 2945
4 3418 3004 3003 2945
4 3418 3003 3028 2945
4 3421 2465 2512 2464
4 3421 3410 2465 2464
4 3532 2512 2465 2461
4 3578 2469 3532 2462
4 3421 2465 3410 2461
4 3690 3578 3532 2522
4 3578 3410 3202 3200
4 3421 3410 2462 2461
4 3532 2462 2507 2461
4 3617 1997 2364 1995
4 3422 2362 2357 1994
4 3422 2363 2362 1994
4 3603 2303 2246 2245
4 3726 3603 3475 3425
4 3603 3425 2303 2245
4 3603 3425 2245 2244
4 3623 2247 2295 2242
4 3612 2166 2165 1986
4 3429 1992 2171 1991
4 3429 2173 1992 1991
4 3429 2173 2171 1992
4 3615 3431 1978 1977
4 3615 3431 2225 1978
4 3547 2225 3431 2157
4 3615 2225 3430 2163
4 3547 3427 2225 2157
4 3547 3427 3430 2225
4 3626 3433 3594 3416
4 3801 3038 3025 3019
4 3433 3416 3417 3358
4 3564 3417 3016 3015
4 3564 3416 3018 3017
4 3626 3023 3036 3022
4 3594 3026 3025 3024
4 3613 3534 3434 1592
4 3435 1223 1224 1177
4 3534 1573 1574 1228
4 3534 1229 3435 1225
4 3534 1572 1573 1225
4 3435 1224 1225 1177
4 3435 1225 1229 1177
4 3435 1229 3434 1177
4 3613 3434 1229 1177
4 3534 3434 3435 1229
4 3710 3534 3656 1592
4 3613 1537 3434 1177
4 3996 3967 3600 599
4 3684 3521 2503 2483
4 3539 3347 3366 2924
4 3450 1333 3436 1332
4 4018 4008 1333 1332
4 3540 3408 3328 3304
4 3683 3074 3347 2924
4 3586 3420 2478 2120
4 3540 3328 3308 3304
4 3657 3352 3329 3328
4 3538 1125 1520 1124
4 4012 3451 3448 1333
4 4161 4135 4101 3707
4 3537 2096 2467 2095
4 3953 3660 3725 3637
4 3484 603 3483 600
4 3946 1337 3724 1336
4 3821 3723 3674 3652
4 3946 1363 1364 1338
4 3456 2652 2653 2598
4 3458 2600 2568 2567
4 3720 2630 2631 2578
4 3720 2602 3599 2601
4 3720 3688 3670 1206
4 3458 2629 2577 2575
4 3720 1206 3670 1205
4 3568 2605 2571 2570
4 3720 3599 2602 2577
4 3720 2632 2716 2579
4 3629 3458 2574 1201
4 3593 2599 2601 2576
4 3688 3456 3599 3455
4 3720 2632 2579 2578
4 3720 3670 2663 1205
4 3568 2649 2641 2588
4 3457 2604 3456 2603
4 3568 3457 3459 2604
4 3593 3458 2577 2575
4 3457 2603 3456 2600
4 3685 2597 2688 2593
4 3593 2577 3458 2576
4 3458 2600 2598 2568
4 3457 2600 3456 2598
4 3629 1593 1592 1533
4 3458 2622 2621 2569
4 3720 2663 3670 2579
4 3458 2576 2622 2569
4 3593 2576 3458 2569
4 3593 2599 2576 2569
4 3458 2598 2599 2569
4 3458 2629 2622 2576
4 3568 2603 2600 2567
4 3848 1807 1806 1753
4 3685 2840 2841 2787
4 3596 3047 3046 2650
4 3687 1602 919 866
4 3578 3410 3532 2522
4 3568 2592 2645 2591
4 3790 3638 3700 3575
4 3824 3691 2778 2041
4 3568 3459 3458 2567
4 3568 2572 3458 2571
4 3568 2604 2603 2572
4 3685 2953 2873 2792
4 3459 2604 3457 2603
4 3568 2600 3459 2567
4 3459 2600 3458 2567
4 3568 2603 3459 2600
4 3459 2603 3457 2600
4 3459 2600 3457 2598
4 3459 3457 3458 2598
4 3459 3458 2600 2598
4 3461 2555 2607 1143
4 3716 3551 3519 3462
4 3551 1093 3519 369
4 3716 3461 3519 2554
4 3716 1882 1887 1829
4 3716 3462 3519 3461
4 3463 3461 3462 1833
4 3519 2555 3461 1143
4 3463 1834 3462 1829
4 3716 2555 2556 370
4 3716 1883 1882 1829
4 3519 1143 1152 1121
4 3551 369 3519 368
4 3716 1883 1830 1828
4 3716 2554 1830 1829
4 3716 1828 2555 370
4 3519 3461 3460 1143
4 3464 1063 1056 1055
4 3464 1062 1063 1055
4 3464 1054 1055 1036
4 3464 1062 1055 1054
4 3464 1061 1062 1054
4 3464 1053 1054 1036
4 3464 1061 1054 1053
4 3464 1060 1053 1036
4 3464 1060 1061 1053
4 3591 3465 1630 1043
4 3465 1607 1037 984
4 3591 892 984 875
4 3591 984 1037 875
4 3591 1601 929 865
4 3591 3465 1628 1607
4 3591 1607 3525 1601
4 3466 1230 1231 1183
4 3566 891 956 867
4 3705 1423 868 864
4 3466 1235 1230 1183
4 3466 1188 1183 917
4 3466 1235 1188 917
4 3466 1188 1235 1183
4 4077 630 629 600
4 3489 633 632 604
4 3636 3601 3533 3245
4 3541 3419 2527 2479
4 3636 3409 3328 3304
4 4214 553 580 552
4 3892 3489 609 607
4 3892 634 608 585
4 3489 632 628 604
4 3489 628 606 604
4 3489 606 3488 604
4 4077 601 630 600
4 4239 4220 4169 4160
4 3488 3487 605 601
4 4077 605 627 601
4 3488 3487 606 605
4 3489 3488 605 601
4 3996 3696 3953 599
4 4046 3952 3996 3437
4 3489 3488 606 605
4 4046 3996 3953 3911
4 4360 576 759 552
4 3576 3549 3477 3439
4 3533 3408 3245 3218
4 3491 174 752 173
4 3491 801 757 752
4 3491 826 160 159
4 3491 165 166 160
4 3491 837 166 165
4 3491 826 841 160
4 3491 841 165 160
4 3491 841 837 165
4 3492 701 702 647
4 3492 647 648 504
4 3492 702 648 647
4 3492 700 640 504
4 3492 700 701 640
4 3492 640 647 504
4 3492 701 647 640
4 3716 3519 2555 2554
4 3551 370 2556 369
4 3716 3463 3551 3462
4 3716 3495 3463 1829
4 3551 3519 2556 2555
4 3592 1810 3501 256
4 3592 304 3552 256
4 3502 1837 3498 1835
4 3592 835 3552 315
4 3552 296 3499 255
4 3552 304 302 255
4 3552 1815 1813 1810
4 3498 1835 1811 1809
4 3498 1811 3497 1809
4 3498 1835 3497 1811
4 3552 1815 347 255
4 3592 835 3585 834
4 3592 1815 1810 256
4 3552 3499 3502 255
4 3502 1888 1835 1814
4 3502 1890 1898 1837
4 3502 1891 1804 1751
4 3592 347 1815 256
4 3552 3502 3498 1814
4 3502 1890 1837 1835
4 3590 1486 1428 1400
4 3601 3245 2969 2965
4 3586 2477 2476 2118
4 3848 1753 1806 1752
4 3501 1869 1868 1811
4 3501 1811 1868 1809
4 3592 348 347 256
4 3839 2025 1850 1849
4 3590 1428 1486 1017
4 3586 2478 2477 2119
4 3501 1868 1863 1809
4 3501 1864 1810 1809
4 3592 3552 3498 1814
4 3592 3552 348 256
4 3501 1863 1864 1809
4 3501 1810 1864 256
4 3592 3501 1810 1809
4 3592 1810 1814 1809
4 3592 3552 835 834
4 3502 1867 1814 1813
4 3502 1867 1888 1814
4 3428 2187 2216 2181
4 3552 3502 1814 1813
4 3502 1866 1867 1813
4 3502 1865 1812 255
4 3502 1866 1813 1812
4 3502 1865 1866 1812
4 3503 2141 1739 1738
4 3503 2147 2141 2128
4 3503 3500 2147 2128
4 3503 1739 1791 1738
4 3503 2141 1740 1739
4 3503 1792 1791 1739
4 3503 1740 1792 1739
4 3503 2141 1741 1740
4 3503 2141 1793 1741
4 3503 1793 1792 1740
4 3503 1741 1793 1740
4 3619 290 283 282
4 3781 3732 3619 834
4 3569 283 3555 282
4 3555 274 280 272
4 3505 233 143 142
4 3505 233 3504 143
4 3505 271 272 233
4 3555 279 280 274
4 3505 272 280 233
4 3505 280 3504 233
4 3555 3504 3505 280
4 3619 288 290 282
4 3555 272 3505 271
4 3569 3504 3555 280
4 3714 299 293 281
4 3506 158 3472 157
4 3506 795 796 158
4 3595 3535 1287 1286
4 3538 1520 1521 1133
4 3506 796 384 158
4 3506 384 3472 158
4 3766 1129 3622 1117
4 3793 3763 3635 3570
4 3506 385 3472 384
4 3522 391 385 384
4 4033 3920 4019 3573
4 3760 3481 3665 3480
4 4086 3986 3968 3695
4 4284 1343 3771 1341
4 3851 3698 3671 3658
4 3908 3849 3883 3728
4 3840 3745 3793 3472
4 3515 80 81 63
4 3515 81 670 63
4 3515 670 81 80
4 3548 98 104 92
4 3516 749 748 46
4 3548 3516 748 747
4 3548 104 98 97
4 3548 103 97 96
4 3548 3516 97 52
4 3548 749 3485 748
4 3892 609 3489 604
4 3952 3925 3605 3437
4 4261 4253 4216 1490
4 4048 4037 3999 3709
4 3546 3530 3470 3441
4 4220 4212 4114 4112
4 4173 4165 4124 4067
4 3576 3549 3544 3477
4 3899 3788 3874 3721
4 3696 1330 1331 598
4 3961 3484 3487 600
4 3960 3837 3862 3827
4 3546 3544 3511 3510
4 4202 591 3769 589
4 3549 3511 3544 3477
4 3851 3483 1334 600
4 3836 3819 3509 3508
4 3552 347 348 255
4 3552 348 256 255
4 3592 1814 3498 1809
4 3687 872 869 866
4 3692 2982 2981 2931
4 3685 2841 2845 2788
4 3687 919 872 866
4 3972 2582 3461 2581
4 3597 3537 2773 2096
4 3691 2835 2842 2782
4 3824 2096 2038 2037
4 3767 3430 2226 2225
4 4028 1914 1913 1860
4 3972 2780 2583 2582
4 4094 3614 3463 3462
4 4028 3972 1827 1826
4 3599 3593 2577 2575
4 3599 2601 2602 2577
4 3599 2601 3593 2599
4 3599 2601 2577 2576
4 3599 2577 3593 2576
4 3599 3593 2601 2576
4 3599 3456 2599 2598
4 3599 2599 3593 2598
4 3599 3593 3456 2598
4 3949 3668 3827 3560
4 3726 3603 3425 2303
4 3623 2294 2293 2241
4 3603 2256 2242 2241
4 3623 3603 2309 2256
4 3623 3603 2256 2242
4 3604 3424 2330 2329
4 3604 3424 2336 2330
4 3604 2326 2322 2305
4 3808 2311 2310 2257
4 3726 3475 3604 3425
4 3808 2310 2309 2256
4 3604 3425 2305 2304
4 3808 2309 3603 2256
4 4042 3789 3902 3773
4 3651 3542 3624 1333
4 3846 1370 1342 1341
4 3996 3542 3952 603
4 3952 3605 3542 3437
4 4196 3517 3867 3443
4 3606 882 3473 879
4 3606 889 897 882
4 3606 897 888 882
4 3606 888 3473 882
4 3606 897 3473 888
4 3420 2480 2473 2124
4 2480 2456 2127 2121
4 3685 2651 3608 2650
4 3777 2694 2693 2650
4 3685 2882 2689 2688
4 3685 2687 2594 2593
4 3866 3638 3843 3575
4 3685 2931 2887 2886
4 3700 3457 3568 2605
4 3777 3685 2689 2688
4 3685 2931 3608 2651
4 3685 3608 3596 2650
4 3685 2882 2886 2689
4 3685 2924 2931 2651
4 3609 2367 2180 1945
4 3715 2367 2260 1945
4 3737 3169 3170 3116
4 3737 3610 3413 3169
4 3611 646 699 454
4 3611 3492 646 454
4 3611 698 699 645
4 3611 3492 698 645
4 3611 699 646 645
4 3611 646 3492 645
4 3612 3429 1990 1986
4 3612 3429 2166 1990
4 3612 3598 2344 2164
4 3656 3613 1593 1592
4 3758 1593 1534 1533
4 3613 1182 1541 1176
4 3613 3534 1182 1176
4 3656 3613 3534 1181
4 3613 1182 3534 1181
4 3615 3431 3547 2225
4 3615 3547 3430 2225
4 3615 2162 2161 1977
4 3615 2161 3431 1977
4 4077 3488 3489 601
4 4219 3878 4111 3753
4 3925 3860 3760 3583
4 3617 2393 3571 2365
4 3617 2364 2363 1995
4 3617 2363 3422 1995
4 3718 3423 2392 2357
4 3732 3619 3714 298
4 3781 305 3619 298
4 3619 305 306 298
4 3781 306 3619 305
4 3925 3583 3760 3438
4 4083 3616 3961 597
4 4075 4014 4060 3800
4 3793 3570 3538 3522
4 3930 3779 3890 3666
4 4039 4020 4009 3927
4 3734 2256 3641 2253
4 3623 2256 2253 2247
4 3525 3465 1700 1642
4 3525 3465 1638 1637
4 1700 3465 1643 1642
4 3525 3465 1640 1639
4 3525 3465 1641 1640
4 3626 3564 3023 3022
4 3626 3036 3065 3022
4 3626 3065 3564 3022
4 3801 3594 3626 3433
4 3801 3025 3594 3019
4 3626 3594 3025 3024
4 3801 3626 3594 3025
4 3647 2392 2384 2353
4 3785 1340 3770 1339
4 3826 3488 3487 606
4 3908 3510 3831 3509
4 4207 3884 4073 3757
4 3910 3856 3628 1335
4 3647 2391 2436 2384
4 3760 3665 3583 3480
4 3990 3889 3973 3885
4 3628 3449 1335 1334
4 3628 1335 3624 1334
4 3628 3624 3449 1334
4 3670 2573 2663 1205
4 3720 3599 2577 2575
4 3670 2579 2663 2573
4 2260 2175 2174 1923
4 3632 3485 3548 754
4 3632 105 99 92
4 3632 3548 105 92
4 3633 101 115 94
4 3633 115 106 94
4 3633 106 3527 94
4 3633 115 3527 106
4 4010 613 614 586
4 4010 614 587 586
4 4226 3768 4185 3742
4 3651 3605 3483 3482
4 3647 2392 3523 2354
4 4271 4137 3772 3701
4 3730 3544 3549 3511
4 3950 3480 3665 3479
4 4001 3868 3891 3818
4 4240 3804 3887 3776
4 3856 3658 3851 601
4 3835 3802 3799 606
4 3683 3081 3347 3074
4 4184 3980 4065 3916
4 3928 3822 3870 3798
4 3955 3551 3519 1126
4 3647 2392 2391 2384
4 4115 4076 3969 3896
4 3671 3483 3658 3482
4 4108 3964 3923 3913
4 3846 1372 1345 1342
4 3851 3484 3483 601
4 3926 609 3486 607
4 3925 3605 3760 3482
4 4057 4045 4030 3855
4 4220 3725 4114 3637
4 4147 4111 3832 3648
4 4100 3685 3740 3608
4 4119 3791 3932 3759
4 3945 3748 3876 3738
4 3829 3702 3640 3441
4 3641 2254 1945 1939
4 3641 2254 2248 1945
4 3734 2308 2307 2253
4 3734 2309 3475 2308
4 3734 3641 2309 2308
4 4080 4024 3896 3486
4 3892 589 616 588
4 3799 3484 3658 601
4 3723 3674 3652 3481
4 3835 606 3799 605
4 3827 3560 3668 3507
4 4054 3986 3995 3717
4 4184 3993 3983 3980
4 3819 3787 3786 3471
4 3836 3530 3471 3470
4 3920 3508 3915 3507
4 4099 3602 3820 3580
4 3902 3862 3831 3789
4 3647 2411 2385 2384
4 3647 2421 2424 2345
4 3647 2424 2425 2345
4 3647 2425 2424 2421
4 3647 2385 2386 2345
4 3647 2386 2411 2345
4 3647 2411 2386 2385
4 3945 3709 3689 3680
4 4033 3762 3820 3560
4 4020 4009 3927 3919
4 3696 3637 1330 598
4 3407 3240 3233 2855
4 4215 4193 4116 3747
4 4291 4267 4105 3739
4 4168 1352 1368 1351
4 4207 4068 4158 3976
4 3851 3484 3658 3483
4 3651 1333 1334 600
4 3651 1334 3483 600
4 3651 3483 3542 603
4 3651 3542 1333 603
4 3651 603 1333 600
4 3651 3483 603 600
4 3665 3652 3553 3480
4 3892 3489 3488 604
4 3730 3546 3511 3510
4 3671 3605 3651 3482
4 4193 3862 3789 3747
4 3760 3605 3671 3482
4 3946 1364 1339 1338
4 3946 1369 1340 1339
4 3820 3602 3653 3580
4 3946 1369 1370 1340
4 3796 1126 1120 396
4 3654 394 389 388
4 3654 389 3522 388
4 3654 393 394 388
4 3654 3522 393 388
4 3796 397 1126 396
4 3766 1122 1128 1117
4 3655 862 863 855
4 3655 863 856 855
4 3655 856 3606 855
4 3655 863 3606 856
4 3656 3534 3613 1592
4 3656 1540 1541 1181
4 3656 1541 1182 1181
4 3656 1182 3613 1181
4 3656 1541 3613 1182
4 3657 3325 3326 3309
4 3657 3326 3327 3309
4 3657 3327 3326 3325
4 3657 3329 3379 3309
4 3657 3379 3329 3325
4 3657 3335 3336 3309
4 3657 3336 3335 3327
4 3657 3336 3356 3331
4 3657 3330 3325 3309
4 3657 3379 3330 3309
4 3657 3330 3379 3325
4 3657 3327 3334 3309
4 3657 3334 3335 3309
4 3657 3335 3334 3327
4 3657 3336 3337 3309
4 3657 3337 3331 3309
4 3657 3337 3336 3331
4 3657 3331 3332 3309
4 3657 3356 3332 3331
4 3657 3332 3333 3309
4 3657 3333 3356 3309
4 3657 3356 3333 3332
4 3851 1335 601 600
4 3464 1702 1484 1276
4 3411 3192 3165 3160
4 3696 598 3600 556
4 3696 3637 598 556
4 4087 3929 3899 3721
4 4102 4006 4002 3909
4 4173 4144 4165 4067
4 4087 3703 3988 3635
4 4114 1287 556 555
4 4265 3472 904 184
4 3998 3890 3898 3751
4 4134 3918 4002 3909
4 4122 3938 3943 3677
4 4048 3940 3999 3880
4 3932 3881 3900 3759
4 4265 3506 4066 3472
4 4037 3900 3932 3852
4 3919 3857 3779 3778
4 3670 3599 3638 3575
4 3670 2573 1205 1116
4 3670 1205 3629 1116
4 3670 3629 2573 1116
4 3670 3629 3638 3593
4 3670 3638 3599 3593
4 3670 3629 1593 1592
4 3670 1593 3638 1592
4 3670 3638 3629 1592
4 3974 3949 3837 3827
4 3771 1355 1382 1354
4 3948 3501 3497 1836
4 4028 2033 1860 1859
4 3839 1848 1901 1843
4 3848 1755 3662 1749
4 3839 3775 3704 3621
4 3775 3750 3661 3475
4 3888 1840 3502 1839
4 3888 3848 3869 3750
4 3839 2022 2023 1852
4 3948 3497 3502 1836
4 3839 1905 1904 1851
4 3848 3839 1751 1750
4 4084 3935 4028 3905
4 3848 1754 1807 1753
4 3848 1804 1803 1750
4 3848 3839 1750 1749
4 4156 3791 3778 3748
4 4087 4015 4058 3988
4 3930 3779 3901 3755
4 4039 4009 4007 3927
4 3958 3675 3620 3439
4 4146 3997 3928 3870
4 3874 3743 3788 3618
4 3993 3754 3983 3646
4 3862 3827 3837 3507
4 3831 3749 3509 3508
4 3831 3749 3561 3509
4 3924 3807 3838 3774
4 3787 3471 3530 3470
4 4161 4122 3814 3677
4 4012 1333 4008 1332
4 4027 3973 3990 3815
4 4132 3817 3761 3712
4 4227 4184 4065 3916
4 3856 1335 3799 601
4 3713 3697 3693 3648
4 4169 4149 4093 3697
4 2481 2480 2127 2121
4 2482 2455 2123 2093
4 2481 2458 2457 2121
4 3679 2472 2515 2471
4 3690 3197 3201 3196
4 3690 3578 3197 3196
4 3679 2514 2513 2470
4 3679 2513 3532 2470
4 4312 767 1491 766
4 3999 3689 3709 3680
4 2482 2460 2455 2093
4 2480 2457 2456 2121
4 3308 3011 3010 2978
4 3309 3011 2979 2973
4 3309 3012 3011 2973
4 3238 3216 3215 2849
4 2345 2261 2262 2258
4 2354 2272 2345 2262
4 2354 2273 2272 2262
4 3720 2630 2602 2601
4 3720 2717 2718 2664
4 3720 2655 2630 2601
4 3999 3709 3738 3680
4 3932 3881 3759 3702
4 3756 2515 3679 2472
4 3690 3196 3195 2471
4 3690 3532 3578 2471
4 3690 3679 3532 2471
4 3690 3195 2472 2471
4 3690 2472 3679 2471
4 3847 3691 2790 2789
4 3691 2843 2790 2789
4 3691 2842 2843 2789
4 3935 3803 3905 3614
4 3847 3691 2785 2784
4 4028 3935 3972 3847
4 3691 2843 2844 2790
4 3847 2791 2844 2786
4 4028 2034 2035 1861
4 3691 2844 2791 2790
4 3972 3847 2781 2780
4 3972 2784 2785 2581
4 4028 3824 2038 2037
4 3972 2791 2589 2586
4 3972 2643 2642 2589
4 3847 3691 2791 2790
4 3847 3691 2844 2791
4 3972 2580 3461 2566
4 3972 2581 3461 2580
4 3692 2926 3596 2651
4 3692 3596 3608 2651
4 3746 3035 3034 2981
4 3746 3692 3034 3033
4 3746 2982 3035 2981
4 3692 2928 2931 2924
4 3692 2931 2981 2924
4 3692 2981 2928 2924
4 3858 3518 3783 3444
4 3953 599 1331 597
4 3854 3829 3576 3440
4 4037 3962 3959 3900
4 3793 3506 3522 3472
4 3984 3929 3703 3635
4 3694 3041 3040 2989
4 3694 3020 3041 2989
4 3694 3594 3020 2989
4 3694 3594 3041 3020
4 3805 3247 3246 3194
4 3892 3769 608 607
4 4054 3650 3995 3646
4 3769 621 623 594
4 3799 605 3484 601
4 3895 3834 3577 3565
4 4043 4030 4032 4021
4 4198 4126 4116 3813
4 3769 595 622 591
4 3946 1370 1341 1340
4 4077 624 603 600
4 3925 3438 3605 3437
4 3786 3471 3618 3468
4 3795 3477 3783 3439
4 3860 3481 3583 3480
4 4159 3745 3838 3673
4 3878 3697 3832 3648
4 4135 3807 3838 3800
4 3898 3778 3791 3666
4 3878 3713 3697 3693
4 3919 3791 3876 3778
4 4258 4210 4047 3644
4 4101 3853 3830 3812
4 3867 3443 3860 3442
4 3783 3479 3518 3478
4 3908 3883 3831 3510
4 4151 3789 4042 3773
4 3826 3488 606 604
4 4069 3881 3938 3759
4 4284 3850 3846 1340
4 3892 3826 3769 607
4 4097 4034 3973 3486
4 3749 3645 3508 3507
4 4210 4128 4047 3644
4 3771 1379 1352 1351
4 3777 2750 2749 2691
4 3777 2692 2750 2691
4 4207 3757 4073 3739
4 4054 3995 3986 3682
4 4278 3865 3850 1338
4 3862 3831 3509 3508
4 4119 3791 3759 3666
4 4044 1332 4012 1331
4 4023 3842 3751 3677
4 3892 615 635 585
4 4041 4009 4020 3919
4 3788 3731 3786 3468
4 3875 3573 3731 3468
4 3861 3618 3787 3470
4 3955 3733 3744 1126
4 4028 2032 2033 1859
4 3839 1843 1842 1750
4 3948 3839 3872 3501
4 3848 3662 1752 1748
4 3972 2635 3461 2582
4 3824 3803 3752 3691
4 3839 2024 2025 1849
4 3839 1933 3621 1929
4 3839 1842 1751 1750
4 3750 3621 3662 3562
4 3775 3621 3750 3562
4 3972 2585 2638 2584
4 3839 3621 2024 1929
4 3839 1842 3501 1841
4 3775 3704 3621 3562
4 3775 3562 3750 3475
4 3705 922 868 867
4 3705 868 3566 867
4 3705 952 922 867
4 3705 3566 952 867
4 3771 1382 1355 1353
4 3821 3665 3652 3553
4 4142 4078 4092 4031
4 4059 3904 3973 3882
4 3805 3246 3199 3193
4 4168 3771 1351 1349
4 3718 3423 3571 2393
4 3928 3903 3823 3798
4 4250 3835 3887 3776
4 4076 3969 3896 3486
4 3958 3795 3944 3439
4 4069 3943 3938 3863
4 3971 3930 3901 3755
4 3920 3731 3573 3468
4 4087 4029 3941 3721
4 4119 4091 3898 3666
4 3710 1181 1256 1180
4 3710 3656 1181 1180
4 3710 1256 1261 1180
4 3758 1539 1180 1179
4 3809 1586 1532 1256
4 3710 1180 1261 1179
4 3710 3656 1180 1179
4 3711 121 124 120
4 3711 124 122 120
4 3711 122 3524 120
4 3711 124 3524 122
4 4092 4078 3997 3937
4 4085 3916 4065 3844
4 3954 3931 3914 3816
4 4080 3969 4056 3486
4 3992 3880 3675 3517
4 4048 3709 3999 3689
4 3795 3440 3576 3439
4 4329 4321 1497 1496
4 3840 3506 3745 3472
4 4094 3462 3461 3460
4 3847 3824 2039 2038
4 3829 3620 3441 3440
4 3714 306 282 281
4 3714 306 3619 282
4 3714 298 306 293
4 3714 3619 306 298
4 3714 281 278 277
4 3714 278 3555 277
4 3714 281 3555 278
4 3485 3516 689 688
4 3485 3516 738 687
4 3485 737 3516 687
4 3548 3485 3516 689
4 3485 3516 737 682
4 3716 410 369 368
4 3716 409 368 367
4 3716 409 410 368
4 3716 408 367 363
4 3716 367 417 363
4 3716 408 409 367
4 3716 407 408 363
4 3716 417 407 363
4 3719 3581 3572 3467
4 3719 854 861 851
4 3719 3581 854 851
4 3719 3581 861 854
4 3720 2718 2713 2664
4 3720 2660 2723 1205
4 3720 2655 2601 2599
4 3720 3456 2653 2599
4 3720 2665 2660 1205
4 3720 2713 2718 2665
4 3720 2722 2723 2660
4 3720 2653 2655 2599
4 3720 2665 2722 2660
4 3720 2718 2722 2665
4 3938 3759 3881 3702
4 3953 3696 1331 599
4 3972 2785 3847 2780
4 3723 3671 3674 3482
4 4105 3947 4000 3845
4 4111 3878 3832 3648
4 3760 3671 3723 3481
4 3760 3723 3665 3481
4 3974 3837 3960 3827
4 4284 1341 3785 1340
4 4126 3699 3813 3676
4 4221 4082 4182 3733
4 3946 3451 1336 1335
4 3724 1336 3628 1335
4 3724 3628 3448 1335
4 4093 3660 3697 3648
4 4015 3981 3988 3673
4 3890 3830 3842 3755
4 4066 3840 4014 3800
4 3793 3745 3580 3522
4 3919 3779 3791 3778
4 3829 3620 3702 3441
4 3726 3603 2303 2257
4 3808 3603 2257 2256
4 3808 3603 3726 2257
4 3726 2322 2313 2304
4 3726 2305 2322 2304
4 3726 3604 2305 2304
4 3726 3604 2322 2305
4 4127 4049 3934 3855
4 3892 3769 591 589
4 3769 622 618 591
4 4010 590 610 587
4 4098 3975 4070 3893
4 4258 3644 3907 3634
4 4079 4064 4035 4004
4 3826 606 3802 604
4 4156 3791 4119 3778
4 4146 3870 3982 3822
4 3946 1370 3846 1341
4 3910 1336 3856 1335
4 3998 3842 3830 3755
4 4029 3943 3941 3897
4 3984 3763 3875 3635
4 4023 3830 3842 3812
4 3732 303 302 298
4 3781 3732 302 298
4 3781 3619 835 834
4 3732 299 301 293
4 3732 3714 299 293
4 3917 3799 1336 605
4 3862 3749 3831 3508
4 4209 3873 3768 3735
4 4035 3983 3884 3754
4 4198 4116 4193 3747
4 3734 2253 2307 2247
4 3734 3623 2253 2247
4 3734 3623 2256 2253
4 3734 3623 2309 2256
4 3734 2307 2295 2247
4 3734 2295 3623 2247
4 4137 3817 3712 3701
4 4267 4068 3757 3739
4 4202 4010 3769 595
4 4028 3824 2034 2033
4 4190 3835 4115 3776
4 4157 4013 3931 3822
4 3903 3870 3822 3798
4 3841 609 3806 604
4 4110 3785 1343 1341
4 4024 3815 3877 3486
4 3769 596 623 595
4 3799 3487 3484 605
4 3928 3903 3870 3784
4 4226 3894 3799 3658
4 4158 4061 4130 3976
4 4284 3771 3785 1341
4 3973 3882 3904 3815
4 4226 3742 4185 3658
4 4188 4057 4153 4030
4 3905 3824 3810 3803
4 4135 3774 3707 3673
4 3919 3857 3778 3748
4 3996 1332 3436 597
4 3932 3900 3881 3852
4 3996 3600 3696 599
4 3960 3902 3862 3831
4 4174 3797 3828 3733
4 4126 3844 4085 3676
4 3835 3776 3770 1337
4 3826 3802 3806 604
4 3908 3511 3728 3510
4 3929 3899 3875 3731
4 4088 3999 3940 3689
4 4015 3707 3981 3673
4 3746 3019 3694 2982
4 3746 3033 3694 3019
4 3746 3039 3035 2982
4 3746 2985 3039 2982
4 3746 3694 2985 2982
4 3746 3694 3039 2985
4 4183 4055 4106 3727
4 3862 3831 3789 3509
4 4181 4155 4125 4102
4 4144 4139 4125 3971
4 3876 3738 3748 3708
4 4009 3945 3985 3927
4 3965 3693 3713 3680
4 4036 1338 3850 1337
4 4062 3995 3650 3646
4 3749 3561 3509 3508
4 3836 3749 3645 3508
4 4126 3813 3844 3676
4 3902 3831 3883 3773
4 3848 1755 1808 1754
4 4134 3918 3909 3853
4 3945 3738 3876 3709
4 4281 4194 4172 554
4 4002 3918 3842 3830
4 4253 769 1495 768
4 3945 3927 3876 3748
4 3824 3803 3691 3597
4 3810 2255 3597 2096
4 4028 1860 1913 1859
4 3847 3752 3833 3691
4 3824 2279 2082 2034
4 3892 3769 589 588
4 4164 4063 4148 4017
4 4007 3985 3945 3927
4 3805 3199 2468 2467
4 3805 2467 3756 2466
4 3805 3199 3252 2468
4 3805 3690 3195 2472
4 4010 592 610 590
4 4195 4078 4092 3794
4 4258 4047 3907 3644
4 3758 1539 3656 1180
4 3809 3710 1261 1179
4 3809 1532 1261 1256
4 3758 1202 1179 1175
4 3758 1534 1202 1175
4 3758 1202 1534 1179
4 4099 4019 4033 3560
4 3950 3765 3858 3479
4 3946 1336 3724 1335
4 4049 3864 3934 3855
4 3826 3806 3769 607
4 4284 1346 3771 1345
4 4059 3882 3973 3818
4 4157 3822 3772 3682
4 3966 3956 3871 3859
4 3820 3762 3602 3560
4 3984 3793 3763 3635
4 3932 3759 3829 3702
4 4119 3932 3791 3708
4 4091 3938 3998 3751
4 4048 4037 3992 3962
4 3967 3961 603 600
4 4099 4033 3573 3528
4 4037 3932 3854 3852
4 4077 629 624 600
4 4077 606 628 605
4 4161 4029 4122 3941
4 4036 1340 3846 1339
4 4010 610 596 595
4 3926 3486 3886 607
4 4268 4157 4180 3772
4 3841 3802 606 604
4 3915 3836 3645 3507
4 3765 3665 3553 3480
4 3766 1126 1127 1120
4 3766 1120 1121 396
4 3766 1127 1121 1120
4 3766 1122 1117 390
4 3766 1117 3622 390
4 3846 1349 3771 1346
4 3910 3865 3856 1336
4 4202 4010 595 591
4 4080 3896 3969 3486
4 4267 4132 3761 3712
4 3898 3779 3778 3666
4 4240 3835 3799 605
4 4087 3984 3703 3635
4 3917 3856 1336 1335
4 3908 3849 3728 3511
4 4158 3976 4130 3754
4 4126 4025 3699 3676
4 3956 3903 3823 3784
4 3895 3782 3765 3553
4 4004 3942 3933 3652
4 3908 3728 3883 3510
4 3907 3653 3602 3580
4 3949 3653 3668 3602
4 3826 3806 609 604
4 4125 4102 4074 4002
4 3876 3748 3791 3708
4 3876 3709 3738 3708
4 4272 4145 4265 184
4 3839 3621 2023 2022
4 4028 3824 2030 2029
4 4028 2784 2581 1856
4 4028 3495 1914 1861
4 3839 2022 1852 1851
4 3839 1838 1841 1825
4 3848 1750 1803 1749
4 3775 3662 3750 3621
4 3982 3822 3928 3798
4 4076 3879 3922 3486
4 3954 3914 3906 3891
4 4189 4183 3727 3634
4 4027 3815 4024 3486
4 3843 3777 3700 2606
4 4100 3608 3638 3575
4 3912 3568 3843 3543
4 3863 3861 3702 3640
4 3791 3778 3779 3666
4 4246 4114 4166 555
4 4029 3897 3941 3721
4 4029 3899 3743 3721
4 4134 3909 4006 3853
4 4122 4029 3943 3941
4 4075 4066 4014 3800
4 4289 4259 4253 4203
4 4095 3985 4051 3965
4 4203 4173 4165 4124
4 3781 315 304 302
4 3781 835 315 303
4 3781 834 835 303
4 3781 3732 834 303
4 3781 303 315 302
4 3781 3732 303 302
4 3782 3577 3565 3478
4 3858 3782 3549 3478
4 4284 3846 1345 1343
4 4128 3766 3580 1127
4 3782 3549 3478 3477
4 3933 3821 3652 3643
4 3782 3553 3577 3478
4 3933 3821 3643 3553
4 3782 3479 3553 3478
4 3782 3765 3479 3478
4 3782 3765 3553 3479
4 4099 3820 4033 3528
4 3861 3530 3829 3470
4 4147 3911 4046 3660
4 4048 3962 3992 3880
4 3861 3787 3530 3470
4 3829 3441 3576 3440
4 3867 3444 3783 3443
4 3788 3786 3618 3468
4 3819 3471 3786 3468
4 3819 3530 3787 3471
4 3874 3787 3861 3618
4 3861 3829 3702 3640
4 3875 3763 3731 3528
4 3875 3731 3788 3468
4 4087 3984 3929 3703
4 3892 609 3826 607
4 3843 3568 3700 3543
4 3843 3777 3790 3700
4 3912 3866 3843 3777
4 3790 3700 2606 2605
4 3790 3700 3777 2606
4 3790 2606 3456 2605
4 3790 3777 3456 2606
4 4134 3924 3853 3807
4 4090 3971 4067 3930
4 3843 3638 3790 3575
4 4018 1331 3953 1330
4 3854 3620 3440 3439
4 3829 3530 3526 3441
4 3829 3526 3576 3441
4 3795 3783 3444 3439
4 3874 3861 3640 3618
4 3796 3766 3622 390
4 3796 3654 3622 3580
4 3796 3622 3766 3580
4 4271 4054 4268 3682
4 4209 3768 3887 3742
4 4003 3966 3871 3811
4 3955 1127 3733 1126
4 4003 3966 3975 3871
4 4010 614 617 587
4 4129 4038 4040 3486
4 4150 3879 4138 3486
4 3978 3769 3806 607
4 4211 4205 4120 4030
4 4086 3968 3717 3676
4 4180 3914 4137 3906
4 4092 3989 3937 3859
4 3937 3859 3871 3784
4 4059 3906 3904 3891
4 3799 1336 605 601
4 4267 3757 4207 3739
4 3826 3487 3802 606
4 3799 1335 1336 601
4 4289 1495 4253 769
4 4295 1493 4245 178
4 4219 4147 4111 3878
4 3927 3857 3919 3748
4 4112 3696 3725 3660
4 4119 4091 3932 3900
4 4135 3774 4101 3669
4 3898 3751 3890 3666
4 4002 3971 3909 3830
4 4023 3842 3998 3751
4 4246 4220 4212 4114
4 4159 3840 3838 3745
4 3801 3038 3037 3024
4 3801 3037 3626 3024
4 3801 3594 3433 3033
4 3947 3674 3845 3652
4 3802 606 3487 605
4 3802 3487 3799 605
4 3802 3799 606 605
4 4028 2030 2032 1859
4 3847 2038 2783 2037
4 3972 2781 2782 2584
4 3824 2082 2096 2035
4 3805 3679 3756 2522
4 3978 3769 608 585
4 4050 3877 3815 3486
4 4311 1282 1284 1280
4 3876 3778 3791 3748
4 4149 4051 4109 3970
4 4134 3924 3918 3853
4 3808 3726 2303 2257
4 3808 3726 2311 2303
4 3808 3475 3603 2309
4 3809 1592 3758 1533
4 3809 3710 3656 1592
4 3809 3656 3758 1592
4 4199 4031 4142 4016
4 4136 3921 3980 3728
4 4005 3928 3870 3784
4 3989 3939 3864 3811
4 3915 3645 3762 3507
4 4250 3887 3804 3776
4 4005 3956 3859 3784
4 4250 4076 3896 3873
4 3928 3823 3903 3784
4 3886 3486 608 607
4 4268 3695 4223 3682
4 4265 3506 3472 184
4 4206 4155 4175 4074
4 4297 4144 180 179
4 3965 3738 3945 3680
4 4066 4014 3840 3838
4 3894 3856 3799 3658
4 4224 591 4010 589
4 3982 3870 3928 3822
4 4138 3879 3877 3486
4 4127 4082 3955 3733
4 4010 596 610 594
4 4049 3989 3864 3825
4 4040 3957 4001 3868
4 4027 3990 4024 3815
4 4032 3864 4003 3825
4 4010 594 610 593
4 4182 4103 3736 3729
4 4143 4103 4078 3706
4 3920 3786 3731 3468
4 3920 3819 3915 3508
4 3915 3819 3836 3508
4 3836 3509 3561 3508
4 3836 3561 3530 3470
4 4033 4019 3915 3560
4 4099 3580 3820 3570
4 4036 3724 3946 1337
4 3865 3850 1338 1337
4 3846 1373 1346 1345
4 3917 3856 3865 1336
4 3947 3698 3845 3674
4 4028 1859 1912 1858
4 3824 2031 2029 2028
4 4028 2029 2030 1858
4 3824 2081 2031 2028
4 4084 1827 3495 1826
4 3839 1932 1933 1750
4 3824 2081 2028 2027
4 3824 3621 2080 2027
4 3824 2080 2081 2027
4 3989 3864 3825 3811
4 4177 4080 4056 3486
4 4032 4003 4021 3811
4 3989 3871 3859 3811
4 4188 4045 3955 3733
4 4079 4073 4035 3884
4 4046 3911 3832 3437
4 3958 3854 3795 3439
4 3854 3440 3795 3439
4 3854 3576 3795 3440
4 4156 4119 4037 3959
4 3938 3881 3863 3702
4 3860 3518 3583 3442
4 3938 3863 3874 3861
4 4135 3853 3812 3807
4 4171 4109 4149 4051
4 4311 1310 1282 1280
4 4203 4167 4124 4041
4 4090 4067 4041 3930
4 3908 3546 3730 3510
4 3908 3730 3511 3510
4 3908 3561 3510 3509
4 3831 3510 3773 3509
4 4069 3938 3881 3863
4 4236 4046 4147 3911
4 3958 3517 3675 3439
4 4156 3932 4119 3708
4 4028 1857 3495 1856
4 3834 3730 3549 3511
4 3834 3565 3511 3477
4 3834 3511 3549 3477
4 3834 3549 3782 3477
4 3834 3478 3565 3477
4 3834 3782 3478 3477
4 3834 3782 3565 3478
4 3841 3802 3835 606
4 4000 3698 3894 3658
4 4226 3835 3887 3799
4 3894 3698 3851 3658
4 3841 3835 3776 3770
4 4079 3983 3993 3884
4 4202 3978 608 585
4 4033 4019 3920 3915
4 3950 3518 3583 3479
4 3950 3858 3518 3478
4 3950 3479 3858 3478
4 4143 4025 3951 3706
4 3837 3645 3749 3507
4 3837 3668 3645 3507
4 3837 3827 3668 3507
4 3837 3749 3508 3507
4 3862 3837 3749 3508
4 3918 3812 3853 3807
4 4288 4262 4206 4125
4 4134 4102 4006 4002
4 4245 4203 4165 178
4 3948 3497 3501 3496
4 3948 1839 3839 1825
4 3948 3775 3888 3661
4 3999 3940 3689 3680
4 3988 3793 3840 3745
4 3965 3689 3693 3680
4 3841 1338 3770 604
4 4284 3846 3771 1346
4 3841 606 1337 604
4 3841 3835 1337 606
4 3841 1337 1338 604
4 3841 3770 1338 1337
4 3841 3835 3770 1337
4 3971 3890 3930 3755
4 4041 4020 3930 3919
4 3918 3909 3853 3830
4 3843 2686 3777 2606
4 4022 3046 3792 2650
4 3866 3843 3790 3575
4 4022 3638 3912 3575
4 3912 3638 3866 3575
4 4022 3912 3866 3575
4 4241 3916 4227 3844
4 4064 4004 3942 3933
4 4000 3845 3947 3698
4 3892 3488 3826 604
4 3850 3846 1340 1339
4 4000 3894 3698 3671
4 3851 3658 3671 3483
4 4221 4106 4174 3936
4 4185 3742 3845 3698
4 3910 3850 3865 1337
4 3846 1376 1378 1349
4 3846 1378 1351 1349
4 3846 1351 3771 1349
4 3846 1378 3771 1351
4 4094 3463 3495 3462
4 3972 1857 2580 1826
4 3847 2844 2839 2786
4 4028 2029 1858 1854
4 3972 2580 2566 1826
4 3972 2791 2786 2589
4 3847 2839 2840 2786
4 3972 2590 2643 2589
4 4094 2566 3461 2565
4 3847 2840 2787 2786
4 3972 2791 3847 2786
4 4084 4028 1827 1826
4 3847 2840 3685 2787
4 4028 2036 2037 1856
4 3848 3662 1921 1917
4 3848 1983 1982 1917
4 3848 1982 1920 1917
4 3848 1920 3662 1917
4 3848 1982 3662 1920
4 3908 3561 3546 3510
4 3849 3730 3834 3511
4 3849 3565 3728 3511
4 3849 3834 3565 3511
4 3883 3728 3773 3510
4 3908 3730 3849 3511
4 4158 4068 4137 3976
4 3947 3674 3723 3671
4 3917 3865 1337 1336
4 4240 4226 3887 3804
4 4226 3887 3768 3742
4 3883 3773 3831 3510
4 3993 3884 3983 3754
4 3856 3799 3658 601
4 4284 3770 4278 1339
4 4047 3979 3949 3907
4 4073 4004 3947 3942
4 4024 3990 3994 3877
4 3910 3628 1336 1335
4 4221 3828 3797 3733
4 3856 3651 3624 1335
4 3971 3830 3890 3755
4 4360 4281 4307 553
4 4020 3919 3927 3857
4 3925 3442 3860 3438
4 4029 3899 3874 3743
4 3940 3713 3878 3693
4 4010 3769 596 594
4 4128 3653 3580 3570
4 4099 3573 4019 3528
4 3946 3451 1362 1337
4 4079 4064 3993 3983
4 3856 3651 1335 1334
4 3856 1335 3851 1334
4 3856 3851 3651 1334
4 4007 3738 3965 3680
4 4039 4007 4009 3985
4 4007 3927 3945 3738
4 4041 3930 4020 3901
4 3946 1362 1363 1337
4 4205 4030 4153 4021
4 4059 3954 3906 3891
4 4283 4237 4225 4186
4 4136 3916 3773 3728
4 4291 3764 4267 3739
4 3956 3871 3859 3784
4 4326 4170 4301 3486
4 4005 3859 3937 3784
4 3958 3620 3854 3439
4 3932 3829 3854 3702
4 4196 3880 3992 3753
4 3861 3640 3470 3441
4 3861 3470 3829 3441
4 3861 3829 3640 3441
4 3874 3640 3743 3618
4 3984 3763 3793 3580
4 3967 3483 3484 603
4 4047 3979 3907 3653
4 4161 3981 4015 3707
4 3898 3779 3890 3755
4 3963 3868 3957 3816
4 3989 3871 3937 3859
4 4142 4078 3736 3706
4 3956 3823 3893 3784
4 4202 3978 609 607
4 3956 3893 3871 3784
4 4164 4148 4052 4017
4 4059 3904 3906 3889
4 4252 4162 4234 3486
4 4024 3896 3994 3873
4 4024 3994 3896 3486
4 4086 3986 4054 3717
4 4004 3947 3942 3652
4 4100 3685 3608 3596
4 4100 3777 3685 2650
4 4100 3912 3568 2593
4 3912 3843 3866 3638
4 4022 3792 3777 2650
4 3867 3518 3783 3479
4 3867 3860 3518 3479
4 4236 4046 3911 3832
4 3925 3860 3583 3438
4 3958 3852 3854 3620
4 4315 1578 4200 850
4 3956 3870 3903 3784
4 3986 3717 3968 3676
4 4057 3955 4045 3855
4 3939 3825 3864 3811
4 3948 3501 3872 3496
4 3948 3585 3888 3498
4 4032 3934 3864 3825
4 4005 3928 3997 3870
4 4221 3797 4106 3741
4 4182 3736 3936 3729
4 4190 3486 3926 609
4 4303 4275 4247 4192
4 4003 3825 3939 3811
4 4258 3907 3949 3634
4 4180 3954 3817 3701
4 3888 3775 3848 3750
4 3948 3661 3585 3498
4 3888 3839 3848 3775
4 3948 3872 3839 3775
4 3888 3869 3502 3499
4 4180 4157 3931 3822
4 4034 3818 3882 3486
4 4250 3873 3804 3768
4 3874 3863 3743 3640
4 4077 3489 628 606
4 4046 3438 3952 3437
4 4087 3899 4029 3721
4 3967 3484 3961 600
4 3899 3875 3788 3703
4 3899 3786 3875 3731
4 3929 3875 3703 3635
4 4134 4102 4074 4006
4 4312 4285 4255 4222
4 3919 3791 3779 3666
4 4014 3838 3924 3800
4 4250 3969 4115 3776
4 3989 3859 3939 3811
4 4182 3936 3828 3729
4 4190 3969 4115 3486
4 3911 3725 3660 3648
4 4018 3953 3637 1330
4 4023 3751 3998 3677
4 3953 3911 3725 3660
4 4156 4037 3999 3959
4 3996 3967 599 597
4 3952 3542 3605 3483
4 3894 3851 3856 3658
4 4126 4085 3986 3676
4 4190 609 3841 604
4 4010 620 3769 593
4 4202 4010 589 588
4 3996 599 3953 597
4 4046 3996 3911 3436
4 3958 3675 3852 3620
4 4018 1333 3450 1332
4 3940 3713 3689 3680
4 4119 3898 3791 3666
4 4156 4119 3791 3708
4 4119 3791 3898 3778
4 4119 3759 4091 3666
4 4091 3759 3751 3666
4 4048 3999 3962 3880
4 3953 3696 3637 1330
4 3992 3958 3944 3517
4 4359 4331 4306 1578
4 4010 593 610 592
4 4202 608 3886 585
4 4103 3736 4078 3706
4 4190 3841 3770 604
4 4224 589 4010 588
4 4140 3926 3922 3486
4 4010 3769 594 593
4 4040 4026 4038 3868
4 3908 3831 3561 3509
4 3892 591 618 589
4 3892 618 616 589
4 4079 4035 4064 3983
4 4199 4127 4082 4016
4 4058 3793 3988 3745
4 4142 4092 3989 3937
4 4115 4076 3922 3486
4 3990 3973 3904 3815
4 4209 3768 4187 3735
4 4044 1331 1330 1313
4 4208 4177 4056 3486
4 4132 3817 3889 3761
4 4127 3780 4082 3733
4 4190 3841 3776 3770
4 4224 610 4010 595
4 3939 3859 3871 3811
4 4027 3973 3815 3486
4 4107 4026 4038 3486
4 4141 4034 4097 3486
4 4188 3733 3955 1578
4 4355 4347 4333 3486
4 4086 3968 3986 3717
4 4187 4132 3761 3735
4 4010 596 3769 595
4 4180 3772 3931 3701
4 3978 588 3769 585
4 3888 3502 3848 1838
4 3948 3839 1841 1825
4 3948 3839 3501 1841
4 3948 1839 1825 1822
4 3948 3498 3502 3497
4 3948 3502 3888 1840
4 4197 4103 4143 3736
4 4024 3994 3990 3885
4 4127 3934 3955 3855
4 4076 3994 3879 3486
4 4059 4001 3891 3818
4 4202 4190 3886 607
4 4250 3887 4209 3768
4 3956 3903 3893 3823
4 4134 4074 4102 4002
4 4124 4041 4039 4020
4 4169 4093 4112 3697
4 4066 3745 3840 3506
4 4020 3930 3919 3901
4 4142 4049 4031 3989
4 4199 4103 4182 3729
4 4190 3926 3886 607
4 3949 3837 3827 3668
4 3975 3966 3893 3871
4 3966 3939 3871 3811
4 4201 4104 4113 3486
4 3973 3882 3815 3486
4 4278 1338 3770 1337
4 4130 3995 4062 3646
4 4151 4136 3916 3773
4 3917 1336 3799 1335
4 3902 3789 3831 3773
4 4221 3828 4174 3797
4 4221 4055 4197 3741
4 4207 4035 4073 3884
4 4197 3741 4055 3727
4 4258 4215 4183 3627
4 3952 3438 3925 3437
4 3996 3953 3911 3436
4 3899 3874 3788 3786
4 3899 3788 3875 3786
4 3958 3944 3517 3439
4 4046 3911 3953 3696
4 3998 3890 3842 3755
4 4346 4329 4274 1498
4 4139 4067 4090 4011
4 4169 4149 4109 4093
4 4095 4007 3985 3965
4 4136 3883 3849 3728
4 4116 4055 3727 3699
4 3972 2782 2585 2584
4 4094 3972 3987 3461
4 4028 2581 2580 1856
4 4113 4104 4024 3486
4 4059 3973 3990 3889
4 4034 4026 3818 3486
4 4034 3868 4001 3818
4 4265 4145 4066 184
4 4139 4011 4102 3971
4 4134 4060 4053 3924
4 4261 4253 4259 4216
4 4149 4109 4093 3970
4 3912 2686 3568 2594
4 3912 3843 3568 2686
4 4100 3638 4022 3575
4 3947 3821 3723 3674
4 4240 4226 3917 3799
4 4240 3887 3835 3776
4 3917 3799 3856 1335
4 3917 3894 3856 3799
4 4174 4128 3744 3733
4 4221 4174 4106 3797
4 4189 3727 3741 3634
4 4127 3955 4082 3855
4 4151 3916 3844 3773
4 4277 4171 4261 4051
4 3919 3778 3876 3748
4 3930 3857 3901 3779
4 3930 3919 3779 3666
4 3945 3738 3709 3680
4 4329 4246 4274 4212
4 3971 3909 3830 3755
4 4262 4181 4206 4125
4 4019 3915 3560 3507
4 4105 4073 3947 3942
4 4184 4062 4065 3980
4 3933 3643 3577 3553
4 3980 3921 3577 3565
4 3921 3728 3849 3565
4 3921 3849 3834 3565
4 3921 3834 3895 3565
4 3921 3895 3577 3565
4 4073 3757 3884 3739
4 4010 620 593 592
4 4010 587 610 586
4 4071 4050 3882 3486
4 4179 4154 4096 3486
4 4276 4228 4200 4120
4 4003 3939 3966 3811
4 4108 4017 4098 3923
4 4081 3991 3957 3913
4 3924 3812 3807 3774
4 3924 3812 3918 3807
4 4145 4075 4066 4014
4 4011 4002 3971 3909
4 3930 3890 3779 3755
4 3930 3919 3901 3857
4 3924 3918 3853 3807
4 3929 3875 3899 3703
4 4202 588 3978 585
4 4095 4051 3970 3965
4 4095 3970 3713 3680
4 4229 4203 4167 4124
4 4005 3870 3956 3784
4 4082 3797 3955 3733
4 4219 3878 3753 3442
4 4058 3793 3984 3635
4 3929 3899 3721 3703
4 4161 4101 3677 3669
4 3996 603 3967 597
4 3992 3753 3880 3517
4 4272 184 904 183
4 4002 3909 3918 3830
4 4090 4011 3971 3901
4 4093 3697 3970 3648
4 4020 3901 3919 3857
4 4261 4216 4255 1490
4 4171 4149 4095 4051
4 4167 4152 4039 4009
4 4259 4229 4253 4203
4 4124 4090 4067 4041
4 4352 763 4346 553
4 4268 4086 3695 3682
4 3934 3855 3864 3825
4 4001 3914 3891 3868
4 4168 1381 1377 1350
4 4091 4069 3998 3938
4 4046 3911 3696 3660
4 3952 3483 3605 3482
4 3952 3542 3483 603
4 3933 3577 3895 3553
4 3933 3643 3895 3577
4 3933 3765 3821 3553
4 3933 3895 3765 3553
4 4195 4143 4078 3706
4 4021 4003 3975 3811
4 4127 3955 3934 3733
4 4221 4182 4197 3936
4 3963 3931 3816 3798
4 3963 3931 3954 3816
4 4001 3957 3963 3868
4 4028 3495 1857 1826
4 3972 2789 2790 2585
4 3972 3847 2790 2789
4 3972 2565 1827 1826
4 3972 3847 2791 2790
4 4028 2580 1857 1856
4 4258 4183 4189 3634
4 4174 3744 3797 3733
4 4004 3933 3821 3652
4 4207 3976 4158 3757
4 3947 3845 3942 3652
4 3998 3898 3890 3755
4 3938 3829 3759 3702
4 3938 3861 3829 3702
4 4159 4015 3988 3673
4 4159 4135 3838 3800
4 4122 3943 3814 3677
4 4032 3855 3934 3825
4 4119 4037 3959 3932
4 3967 3616 599 597
4 4018 3587 4008 1330
4 4196 3753 3443 3442
4 4029 3743 3897 3721
4 4044 1357 1358 1332
4 3953 1331 3696 1330
4 3953 3696 3660 3637
4 4091 4069 3938 3759
4 4101 3812 4023 3669
4 3980 3728 3921 3565
4 4037 3854 3958 3852
4 3943 3874 3863 3743
4 3943 3874 3938 3863
4 3943 3863 3897 3743
4 4069 3897 3943 3863
4 3967 3616 3600 599
4 3992 3880 3962 3675
4 3992 3962 3958 3675
4 3944 3444 3517 3439
4 3944 3795 3444 3439
4 3944 3795 3783 3444
4 3944 3783 3867 3444
4 3944 3517 3444 3443
4 3944 3444 3867 3443
4 3944 3867 3517 3443
4 4152 4007 4039 3985
4 3946 3448 3451 1335
4 3946 3724 3448 1335
4 4042 3902 3883 3773
4 4036 3910 3724 1336
4 4198 4193 4042 3789
4 4185 3742 3698 3658
4 3948 1840 1822 1821
4 3948 1840 1839 1822
4 3948 1840 3888 1839
4 3948 3839 1839 1838
4 3948 1839 3888 1838
4 3948 3848 3839 1838
4 3948 3888 3848 1838
4 3948 3848 3888 3839
4 4036 3724 1337 1336
4 4207 4035 3884 3754
4 4189 3741 3644 3634
4 4128 1127 3580 1126
4 3979 3949 3907 3668
4 4291 4209 4187 3742
4 3979 3974 3949 3837
4 4106 4055 3741 3727
4 4083 3961 3488 601
4 4077 3489 606 605
4 3991 3963 3957 3913
4 4059 3914 3954 3891
4 4059 3973 4034 3818
4 4098 3923 4017 3893
4 4291 4105 4185 3764
4 4118 3964 4108 3913
4 3966 3956 3893 3871
4 4202 4010 588 585
4 3978 608 3769 607
4 3978 3806 609 607
4 3978 3806 3841 609
4 4059 3990 3973 3904
4 3963 3957 3913 3816
4 4003 3871 3975 3811
4 4097 3973 4027 3486
4 4190 3978 3841 609
4 4001 3914 3868 3816
4 4249 4201 4113 3486
4 4001 3868 3963 3816
4 4118 4081 3964 3913
4 4040 3963 4001 3957
4 4115 3969 4076 3486
4 4040 3868 4034 3818
4 4150 4140 3879 3486
4 4140 3922 3879 3486
4 4242 4204 4123 3486
4 4236 3832 3438 3437
4 4088 3940 4048 3880
4 4077 603 624 597
4 3996 3953 3436 1332
4 4088 3878 3940 3753
4 3996 3436 3542 603
4 4077 626 3545 597
4 4077 627 630 601
4 4219 3753 4196 3442
4 4077 628 627 605
4 4159 3988 3840 3745
4 4018 1332 3953 1331
4 4018 4008 1332 1331
4 3960 3862 3902 3789
4 3960 3831 3862 3749
4 3960 3862 3837 3749
4 4129 4081 4040 4038
4 4168 1354 1381 1350
4 4032 4030 3855 3825
4 4283 4242 4237 4186
4 4153 4032 4043 4030
4 3970 3965 3713 3680
4 4009 3985 4007 3927
4 4214 580 579 552
4 4191 4038 4129 3486
4 4040 4034 4026 3818
4 4040 4038 4026 3486
4 4072 3903 3991 3823
4 4083 4077 3545 597
4 4087 4015 3988 3703
4 4219 3860 3925 3442
4 4236 3438 4046 3437
4 4236 3832 4219 3438
4 4087 3988 4058 3635
4 4029 3943 3897 3743
4 3996 3952 3542 3436
4 4083 603 4077 597
4 4130 4054 3995 3646
4 4284 1340 3785 1339
4 4136 3980 3916 3728
4 4215 3949 3827 3627
4 4131 3993 3980 3921
4 4024 3990 3877 3815
4 4098 4017 3975 3893
4 4092 3794 4078 3706
4 4049 3864 3855 3825
4 4049 3989 3825 3811
4 4049 3825 4016 3811
4 4059 3891 3882 3818
4 4152 4039 4009 3985
4 4114 3637 3696 556
4 4364 571 575 551
4 4095 3965 3970 3680
4 4261 4171 4152 4051
4 4296 183 906 182
4 3972 2786 2787 2590
4 3972 3847 2787 2786
4 3972 2644 2643 2590
4 3972 2787 3685 2590
4 3972 3847 3685 2787
4 3972 2591 2644 2590
4 3972 3685 2591 2590
4 3972 3685 2644 2591
4 4034 3973 3882 3818
4 4001 3954 3914 3816
4 4001 3963 3954 3816
4 4073 3884 3942 3739
4 4079 4035 3983 3884
4 3979 3837 3949 3668
4 4193 3827 3862 3747
4 4193 3862 3960 3789
4 3974 3960 3862 3827
4 4211 4057 4188 4030
4 4205 4153 4121 4021
4 4031 3937 3989 3811
4 4146 3794 4005 3695
4 4005 3997 3928 3784
4 4059 3990 3904 3889
4 4158 4062 3754 3646
4 4258 4189 4210 3644
4 4215 3827 3747 3627
4 3979 3949 3974 3827
4 4215 3979 3974 3827
4 4126 3968 4025 3676
4 4227 4151 4136 3916
4 4079 4035 4073 4004
4 4087 3941 4015 3703
4 4087 4058 3984 3635
4 4157 3695 3822 3682
4 4076 3896 3994 3486
4 4013 3982 3931 3822
4 3982 3816 3931 3798
4 3982 3931 3822 3798
4 4291 4187 3768 3735
4 4185 3698 4000 3658
4 4130 3976 4061 3646
4 4227 4065 4085 3916
4 4055 4025 3727 3699
4 4240 3835 4226 3799
4 4086 3986 3695 3682
4 4058 3988 3793 3635
4 4029 3874 3943 3743
4 4058 3988 3981 3673
4 3996 3953 1332 597
4 4042 3960 3902 3789
4 4158 4130 4062 3646
4 4198 4193 3789 3747
4 4215 3747 4183 3627
4 4267 4207 4068 3712
4 4199 4182 3780 3729
4 4084 3972 4028 3935
4 4161 4015 4135 3707
4 4087 3721 3941 3703
4 3998 3842 3890 3751
4 4091 3998 3898 3666
4 3998 3751 3898 3666
4 4101 3774 3812 3669
4 4091 3751 3998 3666
4 4161 3814 3707 3669
4 4199 4142 4049 4016
4 4209 4187 3885 3873
4 4180 3906 4137 3817
4 4224 610 595 591
4 4003 3864 3939 3825
4 3991 3823 3903 3798
4 3991 3913 3823 3798
4 3991 3903 3822 3798
4 3991 3816 3913 3798
4 3991 3963 3816 3798
4 3991 3963 3913 3816
4 4191 4096 4038 3486
4 3991 3822 3931 3798
4 3991 3931 3963 3798
4 4079 3942 4073 3884
4 4079 4004 4073 3942
4 3993 3895 3643 3577
4 3993 3921 3895 3577
4 3993 3980 3921 3577
4 4103 4031 4078 3736
4 4190 4115 3922 3486
4 4207 4158 4068 3701
4 4158 3983 4035 3754
4 4158 4137 4068 3701
4 4130 3772 4061 3701
4 4291 4132 4187 3735
4 4105 3845 3764 3739
4 3996 3952 3483 603
4 3996 3483 3967 603
4 4196 3992 3944 3517
4 4083 3488 4077 601
4 4083 4077 603 600
4 4111 3940 3878 3693
4 4291 4187 3764 3742
4 4054 3717 3995 3650
4 4013 3914 3931 3816
4 4013 3931 3982 3816
4 4195 4117 4143 3706
4 4199 4142 4031 3736
4 4142 4078 4031 3736
4 4092 4031 4078 3937
4 4091 3759 3938 3751
4 4156 3738 3709 3708
4 4037 3959 3932 3900
4 4008 3587 3595 1330
4 4161 4015 4029 3941
4 4008 3448 3449 1333
4 4023 3998 3842 3830
4 4044 1359 3451 1334
4 4012 1331 4008 1330
4 4000 3698 3674 3671
4 4000 3674 3947 3671
4 4000 3698 3947 3674
4 4267 4068 4207 3757
4 4227 4136 3980 3916
4 4291 4132 4267 3764
4 4158 4061 4137 3701
4 4185 3764 4105 3742
4 4064 3933 3942 3643
4 4226 3894 3917 3799
4 4081 3991 3963 3957
4 4040 4026 4034 3486
4 4034 3882 3973 3486
4 4168 3771 1349 1346
4 4168 1346 1368 1345
4 4002 3842 3890 3830
4 4002 3890 3971 3830
4 4134 4060 4074 4053
4 4014 3924 3807 3800
4 4266 1498 1306 1288
4 4204 4179 4123 3486
4 4032 4021 3825 3811
4 4105 3942 3947 3845
4 4193 3974 3862 3827
4 4184 4131 3980 3921
4 4136 3849 3921 3728
4 4151 3883 4136 3773
4 4267 4073 4105 3739
4 4158 4130 4061 3701
4 4267 4207 4073 3739
4 4049 4016 3989 3811
4 4007 3985 3965 3945
4 4011 3909 3971 3755
4 4041 4039 4020 4009
4 4011 3971 3901 3755
4 4134 4002 4006 3909
4 4044 1356 1331 1313
4 4122 3998 3938 3677
4 4018 3450 3436 1332
4 4259 4167 4203 4041
4 4352 4346 554 553
4 4295 911 1493 178
4 4272 4218 4265 4145
4 4173 4139 4144 4067
4 4175 4074 4155 4053
4 4360 553 4307 552
4 4203 4124 4165 4067
4 4167 4124 4041 4039
4 4190 609 3926 607
4 4190 3969 3486 1339
4 4285 4277 4255 1491
4 4152 4051 4095 3985
4 4321 4274 1497 1496
4 4060 4014 4053 3924
4 4060 4014 3924 3807
4 4277 4261 4255 1490
4 4145 4053 4075 4014
4 4134 4074 4060 4006
4 4012 3595 3535 1330
4 4012 4008 3595 1330
4 4190 3841 3835 3776
4 4130 3754 3976 3646
4 4197 4025 4143 3699
4 4221 4182 3828 3733
4 4223 4146 4157 3695
4 4114 3725 4112 3637
4 4112 3725 3696 3637
4 4135 3812 4101 3774
4 4161 3677 3814 3669
4 4161 3707 4101 3669
4 4135 3838 3807 3774
4 4159 3838 3840 3800
4 4044 1330 3574 1313
4 4044 3535 3574 1330
4 4137 3712 4068 3701
4 4180 4013 3954 3931
4 4031 3989 4016 3811
4 4130 4054 4061 3682
4 4209 3885 3994 3873
4 4142 4092 4078 3706
4 4168 1368 4110 1345
4 4168 1345 4110 1343
4 4340 3486 4337 812
4 4153 4057 4045 4030
4 4323 4279 4280 3486
4 4176 3926 4140 3486
4 4070 4021 4043 3975
4 4018 3449 3450 1333
4 4018 4008 3449 1333
4 4260 4178 4243 4052
4 4100 3568 3912 3543
4 4100 3568 3685 2593
4 4100 4022 3912 3777
4 4100 3740 3685 3568
4 4100 3685 2594 2593
4 4100 3777 3912 2687
4 4091 3900 3881 3759
4 4161 3814 3981 3707
4 4156 3999 4037 3709
4 4122 4069 3943 3938
4 4156 4037 4119 3932
4 4059 4001 3914 3891
4 4059 4034 4001 3818
4 4059 4001 3954 3914
4 4027 3990 3973 3885
4 4040 4038 3957 3868
4 4188 4045 4057 3955
4 4032 3825 4003 3811
4 4059 3891 3904 3882
4 4027 4024 3990 3885
4 4104 4097 4027 3486
4 4183 3727 3634 3627
4 4065 3844 3916 3650
4 4117 4025 3968 3676
4 4210 3741 3797 3644
4 4032 4021 4030 3825
4 4168 3771 1352 1351
4 4028 3824 2029 2028
4 4028 1911 1907 1854
4 4028 2028 1854 1853
4 4028 1854 1907 1853
4 4028 2027 2028 1853
4 4028 3824 2028 2027
4 4028 1907 1906 1853
4 4028 3839 2027 1853
4 4028 1906 3839 1853
4 4028 3621 3824 2027
4 4028 3839 3621 2027
4 4236 3911 4147 3832
4 4219 4111 4196 3753
4 4088 3940 3693 3689
4 4236 4147 4219 3832
4 4123 4063 4118 3964
4 4319 4308 4292 3486
4 4071 3882 4026 3486
4 4123 4118 4096 3964
4 4107 4071 4026 3486
4 4168 3771 1381 1354
4 4117 3699 4025 3676
4 4068 3904 3906 3891
4 4250 4115 3835 3776
4 4142 4031 4049 4016
4 4104 4027 4024 3486
4 4043 4021 4003 3975
4 4043 4021 4032 4003
4 4113 4024 4080 3486
4 4213 4141 4163 3486
4 4040 4026 3868 3818
4 4108 3964 4063 3923
4 4040 4001 4034 3868
4 4081 3963 4040 3957
4 4191 4129 4096 4081
4 4319 4292 4304 3486
4 4128 3653 3907 3580
4 4207 4068 3976 3757
4 4085 4065 3995 3717
4 4105 3764 3845 3742
4 4210 3797 3744 3644
4 4062 3916 3980 3646
4 4079 4064 4004 3942
4 4046 3953 3996 3696
4 4046 3437 3996 3436
4 4046 3911 3437 3436
4 4058 3988 4015 3981
4 4087 4015 4029 3981
4 4048 3962 3999 3959
4 4048 3999 4037 3959
4 4138 3877 4050 3486
4 4162 4050 4071 3486
4 4277 4222 4255 4171
4 4129 4096 4081 4038
4 4164 4070 4098 3975
4 4162 4071 4107 3486
4 4224 610 589 588
4 4233 4181 4144 4139
4 4321 4239 4312 4160
4 4220 4160 4212 4112
4 4259 4229 4203 4167
4 4321 4239 4274 1496
4 4173 4090 4139 4067
4 4210 3797 4174 3744
4 4065 3995 3717 3650
4 4174 4106 3797 3741
4 4065 4062 3995 3650
4 4168 3771 1353 1352
4 4168 1374 1368 1347
4 4045 4032 4030 3855
4 4089 3770 3785 1340
4 4072 3956 3903 3893
4 4072 3913 3923 3823
4 4072 3991 3913 3823
4 4083 3961 603 597
4 4083 3531 3616 597
4 4065 3650 3916 3646
4 4085 3995 3986 3717
4 4151 3844 3813 3773
4 4284 3846 1346 1345
4 4079 4064 3942 3643
4 4198 4151 3813 3789
4 4048 4037 3962 3959
4 4147 3832 3911 3648
4 4196 4111 4088 3753
4 4077 624 626 597
4 4087 3929 3721 3703
4 4088 3940 3880 3753
4 4196 4088 3880 3753
4 4196 4088 4048 3880
4 4092 3997 4005 3937
4 4127 4082 4016 3855
4 4199 4182 4082 3780
4 4127 4016 4049 3825
4 4289 4229 4245 4203
4 4134 4006 4060 3807
4 4114 1287 3637 556
4 4276 4200 4256 4120
4 4224 636 610 588
4 4312 4285 4277 4255
4 4220 4169 4160 4112
4 4155 4074 4060 4053
4 4090 3930 4041 3901
4 4090 4041 4020 3901
4 4181 4125 4139 4102
4 4171 4095 4152 4051
4 4144 4067 4139 3971
4 4288 4125 4074 181
4 4245 4229 4173 4165
4 4199 4103 4031 4016
4 4190 1339 609 604
4 4132 4068 3817 3712
4 4065 3980 4062 3916
4 4291 4185 3768 3742
4 4116 3747 3699 3627
4 4116 4025 4055 3699
4 4085 3844 3717 3676
4 4251 3486 1367 1366
4 4191 4081 4096 3964
4 4081 3957 3964 3913
4 4168 1368 1348 1347
4 4164 4098 4108 4017
4 4081 4040 4038 3957
4 4118 4063 4108 3964
4 4276 4211 4244 4120
4 4249 4113 4177 3486
4 4087 4029 4015 3941
4 4127 3855 4016 3825
4 4155 4074 4102 4006
4 4090 3971 3930 3901
4 4090 4011 4067 3971
4 4124 4090 4041 4020
4 4312 1491 1492 766
4 4180 3817 4137 3701
4 4180 4157 4013 3931
4 4223 4117 3794 3695
4 4137 4061 3772 3701
4 4076 3994 3896 3873
4 4187 3885 3873 3735
4 4195 3794 4117 3706
4 4132 3906 3904 3889
4 4062 3980 3993 3646
4 4062 3993 3983 3646
4 4062 3983 3993 3980
4 4158 4137 4061 3976
4 4062 3983 3754 3646
4 4291 3764 4185 3742
4 4085 3717 3844 3650
4 4105 3942 3845 3739
4 4158 3754 4130 3646
4 4184 4131 3993 3980
4 4126 4025 4116 3699
4 4131 4079 3993 3643
4 4065 4062 3650 3646
4 4131 3993 3895 3643
4 4130 4061 3772 3682
4 4085 4065 3717 3650
4 4105 4073 3942 3739
4 4185 3845 4000 3698
4 4222 4149 4171 4109
4 4277 4255 1491 1490
4 4134 4060 3924 3807
4 4134 3853 4006 3807
4 4149 3970 4093 3713
4 4239 4212 4220 4160
4 4261 769 4253 768
4 4086 4054 3986 3682
4 4117 3968 4086 3676
4 4119 3932 3959 3900
4 4168 3771 1346 1345
4 4251 3486 4110 1343
4 4070 3975 3966 3893
4 4070 3975 4003 3966
4 4070 4043 4003 3975
4 4110 1368 1367 1343
4 4121 4030 4043 4021
4 4256 3955 4200 1578
4 4345 4319 4338 3486
4 4205 4133 4120 4021
4 4122 3943 4069 3897
4 4072 3893 3903 3823
4 4072 3923 3893 3823
4 4291 4105 3764 3739
4 4126 3986 3968 3676
4 4085 3717 3986 3676
4 4085 3844 4065 3650
4 4259 4152 4009 3985
4 4329 4321 4274 1497
4 4175 4155 4060 4053
4 4289 4245 1493 178
4 4169 4160 4112 4093
4 4297 4262 4288 4125
4 4272 4145 183 182
4 4167 4039 4041 4009
4 4262 4144 4181 4125
4 4321 4285 1496 1492
4 4149 4095 4051 3970
4 4296 913 914 181
4 4229 4173 4203 4124
4 4261 4253 1490 768
4 4289 4253 4229 4203
4 4155 4060 4074 4006
4 4202 595 3769 591
4 4190 3770 3969 1339
4 4180 4157 3822 3772
4 4132 4068 3906 3817
4 4083 3961 601 600
4 4087 4058 4015 3981
4 4083 601 4077 600
4 4083 3545 3531 597
4 4083 603 3961 600
4 4197 3936 4182 3736
4 4146 4005 3997 3870
4 4209 4187 3990 3885
4 4143 3951 3736 3706
4 4199 4182 4103 4016
4 4202 4010 591 589
4 4251 4110 1367 1343
4 4154 4038 4096 3486
4 4201 4163 4104 3486
4 4177 4113 4080 3486
4 4283 4282 4243 4186
4 4271 4268 4180 3772
4 4190 3770 1338 604
4 4202 3769 3978 588
4 4158 4062 3983 3754
4 4182 4082 3780 3733
4 4146 3870 3822 3695
4 4132 3906 4068 3904
4 4094 3972 3461 2566
4 4094 4084 3495 3463
4 4094 3462 3495 3461
4 4094 2565 3461 2564
4 4184 3993 4131 3983
4 4130 3995 4054 3682
4 4131 3933 4064 3643
4 4291 4187 4209 3768
4 4137 3817 4068 3712
4 4143 3736 4103 3706
4 4195 4078 3794 3706
4 4197 4182 4103 3736
4 4143 4117 4025 3968
4 4137 3906 4068 3817
4 4221 3936 4174 3828
4 4088 4048 3999 3689
4 4111 4088 3940 3693
4 4088 3999 4048 3940
4 4147 4111 3878 3832
4 4147 3911 3660 3648
4 4196 3753 3992 3517
4 4196 3944 3867 3517
4 4111 3940 4088 3878
4 4111 3878 4088 3753
4 4196 3753 3517 3443
4 4219 4147 3878 3832
4 4196 4048 3992 3880
4 4208 4056 4089 3486
4 4089 1340 3486 1339
4 4089 3770 1340 1339
4 4089 3969 3770 1339
4 4089 3486 3969 1339
4 4089 4056 3969 3486
4 4289 1493 1494 177
4 4139 4067 4011 3971
4 4272 4248 4218 4145
4 4156 4037 3932 3708
4 4122 3998 4069 3938
4 4101 4023 3677 3669
4 4199 4049 4127 4016
4 4142 3989 4031 3937
4 4127 4049 3855 3825
4 4346 763 1498 553
4 4166 4114 556 555
4 4094 3558 4084 3463
4 4094 3614 4084 3558
4 4094 2564 3495 1823
4 4094 3495 4084 1823
4 4094 2565 2564 1823
4 4094 1827 2565 1823
4 4094 4084 1827 1823
4 4094 4028 3972 1827
4 4094 4084 4028 1827
4 4094 4028 4084 3972
4 4096 3964 4081 3957
4 4096 4081 4038 3957
4 4250 3804 3887 3768
4 4163 4141 4097 3486
4 4168 3771 1345 1343
4 4098 3956 4072 3893
4 4098 4072 3923 3893
4 4110 1343 3486 1341
4 4251 1367 3486 1343
4 4098 3966 3956 3893
4 4098 4070 3966 3893
4 4230 4186 4148 4063
4 4178 4021 4121 3975
4 4100 3596 3608 3575
4 4100 4022 3596 3575
4 4100 3685 3596 2650
4 4100 3596 4022 2650
4 4100 3685 2688 2687
4 4100 2688 3777 2687
4 4100 3685 3777 2688
4 4100 3685 2687 2594
4 4100 2687 2686 2594
4 4100 2686 3912 2594
4 4100 2687 3912 2686
4 4135 3807 3812 3774
4 4159 3838 3774 3673
4 4135 4101 3707 3669
4 4122 4023 3998 3677
4 4102 4002 4011 3909
4 4289 4203 178 177
4 4102 4011 4002 3971
4 4155 4125 4102 4074
4 4132 3906 3889 3817
4 4202 608 3978 607
4 4250 4115 3969 3896
4 4110 1345 1368 1343
4 4108 4098 4072 3923
4 4121 4043 4070 4021
4 4361 1575 1581 846
4 4108 3923 4072 3913
4 4108 4063 4017 3923
4 4198 3813 4116 3747
4 4258 3979 4215 3949
4 4126 4116 3813 3699
4 4234 4162 4107 3486
4 4164 4017 4052 3975
4 4286 4213 4257 3486
4 4344 4298 4325 3486
4 4118 3991 4081 3913
4 4161 4101 4023 3677
4 4188 4153 4057 4045
4 4168 1377 1375 1348
4 4263 4246 4166 555
4 4218 4145 4175 4075
4 4266 4238 3637 1286
4 4114 3696 3600 556
4 4274 4266 4220 4212
4 4214 4172 554 553
4 4110 3785 1341 1340
4 4110 4089 3785 1340
4 4168 1349 1368 1346
4 4110 1341 3486 1340
4 4110 3486 4089 1340
4 4219 3443 3867 3442
4 4329 4274 1498 1497
4 4166 4114 3600 556
4 4166 3600 3616 556
4 4261 4051 4152 3985
4 4141 4040 4034 3486
4 4260 4244 4205 4133
4 4231 4191 4129 3486
4 4214 582 581 554
4 4190 3770 1339 1338
4 4202 3886 608 607
4 4190 3776 3969 3770
4 4183 4116 3727 3699
4 4284 1345 3771 1343
4 4284 3850 1340 1339
4 4131 4064 4079 3643
4 4183 3699 3727 3627
4 4198 4042 4151 3789
4 4183 4116 3699 3627
4 4146 4005 3870 3695
4 4117 3968 3794 3695
4 4117 4086 3968 3695
4 4157 3982 4013 3822
4 4180 3822 3931 3772
4 4221 3797 4082 3733
4 4141 4129 4040 3486
4 4118 4072 3991 3913
4 4118 4108 4072 3913
4 4121 4021 4070 3975
4 4153 4045 4032 4030
4 4154 4107 4038 3486
4 4276 4256 4211 4120
4 4313 4270 4249 3486
4 4341 4327 4334 4309
4 4348 4336 4300 3486
4 4322 4320 4306 4294
4 4230 4164 4108 4063
4 4224 3886 608 585
4 4217 4118 4123 4063
4 4139 4102 4002 3971
4 4139 4002 4125 3971
4 4203 4124 4067 4041
4 4289 178 1493 177
4 4272 904 906 183
4 4193 3960 4042 3789
4 4183 3747 4116 3627
4 4193 3974 3960 3862
4 4287 4177 4208 3486
4 4257 4213 4163 3486
4 4305 4247 4294 4228
4 4242 4186 4217 4123
4 4191 4096 4129 4038
4 4243 4178 4148 4052
4 4257 4163 4201 3486
4 4207 3884 3757 3754
4 4183 4116 4055 3727
4 4241 4227 4085 3844
4 4258 4183 3634 3627
4 4258 4047 3979 3949
4 4146 3928 3982 3870
4 4180 3931 3954 3701
4 4271 4268 3772 3682
4 4223 4117 4195 3794
4 4268 4054 4086 3682
4 4195 4005 4092 3997
4 4143 3968 4025 3706
4 4143 3794 3968 3706
4 4250 3804 3896 3776
4 4187 3904 3990 3889
4 4264 4154 4179 3486
4 4170 4150 4138 3486
4 4289 1495 769 177
4 4337 4140 4326 3486
4 4214 4172 555 554
4 4198 3789 3813 3747
4 4215 3827 4193 3747
4 4215 4116 4183 3747
4 4241 4198 4151 3844
4 4137 3906 3914 3891
4 4137 4068 3906 3891
4 4195 4092 4078 3997
4 4143 4117 3968 3794
4 4143 4117 3794 3706
4 4180 3954 3906 3817
4 4195 4146 4005 3997
4 4164 4108 4063 4017
4 4254 4242 4217 3486
4 4139 4102 4125 4002
4 4181 4144 4139 4125
4 4296 4272 906 183
4 4265 4145 4218 4075
4 4346 4274 4329 4246
4 4175 4075 4145 4053
4 4276 4247 4228 4133
4 4153 4043 4121 4030
4 4205 4120 4030 4021
4 4153 4030 4121 4021
4 4224 3486 636 585
4 4283 4243 4230 4186
4 4205 4192 4133 4052
4 4199 3736 4103 3729
4 4199 4082 4182 4016
4 4199 4031 4103 3736
4 4197 3951 3936 3736
4 4182 3780 3828 3733
4 4182 3828 3780 3729
4 4199 4082 4127 3780
4 4197 4055 4025 3727
4 4197 4143 3951 3736
4 4197 3727 4025 3699
4 4221 4197 3951 3936
4 4197 4025 4055 3951
4 4259 4216 4253 4167
4 4222 4160 4169 4109
4 4346 1288 554 553
4 4214 581 580 553
4 4289 4203 4245 178
4 4261 4152 4259 3985
4 4263 4166 4194 555
4 4214 4172 556 555
4 4223 3695 4157 3682
4 4157 4146 3822 3695
4 4157 4146 3982 3822
4 4187 3889 3885 3761
4 4219 3832 3442 3438
4 4219 3832 3878 3442
4 4236 3925 4046 3438
4 4224 610 591 589
4 4315 4256 4276 4200
4 4211 4205 4133 4120
4 4317 4303 4282 4225
4 4300 4280 4237 3486
4 4200 1578 3955 850
4 4179 4096 4123 3486
4 4210 4174 3797 3741
4 4169 4112 3725 3697
4 4175 4060 4075 4053
4 4238 3587 3637 1286
4 4277 1490 1491 767
4 4229 4203 4173 4165
4 4296 914 4288 181
4 4217 4123 4118 4096
4 4280 4279 4204 3486
4 4316 4301 3486 818
4 4232 4170 4050 3486
4 4232 4050 4162 3486
4 4243 4178 4164 4148
4 4254 4217 4191 3486
4 4292 4234 4264 3486
4 4336 4323 4280 3486
4 4311 1310 1311 1282
4 4277 4222 4171 4109
4 4297 180 910 179
4 4159 3838 4135 3774
4 4161 4023 4122 3677
4 4159 3774 4135 3673
4 4161 4029 4015 3981
4 4195 4092 4005 3794
4 4195 3794 4146 3695
4 4223 4086 4117 3695
4 4190 1338 1339 604
4 4190 4115 3969 3776
4 4210 4174 4128 3744
4 4278 3865 1338 1337
4 4207 4158 4035 3754
4 4226 4185 4000 3658
4 4159 3707 4015 3673
4 4159 4135 3707 3673
4 4159 4135 4015 3707
4 4161 3943 4029 3814
4 4161 4029 3981 3814
4 4312 4222 4277 4109
4 4321 1492 1496 765
4 4312 4285 1492 1491
4 4214 4172 3545 556
4 4173 4124 4090 4067
4 4346 764 1497 763
4 4161 4122 3943 3814
4 4161 4122 4029 3943
4 4259 4253 4229 4167
4 4224 595 4010 591
4 4164 4098 4017 3975
4 4211 4120 4057 4030
4 4178 4052 4021 3975
4 4205 4121 4178 4021
4 4271 3772 4180 3701
4 4178 4164 4148 4052
4 4256 4188 3955 1578
4 4321 4285 4239 1496
4 4261 4216 4259 4167
4 4214 3545 582 555
4 4194 3616 4172 556
4 4172 3531 3545 556
4 4194 4166 3616 556
4 4172 3616 3531 556
4 4293 4269 1285 1283
4 4297 4288 181 180
4 4206 4181 4155 4074
4 4329 4321 1496 765
4 4224 588 4010 585
4 4312 4239 4222 4160
4 4288 4125 4206 4074
4 4297 910 911 179
4 4269 4238 1306 1283
4 4266 4246 4220 4212
4 4269 3535 3595 1286
4 4266 3637 1287 1286
4 4266 1288 1286 554
4 4296 4145 4272 182
4 4261 4171 4216 4152
4 4329 4274 4321 4212
4 4277 4255 4216 4171
4 4288 4206 4248 4074
4 4265 4066 3840 3472
4 4289 769 4259 177
4 4240 1336 1337 605
4 4240 606 3835 605
4 4226 4000 3894 3658
4 4226 3887 3804 3768
4 4291 3761 4132 3735
4 4295 4165 179 178
4 4288 4125 181 180
4 4297 911 4295 179
4 4233 4144 4173 4139
4 4181 4125 4155 4074
4 4233 4165 4173 4144
4 4296 906 913 182
4 4206 4125 4181 4074
4 4224 3886 3486 608
4 4340 4224 3486 636
4 4224 3886 4176 3486
4 4340 4224 4176 3486
4 4331 4306 1578 850
4 4178 4121 4070 3975
4 4178 4164 4052 3975
4 4178 4070 4164 3975
4 4191 4118 4081 3964
4 4217 4118 4191 4096
4 4191 4096 4118 3964
4 4251 4208 4089 3486
4 4283 4237 4204 3486
4 4242 4204 4186 4123
4 4187 3761 3885 3735
4 4202 3978 4190 609
4 4180 3954 3914 3906
4 4180 3954 4013 3914
4 4223 4195 4146 3695
4 4190 3922 3926 3486
4 4190 1339 3486 609
4 4265 4066 4075 3840
4 4296 4074 182 181
4 4295 4165 4144 179
4 4295 4245 4165 178
4 4265 4066 3506 184
4 4209 4187 3873 3735
4 4187 4132 3904 3889
4 4250 3896 3969 3776
4 4227 4136 4184 3980
4 4185 4105 3845 3742
4 4291 3768 4209 3742
4 4189 4183 4106 3727
4 4198 4151 3844 3813
4 4241 4198 3844 3813
4 4215 3949 3979 3827
4 4215 3974 4193 3827
4 4240 3887 4226 3835
4 4258 3634 3949 3627
4 4258 3949 4215 3627
4 4210 4189 3741 3644
4 4189 4106 3741 3727
4 4284 3846 1341 1340
4 4258 4047 3949 3907
4 4207 3757 4158 3754
4 4207 4068 3712 3701
4 4267 3764 4132 3739
4 4267 4132 4068 3739
4 4240 3917 1337 1336
4 4278 1339 3770 1338
4 4250 3873 3896 3804
4 4202 609 4190 607
4 4241 4151 4227 3916
4 4241 4126 4198 3813
4 4241 4151 3916 3844
4 4250 3994 4076 3873
4 4209 3990 3994 3885
4 4304 4264 4279 3486
4 4242 4230 4217 4186
4 4351 3486 844 839
4 4279 4264 4179 3486
4 4337 4176 4140 3486
4 4210 4189 4174 3741
4 4241 3844 4126 3813
4 4227 3980 4184 3916
4 4241 4085 4126 3844
4 4268 4223 4157 3682
4 4223 3794 4195 3695
4 4250 4209 3994 3873
4 4236 4219 3925 3438
4 4219 3442 3925 3438
4 4221 4106 4055 3741
4 4221 3951 4106 3936
4 4217 4123 4096 3486
4 4299 4208 4251 3486
4 4251 4089 4110 3486
4 4261 4167 4259 4152
4 4259 4167 4041 4009
4 4266 1288 4238 1286
4 4259 4152 4167 4009
4 4322 4235 4315 4228
4 4224 608 3486 585
4 4260 4247 4244 4133
4 4256 4188 4057 3955
4 4211 4188 4153 4030
4 4217 4096 4191 3486
4 4213 4129 4141 3486
4 4205 4052 4133 4021
4 4205 4178 4052 4021
4 4305 4303 4247 4244
4 4254 4191 4231 3486
4 4245 4203 4229 4165
4 4245 4173 4233 4165
4 4222 4169 4149 4109
4 4217 4108 4118 4063
4 4242 4204 4237 4186
4 4211 4153 4205 4030
4 4268 4086 4223 3695
4 4271 4061 4054 3682
4 4243 4164 4230 4148
4 4283 4230 4242 4186
4 4357 1581 1580 847
4 4231 4129 4213 3486
4 4359 1579 849 848
4 4298 4257 4270 3486
4 4242 4123 4217 3486
4 4271 4180 4137 3701
4 4243 4225 4192 4148
4 4281 4263 4194 554
4 4318 571 550 549
4 4270 4201 4249 3486
4 4328 3486 4299 1365
4 4262 4233 4181 4144
4 4266 4238 1288 1283
4 4248 4175 4218 4145
4 4230 4148 4164 4063
4 4243 4230 4186 4148
4 4256 4120 4200 4057
4 4296 4053 4145 182
4 4248 4074 4175 4053
4 4219 4196 3443 3442
4 4219 4196 3867 3443
4 4236 4046 3832 3437
4 4293 3535 4269 1288
4 4266 1288 1306 1283
4 4269 3595 4238 1286
4 4311 1311 1284 1282
4 4221 4055 4106 3951
4 4221 4197 4055 3951
4 4311 1285 1309 1283
4 4266 1306 4238 1283
4 4268 4157 3772 3682
4 4271 3772 4061 3682
4 4338 4304 4323 3486
4 4303 4282 4225 4192
4 4315 4256 4200 1578
4 4309 4294 4305 4247
4 4282 4260 4243 4225
4 4260 4148 4192 4052
4 4278 4240 3917 1337
4 4284 3785 3770 1339
4 4290 4232 4252 3486
4 4252 4232 4162 3486
4 4243 4186 4225 4148
4 4280 4204 4237 3486
4 4316 4290 4308 3486
4 4248 4175 4145 4053
4 4297 914 910 180
4 4277 4109 4171 4051
4 4230 4108 4217 4063
4 4230 4123 4186 4063
4 4230 4217 4123 4063
4 4230 4217 4186 4123
4 4310 4242 4254 3486
4 4298 4286 4257 3486
4 4299 3486 1366 1365
4 4328 1550 3486 1365
4 4276 4244 4247 4133
4 4317 4282 4237 4225
4 4296 4248 4145 4053
4 4296 4288 4074 181
4 4297 4295 4144 179
4 4296 4272 183 182
4 4304 4292 4264 3486
4 4313 4249 4287 3486
4 4301 4170 4232 3486
4 4279 4179 4204 3486
4 4345 3486 4338 822
4 4308 4290 4252 3486
4 4292 4252 4234 3486
4 4266 1286 4246 555
4 4266 555 4246 554
4 4266 1286 555 554
4 4329 765 1496 764
4 4269 1288 3535 1286
4 4248 4206 4175 4074
4 4284 4278 3850 1338
4 4284 3850 1339 1338
4 4282 4260 4225 4192
4 4361 1581 847 846
4 4340 3486 637 636
4 4270 4257 4201 3486
4 4353 4341 4334 4320
4 4332 4325 4313 3486
4 4260 4205 4192 4133
4 4322 4305 4294 4228
4 4271 4137 4061 3772
4 4260 4205 4178 4052
4 4325 4298 4270 3486
4 4244 4211 4205 4133
4 4314 4310 4254 3486
4 4256 4188 4211 4057
4 4317 4302 4275 4225
4 4286 4231 4213 3486
4 4361 4334 4349 4327
4 4244 4211 4133 4120
4 4282 4225 4243 4186
4 4260 4192 4247 4133
4 4260 4243 4225 4192
4 4260 4243 4192 4148
4 4299 3486 4251 1366
4 4260 4192 4205 4052
4 4256 4211 4120 4057
4 4352 4263 4281 553
4 4264 4234 4154 3486
4 4331 1578 4235 850
4 4331 4315 4235 1578
4 4359 850 4306 849
4 4323 4304 4279 3486
4 4253 1495 1490 768
4 4321 4212 4239 4160
4 4321 4274 4239 4212
4 4266 1287 4114 1286
4 4283 4237 4242 4204
4 4276 4244 4133 4120
4 4287 4249 4177 3486
4 4260 4243 4148 4052
4 4295 4245 4233 4165
4 4312 4239 4285 4222
4 4295 4233 4262 4144
4 4274 1498 4266 1288
4 4289 4253 4259 769
4 4283 4204 4242 3486
4 4358 3486 1548 1547
4 4273 4254 4231 3486
4 4314 4254 4273 3486
4 4340 4176 4337 3486
4 4346 4266 4246 554
4 4261 4216 4167 4152
4 4277 768 1490 767
4 4277 4261 1490 768
4 4277 4216 4261 4171
4 4277 4255 4261 4216
4 4312 4255 4277 4222
4 4336 4280 4300 3486
4 4283 4225 4282 4186
4 4322 4294 4235 4228
4 4331 4322 4294 4235
4 4322 4305 4309 4294
4 4333 4300 4317 4283
4 4325 4270 4313 3486
4 4263 4246 555 554
4 4346 1283 1288 553
4 4312 4277 4285 1491
4 4312 4277 1491 767
4 4318 551 578 550
4 4346 4246 4263 554
4 4295 4165 4233 4144
4 4272 4145 184 183
4 4272 4265 904 184
4 4297 4144 4262 4125
4 4318 553 4214 552
4 4274 4246 4266 4212
4 4266 3637 4114 1287
4 4266 4220 4114 3637
4 4269 4238 1288 1286
4 4293 1288 4269 1283
4 4278 3917 3865 1337
4 4278 3770 3776 1337
4 4284 1339 4278 1338
4 4293 3574 3535 1288
4 4311 1309 1314 1283
4 4297 4295 4262 4144
4 4317 4237 4302 4225
4 4333 4283 4310 3486
4 4276 4133 4228 4120
4 4353 4331 4322 4320
4 4311 1311 1309 1284
4 4321 766 1492 765
4 4321 4285 4312 4239
4 4318 4307 4214 553
4 4318 571 551 550
4 4321 4312 1492 766
4 4307 4172 4214 553
4 4278 3776 3835 1337
4 4278 3835 4240 1337
4 4278 4240 3835 3776
4 4351 3486 4348 844
4 4331 4235 4306 850
4 4309 4305 4275 4247
4 4355 4333 4343 3486
4 4331 4322 4320 4306
4 4337 3486 817 812
4 4316 3486 819 818
4 4301 4232 4290 3486
4 4316 4301 4290 3486
4 4318 4307 553 552
4 4307 554 4172 553
4 4283 4237 4282 4225
4 4303 4260 4282 4192
4 4303 4225 4275 4192
4 4286 4273 4231 3486
4 4303 4260 4247 4244
4 4343 4310 4314 3486
4 4326 3486 818 817
4 4344 4339 4298 3486
4 4310 4283 4242 3486
4 4299 4287 4208 3486
4 4305 4276 4247 4228
4 4347 4327 4335 4302
4 4305 4303 4275 4247
4 4328 4287 4299 3486
4 4332 3486 4328 1550
4 4328 4313 4287 3486
4 4289 1494 1495 177
4 4289 4259 4203 177
4 4297 4125 4288 180
4 4351 3486 839 823
4 4300 4237 4283 3486
4 4331 4315 4322 4235
4 4311 1314 3574 1283
4 4348 4333 4347 3486
4 4317 4300 4302 4237
4 4342 4338 4323 3486
4 4317 4275 4303 4225
4 4303 4247 4260 4192
4 4296 4288 4248 4074
4 4296 4248 4272 4145
4 4296 4074 4248 4053
4 4296 4074 4053 182
4 4297 4144 4125 180
4 4297 181 914 180
4 4305 4247 4276 4244
4 4361 4357 4349 4334
4 4359 1579 1578 849
4 4330 4316 4308 3486
4 4351 4336 4348 3486
4 4308 4252 4292 3486
4 4342 4338 3486 822
4 4353 4331 4320 4306
4 4330 4316 3486 819
4 4362 4324 4339 3486
4 4365 4344 4356 3486
4 4345 4330 3486 820
4 4342 4323 4336 3486
4 4343 4333 4310 3486
4 4339 4286 4298 3486
4 4322 4309 4320 4294
4 4326 4140 4150 3486
4 4340 3486 812 637
4 4317 4282 4283 4237
4 4322 4276 4305 4228
4 4307 4281 554 553
4 4307 4281 4172 554
4 4318 552 579 551
4 4318 4214 579 552
4 4346 4329 1497 764
4 4329 1496 1497 764
4 4350 4347 4348 4302
4 4354 4314 4324 3486
4 4317 4283 4300 4237
4 4350 4347 4349 1576
4 4348 4300 4333 3486
4 4311 3574 1288 1283
4 4311 1288 4293 1283
4 4311 3574 4293 1288
4 4346 1498 4274 1288
4 4346 4274 4266 1288
4 4346 1498 1288 1283
4 4346 4266 4274 4246
4 4321 4312 4285 1492
4 4315 4228 4235 4200
4 4315 4200 4235 850
4 4359 4306 4320 849
4 4315 4235 1578 850
4 4315 4276 4228 4200
4 4322 4315 4276 4228
4 4324 4273 4286 3486
4 4326 3486 4301 818
4 4353 4322 4341 4320
4 4333 4300 4283 3486
4 4359 1578 4306 850
4 4356 3486 4332 1549
4 4331 4322 4306 4294
4 4330 3486 820 819
4 4335 4305 4303 4275
4 4356 4344 4325 3486
4 4335 4317 4302 4275
4 4353 4320 4334 848
4 4363 3486 1544 1543
4 4341 4334 4320 4309
4 4361 4350 1576 845
4 4331 4294 4306 4235
4 4357 1580 4353 848
4 4357 4353 4334 848
4 4348 4302 4333 4300
4 4361 1576 4349 1575
4 4335 4327 4309 4275
4 4337 3486 4326 817
4 4335 4309 4305 4275
4 4364 4360 4307 552
4 4364 575 576 551
4 4352 554 4263 553
4 4346 1498 1283 553
4 4364 552 4318 551
4 4355 4348 4350 4347
4 4356 1552 3486 1549
4 4332 3486 1550 1549
4 4349 4334 4341 4327
4 4339 4324 4286 3486
4 4324 4314 4273 3486
4 4345 3486 821 820
4 4335 4302 4327 4275
4 4358 3486 1547 1546
4 4332 4313 4328 3486
4 4362 1548 3486 1543
4 4351 4342 3486 823
4 4361 1581 4357 847
4 4345 4330 4319 3486
4 4361 1575 846 845
4 4345 3486 822 821
4 4330 4308 4319 3486
4 4338 4319 4304 3486
4 4360 576 552 551
4 4364 4307 4318 552
4 4360 4352 553 552
4 4364 4318 571 551
4 4341 4335 4327 4309
4 4349 4335 4347 4327
4 4347 4317 4333 4302
4 4347 4335 4317 4302
4 4354 4343 4314 3486
4 4362 4354 4324 3486
4 4341 4320 4322 4309
4 4333 4302 4317 4300
4 4350 4349 4347 4327
4 4335 4303 4317 4275
4 4359 4331 4353 4306
4 4361 4357 4334 847
4 4341 4309 4322 4305
4 4358 3486 4354 1548
4 4357 4341 4349 4334
4 4361 4357 1581 1575
4 4363 4339 4344 3486
4 4350 3486 1576 845
4 4350 4348 3486 844
4 4350 3486 845 844
4 4361 1576 1575 845
4 4342 3486 823 822
4 4348 4347 4333 4302
4 4361 4349 4357 1575
4 4358 4343 4354 3486
4 4361 4350 4349 1576
4 4341 4335 4309 4305
4 4363 4362 4339 3486
4 2529 2530 2527 2393
4 2529 2446 2530 2393
4 726 300 295 247
4 661 72 67 60
4 711 19 706 15
4 661 72 60 22
4 692 654 691 650
4 654 652 651 1
4 3485 223 726 222
4 660 507 455 451
4 716 505 715 452
4 3485 689 690 505
4 4128 1139 1500 1135
4 1775 100 1774 77
4 3485 688 689 505
4 3589 116 115 101
4 717 653 660 505
4 1791 1786 1787 1733
4 3485 1769 1770 78
4 3594 3042 3358 3041
4 4361 4351 819 818
4 3515 726 666 665
4 715 657 658 505
4 711 706 705 15
4 741 687 711 45
4 710 653 652 507
4 654 2 652 1
4 729 726 728 505
4 654 651 652 505
4 723 650 641 59
4 782 246 273 142
4 708 505 707 452
4 726 248 300 247
4 654 650 508 505
4 4012 3953 4008 3448
4 1798 1793 1797 1741
4 715 54 712 53
4 691 654 656 643
4 3411 3146 3165 3145
4 731 726 729 505
4 687 65 51 48
4 4114 4112 3616 3600
4 735 734 726 682
4 654 508 650 507
4 678 27 28 26
4 736 732 705 505
4 660 508 653 507
4 3485 739 688 505
4 3503 1787 3500 1786
4 718 652 707 2
4 656 651 654 505
4 692 656 691 654
4 687 64 65 57
4 679 678 655 505
4 745 661 744 505
4 710 656 654 507
4 715 713 714 505
4 666 244 250 89
4 661 72 68 67
4 707 17 8 7
4 679 678 28 26
4 3485 104 102 99
4 3516 3485 102 91
4 247 243 241 238
4 3476 459 471 457
4 659 658 506 505
4 1759 1708 1735 1703
4 237 137 135 133
4 654 650 652 2
4 745 715 661 505
4 3515 726 667 297
4 726 680 679 678
4 660 507 653 455
4 715 712 713 505
4 690 688 687 505
4 726 671 667 297
4 733 732 726 682
4 250 239 238 96
4 3485 105 104 99
4 1976 1915 1916 1746
4 4364 768 179 177
4 656 508 651 505
4 3476 207 352 114
4 3585 1976 1982 1791
4 726 676 675 674
4 687 60 65 48
4 707 17 15 14
4 3476 517 329 328
4 3490 811 836 511
4 3589 1777 1776 834
4 212 95 91 90
4 716 657 505 452
4 661 68 659 67
4 520 490 328 327
4 718 717 653 9
4 652 508 651 507
4 656 654 508 505
4 715 55 713 54
4 728 722 726 682
4 725 707 724 505
4 3485 1763 1764 78
4 653 508 652 507
4 264 94 101 77
4 726 670 671 63
4 1772 726 1764 505
4 676 675 674 250
4 3490 495 496 478
4 658 506 505 452
4 687 56 65 45
4 726 671 676 667
4 726 720 721 505
4 656 654 651 1
4 1786 1782 1785 1729
4 3485 726 295 247
4 726 682 250 244
4 726 684 720 505
4 671 670 250 244
4 3694 3040 3358 3039
4 726 672 680 63
4 682 223 224 62
4 747 48 51 47
4 714 505 713 452
4 707 14 704 13
4 721 720 683 505
4 690 689 688 505
4 707 17 16 8
4 3485 753 746 505
4 654 3 650 2
4 718 505 717 452
4 3485 661 659 505
4 726 680 678 63
4 773 772 258 246
4 3580 3489 632 628
4 3585 1769 3490 726
4 658 66 657 60
4 657 66 61 60
4 715 712 711 53
4 104 96 102 93
4 732 731 729 505
4 264 101 100 77
4 676 244 670 80
4 3746 3694 3358 3039
4 215 95 96 91
4 521 408 405 342
4 3817 3785 3804 3780
4 788 787 419 127
4 4364 769 768 177
4 342 333 340 332
4 303 302 298 258
4 797 506 770 453
4 342 335 332 322
4 3485 686 827 505
4 770 237 246 112
4 718 12 7 6
4 659 506 658 453
4 338 332 325 322
4 732 36 38 35
4 3515 726 673 89
4 661 659 658 67
4 678 677 655 505
4 3485 687 738 505
4 104 93 99 92
4 656 4 654 1
4 715 658 661 505
4 706 505 705 452
4 726 655 677 505
4 679 28 29 26
4 740 736 726 682
4 3490 802 801 800
4 707 705 704 14
4 104 98 93 92
4 732 731 726 682
4 744 663 662 20
4 718 653 717 505
4 3485 250 726 248
4 104 102 99 93
4 715 713 712 54
4 658 67 66 60
4 754 746 753 505
4 718 12 707 7
4 661 67 658 60
4 715 711 712 505
4 519 487 330 326
4 658 453 506 452
4 726 655 650 63
4 3504 835 209 208
4 3589 246 834 237
4 4363 4358 4362 1543
4 835 784 317 312
4 104 98 97 96
4 104 103 102 96
4 3556 342 343 119
4 3476 210 352 205
4 104 97 103 96
4 104 98 96 93
4 3485 744 663 505
4 652 651 508 505
4 656 5 4 1
4 730 707 725 505
4 660 452 505 451
4 654 4 3 2
4 730 505 725 452
4 715 58 714 55
4 694 691 693 510
4 805 174 172 167
4 707 17 14 13
4 718 653 652 2
4 3589 1770 100 78
4 661 72 22 21
4 747 687 51 48
4 658 505 657 452
4 487 483 398 353
4 3485 218 91 90
4 3485 248 726 247
4 711 705 706 505
4 105 104 99 92
4 3589 506 659 453
4 3485 663 662 505
4 3589 264 135 101
4 3585 1765 1758 1757
4 1780 1725 1779 1723
4 3485 726 250 244
4 3476 364 365 114
4 218 212 91 90
4 3589 237 137 135
4 3505 834 775 192
4 4360 769 4352 768
4 399 326 330 319
4 1772 1764 1763 1709
4 3585 2187 1799 1798
4 3485 1769 1772 505
4 1975 1747 1915 1746
4 3504 286 835 196
4 784 316 200 199
4 327 322 319 318
4 3589 235 234 231
4 365 114 364 108
4 135 132 134 109
4 3585 1893 3499 1889
4 330 326 320 319
4 3485 756 754 505
4 356 308 307 256
4 520 490 337 326
4 3714 3555 834 277
4 468 467 458 428
4 342 335 333 332
4 4318 4307 4261 4259
4 781 246 195 194
4 3486 1473 1367 1366
4 4365 4356 1368 1367
4 3516 682 220 218
4 4361 4351 636 610
4 4232 4200 4228 4192
4 3589 135 116 101
4 700 510 693 504
4 135 116 101 94
4 447 444 437 436
4 1769 1716 1709 1705
4 3585 3500 1790 1789
4 352 205 210 110
4 399 114 329 108
4 356 260 316 259
4 3476 512 364 352
4 420 394 397 392
4 4364 765 4360 764
4 3556 400 381 379
4 443 430 429 425
4 418 411 404 339
4 338 119 337 113
4 3556 850 405 404
4 1520 1516 1150 1125
4 405 361 358 335
4 364 351 352 350
4 1764 78 1763 76
4 342 338 327 322
4 4246 4212 4194 4166
4 1126 421 1120 420
4 3490 840 836 811
4 355 307 354 256
4 135 133 132 109
4 707 704 705 505
4 116 109 106 94
4 116 106 115 94
4 116 115 101 94
4 682 224 218 62
4 3485 99 294 78
4 342 340 338 332
4 3491 3490 509 506
4 3490 512 522 479
4 4214 4145 4066 4053
4 1167 1166 1165 1111
4 850 610 849 530
4 338 326 327 322
4 3476 516 517 328
4 3663 3558 410 409
4 770 231 234 112
4 399 329 327 318
4 3553 3488 3511 3487
4 342 119 341 113
4 366 336 343 335
4 1541 1216 1182 1181
4 3589 258 834 246
4 366 119 343 113
4 3585 1767 1768 726
4 3490 834 833 506
4 314 290 283 279
4 3476 512 511 457
4 4361 847 849 846
4 3514 231 770 112
4 352 206 205 110
4 328 114 327 108
4 3588 2155 3427 2153
4 400 381 379 374
4 3589 135 3527 134
4 797 456 509 453
4 3490 807 806 802
4 3486 1550 1549 1473
4 474 447 437 436
4 3505 834 781 780
4 776 775 258 246
4 4364 759 4360 576
4 450 449 448 446
4 3556 520 338 337
4 3745 3580 796 795
4 4361 4351 818 817
4 1774 100 1773 77
4 3485 1764 1772 78
4 1762 294 241 76
4 1360 1356 1312 1287
4 3556 613 610 521
4 338 331 337 325
4 3485 1772 1764 505
4 314 286 285 233
4 1087 909 1085 853
4 811 463 515 462
4 4363 4359 4362 4349
4 805 173 804 172
4 135 134 116 109
4 135 109 116 94
4 135 133 109 94
4 300 250 297 221
4 1791 1729 1739 1703
4 3589 264 101 100
4 770 261 303 258
4 4261 4259 769 177
4 3585 1764 1772 726
4 316 286 233 143
4 3589 135 134 116
4 3485 827 747 505
4 3476 314 835 310
4 224 223 222 215
4 4364 4277 4352 785
4 518 483 517 481
4 4362 4353 4355 4349
4 231 141 137 136
4 326 119 114 108
4 352 149 204 148
4 314 311 284 196
4 1315 1289 1286 1285
4 342 332 338 322
4 330 326 114 108
4 342 335 334 333
4 3781 835 313 311
4 3544 3440 3518 3439
4 3485 1768 1762 294
4 329 328 327 318
4 3556 521 343 342
4 3556 3512 3524 152
4 3490 802 800 797
4 3950 3858 3765 3665
4 3430 3427 2149 2148
4 2003 2002 2001 1942
4 3618 3470 3570 3468
4 3672 2395 2414 2236
4 1759 1735 1708 1706
4 1089 1083 1085 1078
4 1150 1129 1128 1117
4 1762 1715 1714 1705
4 1771 100 1770 77
4 3945 3709 3876 3689
4 1765 1704 1758 1703
4 3553 3487 3511 3484
4 1702 1700 1276 1272
4 3661 3496 1873 1872
4 579 574 577 549
4 4364 4360 4318 4307
4 4196 4048 4087 3992
4 3585 2187 1797 1796
4 338 325 326 322
4 4360 179 4346 178
4 235 234 231 226
4 521 486 491 479
4 516 480 483 479
4 420 396 397 390
4 673 250 244 89
4 3661 512 516 483
4 338 332 331 325
4 633 631 632 604
4 4112 3696 4093 3600
4 450 449 446 436
4 3580 3510 3560 3509
4 3744 1126 785 421
4 3553 3489 3511 3488
4 3476 352 364 114
4 1893 1839 1840 1838
4 732 679 721 29
4 4311 1500 1311 1310
4 834 262 303 261
4 3688 3575 2722 2718
4 3510 3481 3509 3480
4 4263 4246 4194 4166
4 342 334 341 333
4 521 519 486 479
4 3977 3839 3872 3704
4 4364 183 180 179
4 4365 1368 1579 1365
4 3589 3490 1774 1773
4 3476 473 517 472
4 300 248 250 221
4 3589 141 3514 137
4 834 264 303 262
4 744 662 663 505
4 3556 785 468 467
4 1786 1785 1732 1729
4 3753 3517 3438 3437
4 561 535 543 534
4 3985 3965 3945 3919
4 521 405 404 366
4 3622 1519 3570 1123
4 1167 1114 1113 1111
4 1089 1088 1084 1083
4 3560 3507 3511 3489
4 1424 1401 1414 1388
4 1126 424 1120 423
4 3518 3441 3471 3440
4 1872 1818 1819 1817
4 774 773 258 246
4 4362 4355 4358 4349
4 1149 1146 1065 1064
4 3476 835 355 307
4 3585 1890 3499 1888
4 783 316 199 198
4 3585 3490 526 510
4 835 512 355 354
4 834 833 770 164
4 834 772 771 299
4 797 460 513 456
4 835 285 284 196
4 835 309 315 308
4 660 653 508 505
4 301 293 299 258
4 3887 3799 3742 3658
4 723 694 693 510
4 4219 3867 3925 3860
4 521 405 366 342
4 4363 4362 4359 4356
4 3589 3485 1770 78
4 235 228 227 226
4 783 314 778 311
4 486 485 484 483
4 237 229 228 226
4 273 258 271 246
4 835 313 290 288
4 797 509 506 453
4 3505 834 779 776
4 2187 726 510 504
4 781 195 246 142
4 842 777 835 211
4 3476 356 512 352
4 521 342 338 327
4 3491 838 3490 808
4 835 286 285 196
4 314 285 286 196
4 3732 834 303 301
4 811 515 463 457
4 3661 403 490 398
4 519 487 399 330
4 3476 512 516 327
4 3513 377 784 202
4 4365 4363 4358 4357
4 352 203 202 148
4 326 325 320 319
4 3585 1794 1796 1793
4 797 461 460 456
4 3476 356 310 309
4 4044 3675 3753 3451
4 338 337 326 325
4 316 196 286 143
4 3781 835 3619 313
4 3619 835 290 288
4 314 211 311 196
4 3504 777 835 193
4 3504 835 777 211
4 3513 784 3476 202
4 3589 296 264 100
4 303 264 302 262
4 827 686 685 505
4 567 541 540 439
4 226 219 141 136
4 3515 726 668 667
4 214 95 212 90
4 214 212 213 90
4 3661 521 522 512
4 217 212 95 91
4 217 95 215 91
4 3589 1774 1775 100
4 224 212 217 91
4 723 694 654 650
4 690 687 65 51
4 830 828 770 161
4 226 219 225 141
4 326 113 119 108
4 220 213 212 90
4 220 212 218 90
4 3589 134 3527 116
4 3515 669 726 664
4 3491 3490 515 514
4 248 99 102 93
4 3476 356 314 310
4 224 216 223 215
4 273 246 271 142
4 222 96 102 91
4 222 215 96 91
4 300 294 295 221
4 224 218 212 91
4 224 217 216 215
4 3476 352 206 205
4 224 217 215 91
4 224 215 222 91
4 1775 1773 1771 1718
4 3476 835 784 511
4 3585 1981 1982 1976
4 303 298 301 258
4 3578 3259 3252 3201
4 364 357 351 350
4 1772 1769 78 76
4 4361 817 818 812
4 1865 1862 1780 1726
4 3490 479 493 478
4 235 227 234 226
4 3490 830 828 506
4 356 309 308 253
4 4360 4346 4352 177
4 352 207 206 107
4 264 254 133 94
4 3632 99 3485 78
4 364 352 356 350
4 4361 4351 812 637
4 356 314 310 259
4 834 770 833 506
4 237 229 226 136
4 237 231 137 136
4 296 264 100 77
4 3476 784 312 289
4 356 310 263 259
4 231 226 141 136
4 237 136 137 133
4 237 228 235 226
4 3589 1776 296 100
4 231 226 225 141
4 1768 1713 1767 1712
4 518 483 399 329
4 3585 3499 1891 1804
4 303 262 302 261
4 237 229 136 133
4 326 322 325 319
4 264 135 101 94
4 237 235 231 226
4 4365 1580 1581 1579
4 237 226 231 136
4 3556 378 3512 155
4 250 244 239 215
4 250 222 244 215
4 3589 261 258 246
4 364 108 114 107
4 726 674 673 89
4 244 240 239 215
4 726 678 677 63
4 3491 3490 800 799
4 1779 296 1778 255
4 294 78 99 76
4 802 757 801 752
4 248 102 96 93
4 328 322 327 318
4 3589 237 231 137
4 247 243 242 241
4 3556 3550 3493 563
4 1763 78 1762 76
4 3476 352 207 206
4 1759 1756 1708 1703
4 835 211 209 208
4 3585 3500 1789 1788
4 264 261 246 245
4 3514 267 770 231
4 250 238 248 96
4 2420 2367 2352 2323
4 248 96 238 93
4 294 99 93 76
4 1778 834 1777 296
4 3559 3476 210 204
4 352 204 149 145
4 3490 526 510 478
4 1791 1787 1734 1733
4 1766 294 1765 241
4 250 248 102 96
4 250 222 215 96
4 250 215 239 96
4 250 102 222 96
4 3476 328 329 114
4 329 114 328 108
4 3490 525 496 495
4 341 119 340 113
4 342 341 340 333
4 562 559 533 532
4 352 206 111 107
4 4365 1367 1368 1365
4 264 251 261 245
4 264 133 135 94
4 264 246 237 229
4 3585 3500 1782 726
4 3869 3585 2233 1982
4 785 571 572 570
4 356 310 309 253
4 1790 1788 1789 1736
4 399 330 114 108
4 340 119 338 113
4 3619 313 835 288
4 2353 2343 2345 2312
4 343 119 342 113
4 834 782 780 299
4 399 327 319 318
4 315 309 310 304
4 264 254 252 251
4 264 254 94 77
4 316 144 197 143
4 316 140 211 139
4 3476 356 309 308
4 777 314 316 211
4 316 211 140 117
4 314 209 211 208
4 316 314 286 196
4 3513 3476 203 202
4 811 463 810 457
4 3661 487 483 398
4 261 251 249 245
4 261 249 258 245
4 264 237 135 133
4 264 254 251 245
4 261 258 246 245
4 264 252 262 251
4 264 262 261 251
4 476 445 475 444
4 3716 3663 1887 1882
4 522 521 491 479
4 356 350 346 345
4 3490 811 515 514
4 264 229 237 133
4 264 254 229 133
4 264 245 246 229
4 264 254 245 229
4 665 265 664 250
4 267 231 225 141
4 809 176 175 172
4 3585 1777 1776 1775
4 3732 3714 834 299
4 3515 726 674 673
4 300 247 248 221
4 297 250 291 221
4 702 697 701 510
4 3588 2152 3427 2151
4 278 274 277 258
4 824 802 797 461
4 836 784 811 168
4 314 285 284 279
4 314 284 290 279
4 281 278 277 258
4 275 272 271 258
4 275 271 273 258
4 484 483 481 480
4 276 274 272 258
4 276 272 275 258
4 4364 785 4360 184
4 277 276 275 258
4 696 510 694 504
4 3996 3967 3952 3944
4 771 770 258 246
4 277 274 276 258
4 300 295 247 221
4 772 771 258 246
4 314 283 290 282
4 3476 309 835 308
4 299 287 277 258
4 303 296 302 264
4 3585 1760 1759 1756
4 380 352 324 232
4 3714 834 287 277
4 718 652 653 505
4 3661 520 521 519
4 3504 835 211 209
4 327 322 326 319
4 314 208 211 196
4 4044 3988 3941 3793
4 301 298 293 258
4 287 281 277 258
4 337 119 326 113
4 830 162 829 161
4 3476 365 512 327
4 314 311 313 290
4 314 280 285 279
4 294 93 241 76
4 294 99 248 93
4 294 247 241 238
4 294 248 247 238
4 294 238 241 93
4 294 248 238 93
4 295 247 242 241
4 295 294 247 241
4 296 255 254 77
4 296 254 264 77
4 3485 294 248 247
4 726 668 667 664
4 667 268 292 250
4 835 193 784 168
4 3476 365 327 114
4 3515 666 726 89
4 1756 1708 1707 1706
4 666 266 244 82
4 726 720 684 682
4 398 349 348 347
4 299 281 287 258
4 299 293 281 258
4 466 440 439 438
4 521 366 343 342
4 835 784 315 310
4 516 512 365 327
4 720 684 683 505
4 518 482 483 481
4 3585 1771 1769 1757
4 828 797 770 161
4 3585 1791 1893 1757
4 3556 128 3524 124
4 707 650 652 505
4 303 261 302 258
4 835 398 353 307
4 3585 526 2187 510
4 3585 1775 1773 1771
4 3556 152 3524 147
4 3589 3485 659 506
4 3694 3594 3358 3041
4 517 481 483 480
4 3589 834 3490 506
4 314 197 208 196
4 314 311 290 284
4 314 284 285 196
4 315 307 308 304
4 3492 697 703 510
4 314 313 306 282
4 316 286 314 233
4 3558 530 2529 529
4 3880 3753 3702 3675
4 4364 180 4360 179
4 356 307 355 256
4 316 211 314 209
4 3585 1765 1766 726
4 316 211 209 139
4 328 323 322 318
4 3732 834 301 299
4 315 308 309 304
4 3476 308 835 307
4 314 285 280 233
4 403 398 307 256
4 3619 835 3569 290
4 314 290 288 282
4 314 290 313 288
4 314 313 311 305
4 314 306 313 305
4 314 288 313 282
4 314 305 311 304
4 3476 310 835 309
4 315 310 314 304
4 315 314 311 304
4 521 327 338 326
4 842 835 777 193
4 3589 1773 1774 100
4 316 197 196 143
4 316 197 314 196
4 316 197 144 138
4 316 139 209 138
4 316 208 197 138
4 316 208 314 197
4 316 209 208 138
4 316 209 314 208
4 3585 1775 1774 1773
4 352 210 145 110
4 352 210 204 145
4 3490 797 509 506
4 3589 770 506 453
4 365 327 114 108
4 3589 834 770 235
4 521 404 400 366
4 1784 1730 1783 1729
4 1757 726 1756 294
4 3503 1784 3500 1759
4 1872 1869 1870 1816
4 1770 77 100 76
4 404 400 387 383
4 1770 78 1769 76
4 3500 1760 1759 726
4 3485 1770 1769 505
4 356 257 308 256
4 352 204 203 148
4 356 346 355 345
4 3589 3490 3485 506
4 352 111 206 110
4 352 289 312 232
4 352 312 236 232
4 521 414 410 409
4 354 307 353 256
4 398 354 353 344
4 398 345 354 344
4 398 349 345 344
4 364 207 352 107
4 356 355 354 345
4 356 308 257 253
4 356 263 310 253
4 356 316 314 259
4 3476 356 316 314
4 356 316 260 230
4 356 317 316 230
4 3476 356 352 317
4 356 236 312 230
4 356 352 312 236
4 356 312 317 230
4 356 352 317 312
4 364 354 327 322
4 364 352 207 114
4 471 434 433 431
4 364 114 207 107
4 364 322 327 321
4 364 357 322 321
4 398 353 307 256
4 732 37 38 36
4 3733 3467 1140 1139
4 3556 785 469 464
4 2627 1169 1167 1114
4 814 805 811 174
4 366 121 119 113
4 1553 927 926 925
4 366 358 336 335
4 3476 512 356 355
4 404 360 359 358
4 400 375 381 374
4 366 120 121 113
4 1608 1605 1606 1454
4 366 343 342 335
4 1146 1074 1135 1073
4 3580 795 794 793
4 3580 393 3522 392
4 3981 3814 3745 3673
4 400 366 121 119
4 408 367 363 361
4 420 419 404 339
4 809 808 803 172
4 3534 1592 1573 1572
4 364 345 354 322
4 364 357 345 322
4 364 356 354 345
4 364 350 356 345
4 364 357 350 345
4 365 364 327 321
4 3585 2187 1795 1794
4 3840 3793 1523 1522
4 400 122 124 120
4 400 374 379 373
4 400 150 152 146
4 400 382 381 375
4 1372 1342 1370 1341
4 424 416 423 404
4 780 776 774 258
4 421 413 412 404
4 3513 3476 204 203
4 401 349 398 347
4 1869 1868 1811 1809
4 424 417 416 404
4 3639 3559 3476 206
4 380 352 377 324
4 372 352 202 148
4 372 352 371 202
4 3559 210 3476 205
4 3559 3476 206 205
4 1377 1375 1348 1347
4 3704 3621 2300 2078
4 403 307 402 256
4 400 376 382 375
4 400 383 382 376
4 470 443 429 426
4 3744 420 785 419
4 380 289 352 232
4 377 371 352 202
4 377 352 371 324
4 405 366 342 335
4 400 155 152 150
4 400 378 155 151
4 3476 356 308 307
4 3476 784 835 312
4 835 398 512 353
4 3661 1873 1874 521
4 400 387 383 376
4 405 361 360 358
4 850 406 424 405
4 4359 4332 4356 4331
4 4352 4318 4346 4261
4 3579 1483 1164 1163
4 1360 1335 1331 1287
4 1521 1134 1151 1130
4 1526 934 1151 930
4 3575 2723 2720 2719
4 418 404 411 383
4 411 404 387 383
4 727 723 510 504
4 1098 1092 1091 1090
4 1584 1506 1583 915
4 420 394 393 388
4 420 390 395 389
4 3574 1500 1313 1312
4 3470 3443 3451 3441
4 811 511 515 457
4 419 418 404 339
4 3486 636 610 530
4 420 397 395 390
4 834 277 276 275
4 4036 3765 3837 3668
4 3556 326 119 114
4 3556 471 3476 459
4 3485 295 726 294
4 3592 307 315 304
4 467 443 428 425
4 418 400 404 383
4 420 395 397 394
4 4361 4351 820 819
4 723 654 694 641
4 850 521 404 400
4 476 475 447 444
4 770 234 235 112
4 420 385 391 384
4 3476 352 204 203
4 1126 785 420 397
4 3716 3494 3495 1887
4 420 404 412 339
4 3556 421 420 404
4 3661 521 490 403
4 3476 784 380 377
4 836 835 784 168
4 3727 3699 3644 3634
4 398 327 354 322
4 398 345 349 322
4 398 354 345 322
4 399 327 326 319
4 3588 2154 2155 2153
4 3559 3513 3476 204
4 3589 137 3514 135
4 3476 516 328 327
4 400 151 155 150
4 400 373 378 151
4 400 379 378 373
4 400 124 121 120
4 400 121 366 120
4 400 128 124 122
4 400 123 128 122
4 400 147 128 123
4 400 152 147 146
4 400 146 147 123
4 1921 1800 1917 1748
4 1865 1726 1780 1721
4 3500 2181 2147 2128
4 402 307 401 256
4 834 782 277 275
4 3476 352 210 204
4 521 408 407 405
4 402 401 398 347
4 403 398 348 347
4 403 402 398 347
4 404 359 400 358
4 422 413 421 404
4 405 358 366 335
4 405 404 366 358
4 404 400 366 358
4 405 360 404 358
4 3716 3663 3494 1887
4 3589 1770 1771 100
4 4361 636 812 610
4 3744 421 785 420
4 420 389 394 388
4 407 406 405 361
4 3716 3663 414 410
4 407 363 362 361
4 407 362 406 361
4 408 363 407 361
4 1904 1902 1903 1849
4 2275 2031 2081 2028
4 408 405 342 335
4 408 407 405 361
4 408 367 361 335
4 408 361 405 335
4 3564 3070 3433 3069
4 422 415 413 404
4 3663 850 408 407
4 414 410 409 368
4 3716 3663 1881 414
4 423 415 422 404
4 3663 417 424 407
4 1126 422 1120 421
4 3794 3736 3761 3735
4 414 370 369 368
4 414 369 410 368
4 421 412 420 404
4 3476 784 377 202
4 423 416 415 404
4 802 800 797 461
4 1126 420 1120 396
4 787 419 127 126
4 420 393 394 392
4 3556 3550 470 429
4 420 395 394 389
4 3509 3481 3508 3480
4 4365 4363 4356 4344
4 797 770 461 453
4 3618 3443 3517 3442
4 3733 3467 1151 1150
4 420 392 391 385
4 420 393 392 386
4 420 388 393 386
4 420 386 392 385
4 3491 3490 801 800
4 3556 422 421 404
4 424 405 417 404
4 424 406 417 405
4 424 407 417 406
4 4135 3998 3898 3574
4 468 431 432 428
4 450 449 436 435
4 3485 102 248 99
4 723 510 710 505
4 484 483 482 481
4 3661 1869 1870 521
4 3556 519 337 326
4 3476 483 518 474
4 843 835 842 193
4 3476 835 317 312
4 4363 4362 4358 4349
4 487 365 483 364
4 3476 511 784 457
4 4135 3830 3807 3800
4 3956 3939 3934 3903
4 1894 1874 1821 1819
4 487 483 365 327
4 3505 834 776 775
4 582 579 581 552
4 834 782 299 277
4 521 490 489 488
4 3556 487 519 326
4 3503 1786 3500 1785
4 4128 3733 1155 1127
4 3476 512 365 364
4 3589 3490 1775 1774
4 486 483 484 479
4 1885 367 408 335
4 3661 403 835 307
4 3556 424 423 404
4 443 429 427 425
4 3556 400 378 155
4 3556 520 490 338
4 3556 468 3476 467
4 471 433 459 431
4 3734 2307 2414 2295
4 741 726 740 505
4 4362 4359 4356 4353
4 467 430 443 425
4 3556 326 337 119
4 835 315 784 311
4 487 354 483 353
4 3476 380 784 289
4 521 407 406 405
4 4210 4174 4189 4126
4 567 540 543 439
4 4364 759 576 575
4 466 439 465 438
4 3476 330 326 114
4 4360 181 4346 180
4 4364 4261 4277 785
4 528 510 500 478
4 4066 3545 3745 785
4 469 443 441 438
4 519 485 486 483
4 466 465 464 438
4 4364 4352 4277 4261
4 443 427 441 425
4 3580 795 793 392
4 443 441 428 425
4 443 427 429 426
4 443 441 427 426
4 4361 4345 4351 610
4 3476 327 328 114
4 3674 3488 3553 3487
4 450 449 435 434
4 3556 473 3476 472
4 3514 770 267 141
4 583 579 582 552
4 3491 515 3490 511
4 3165 1485 1702 1484
4 726 667 676 666
4 484 483 480 479
4 3589 261 834 258
4 726 666 674 89
4 3490 828 840 826
4 468 458 431 428
4 473 450 436 435
4 4365 4358 1547 1546
4 613 492 611 449
4 3476 399 483 330
4 4354 4343 4339 4324
4 3476 317 835 316
4 679 655 650 505
4 732 650 679 3
4 3485 224 223 222
4 726 682 684 681
4 723 710 650 505
4 3485 745 744 505
4 728 726 722 505
4 732 729 728 505
4 656 651 508 507
4 654 652 650 505
4 723 693 694 650
4 744 661 662 505
4 4361 4351 817 812
4 717 505 660 452
4 3491 3490 513 509
4 800 799 797 461
4 726 671 672 63
4 3490 836 835 511
4 3589 3490 1771 1770
4 521 402 401 398
4 3485 738 739 505
4 3589 264 262 261
4 3476 517 516 472
4 471 459 458 431
4 3957 3913 3868 3818
4 3556 400 128 124
4 3585 1763 1764 726
4 3485 754 753 505
4 3556 3550 469 443
4 469 441 442 438
4 465 443 464 438
4 4361 4351 823 822
4 469 464 443 438
4 4360 4352 769 177
4 4360 178 4346 177
4 3556 469 3550 464
4 4040 3991 4001 3963
4 4346 178 4329 177
4 3574 1500 1315 1314
4 3476 472 516 471
4 4346 4329 769 177
4 4355 4353 4354 4347
4 4364 4360 4352 4318
4 3486 1473 1366 1365
4 3556 419 418 404
4 3556 459 3476 458
4 3476 467 468 457
4 3579 1483 1434 912
4 3556 850 404 400
4 3556 850 424 405
4 3556 400 418 383
4 3556 521 490 477
4 3556 379 785 378
4 4364 766 759 183
4 4348 4338 4330 4320
4 4360 764 4352 763
4 3937 3825 3928 3811
4 3556 423 422 404
4 3476 471 512 457
4 471 434 431 428
4 471 431 458 428
4 471 458 467 428
4 786 419 126 125
4 3486 812 637 530
4 517 483 516 480
4 472 450 435 434
4 472 471 450 434
4 3579 1401 1424 912
4 3556 337 338 119
4 473 472 450 435
4 474 473 447 436
4 3556 490 521 340
4 3579 1429 1401 912
4 3571 2366 3423 2300
4 3556 147 3524 128
4 3556 340 341 119
4 3556 521 477 450
4 3556 490 520 476
4 3556 400 155 152
4 3556 519 520 337
4 3556 612 613 521
4 3556 476 520 475
4 800 752 751 461
4 3574 1315 1500 1289
4 476 450 446 436
4 3571 2300 2365 2015
4 3711 3556 121 119
4 3556 400 121 119
4 3556 400 383 382
4 476 473 450 436
4 3556 3550 466 464
4 476 447 473 436
4 476 446 445 444
4 476 446 444 436
4 476 444 447 436
4 477 450 448 446
4 3476 835 512 355
4 477 476 450 446
4 3589 770 834 506
4 522 512 521 479
4 3638 1465 2627 1459
4 3624 3605 3583 3570
4 3574 1500 1312 1289
4 3556 467 3476 430
4 4365 4363 1544 1543
4 4363 4359 4358 4357
4 4362 4359 4353 4349
4 726 682 681 300
4 3476 330 487 326
4 3556 366 400 119
4 3489 3488 3479 3478
4 4362 4356 4355 4353
4 3476 317 352 312
4 4361 637 812 636
4 3476 312 352 289
4 3490 799 798 797
4 770 235 237 112
4 3130 3126 3625 3125
4 3588 2156 2155 2154
4 4044 3574 1500 1313
4 521 520 488 486
4 487 355 483 354
4 487 356 483 355
4 521 488 491 486
4 487 364 483 352
4 487 483 356 352
4 3556 519 487 447
4 4138 4057 4026 4010
4 487 483 399 330
4 521 354 398 327
4 487 399 483 329
4 487 328 483 327
4 487 329 483 328
4 519 512 483 479
4 521 489 491 488
4 521 403 402 398
4 519 483 486 479
4 521 519 520 486
4 521 490 403 398
4 521 342 340 338
4 521 512 519 479
4 520 490 338 337
4 521 340 490 338
4 521 338 337 326
4 1869 521 1863 398
4 520 329 519 328
4 521 337 490 326
4 3661 1872 1873 521
4 519 329 487 328
4 520 337 519 326
4 521 342 341 340
4 3661 517 516 398
4 519 399 487 329
4 3661 521 520 490
4 3461 2635 3460 2634
4 4030 4021 3855 3825
4 727 650 723 59
4 3661 1904 1905 521
4 4365 1548 4358 1543
4 3589 235 770 234
4 3624 3542 3451 3448
4 3536 2414 2308 2236
4 528 499 501 478
4 1872 1871 1818 1817
4 527 498 500 478
4 3880 3878 3832 3753
4 3638 1471 3614 1470
4 3515 726 669 668
4 3544 3441 3518 3440
4 1797 1744 1745 1741
4 522 491 493 479
4 1790 1736 1738 1734
4 789 788 420 419
4 3558 3494 1909 1908
4 500 498 499 478
4 527 510 526 478
4 1781 296 1780 255
4 710 653 507 454
4 3589 231 141 137
4 726 682 300 248
4 3552 303 834 296
4 849 610 812 530
4 528 500 499 478
4 726 63 650 59
4 516 365 512 364
4 3589 296 834 264
4 3490 840 832 831
4 3589 237 235 231
4 3490 524 525 495
4 3505 834 782 781
4 3490 524 495 494
4 3485 1764 726 505
4 723 694 510 504
4 718 707 652 505
4 717 660 653 9
4 726 667 666 664
4 3485 222 102 91
4 3585 1768 1767 1766
4 770 303 301 258
4 835 313 311 290
4 838 167 166 165
4 3661 1864 3496 1863
4 3589 237 834 235
4 3589 264 261 246
4 4361 4351 637 636
4 726 680 671 297
4 1089 1087 1085 1083
4 3585 3500 1785 1782
4 726 676 671 670
4 527 500 510 478
4 836 784 835 511
4 835 311 778 211
4 834 770 192 164
4 834 782 781 780
4 3585 1756 1757 726
4 3585 2187 1796 1795
4 834 258 770 246
4 784 783 316 199
4 3907 3577 3892 3553
4 834 261 770 258
4 519 487 485 483
4 3661 1868 1869 521
4 824 758 802 461
4 3661 521 402 401
4 805 174 173 172
4 833 830 770 163
4 835 512 354 353
4 3704 3661 3558 2446
4 784 314 315 310
4 516 483 512 479
4 3585 3490 1775 834
4 3704 2366 2446 2075
4 3585 1865 3499 296
4 824 461 797 161
4 843 778 835 193
4 3672 2395 2236 2232
4 3513 380 784 377
4 3476 518 517 473
4 3556 400 147 128
4 835 784 783 311
4 3476 512 835 511
4 3476 352 203 202
4 4364 766 765 764
4 4364 764 4360 763
4 3476 518 483 399
4 3556 521 341 340
4 834 246 770 237
4 4364 767 766 179
4 3476 474 518 473
4 4361 819 820 818
4 3476 329 399 114
4 835 316 784 314
4 3556 381 785 379
4 3476 356 317 316
4 3476 518 399 329
4 3556 420 419 404
4 824 762 758 461
4 835 290 311 284
4 835 317 784 316
4 3585 1801 1983 1800
4 3585 1865 1775 1771
4 834 237 770 235
4 834 772 773 192
4 828 824 161 159
4 835 353 354 307
4 835 311 211 196
4 836 811 784 511
4 797 513 509 456
4 805 172 803 167
4 3589 264 834 262
4 3589 234 770 231
4 3589 231 267 141
4 3585 2233 2187 527
4 3490 510 726 505
4 830 770 828 506
4 516 364 512 352
4 516 512 356 352
4 517 328 516 327
4 516 356 512 355
4 518 483 329 328
4 516 355 512 354
4 517 516 365 327
4 516 354 512 353
4 518 329 517 328
4 516 512 398 353
4 517 365 516 364
4 3661 1875 1878 521
4 3661 519 512 483
4 517 364 516 352
4 3661 1894 1895 521
4 3585 1798 1976 1793
4 517 516 356 352
4 517 356 516 355
4 517 355 516 354
4 518 483 328 327
4 517 354 516 353
4 518 328 517 327
4 517 516 398 353
4 518 365 483 327
4 3661 516 512 398
4 518 517 365 327
4 3661 3496 1870 1869
4 518 483 365 364
4 3661 512 835 398
4 1900 1846 1847 1845
4 518 365 517 364
4 518 483 364 352
4 518 364 517 352
4 518 356 483 352
4 518 517 356 352
4 518 483 356 355
4 518 356 517 355
4 518 483 355 354
4 518 355 517 354
4 518 483 354 353
4 518 354 517 353
4 518 398 483 353
4 518 517 398 353
4 3661 483 518 398
4 3661 1870 1871 521
4 3661 519 487 398
4 3661 490 520 398
4 3661 3496 1872 1871
4 3661 3496 1871 1870
4 3661 1871 1872 521
4 520 490 329 328
4 519 328 487 327
4 521 520 490 488
4 519 487 398 353
4 520 399 519 329
4 519 487 365 327
4 519 354 487 353
4 520 490 399 329
4 519 365 487 364
4 519 355 487 354
4 520 519 399 330
4 519 364 487 352
4 520 330 490 326
4 519 356 487 355
4 520 399 490 330
4 519 487 356 352
4 520 519 330 326
4 520 328 519 327
4 520 365 490 327
4 520 519 365 327
4 520 490 365 364
4 520 365 519 364
4 520 490 364 352
4 520 364 519 352
4 520 356 490 352
4 520 519 356 352
4 520 490 356 355
4 520 356 519 355
4 520 490 355 354
4 520 355 519 354
4 520 490 354 353
4 520 354 519 353
4 520 398 490 353
4 520 519 398 353
4 3661 517 518 483
4 3661 521 403 402
4 3661 487 519 483
4 3661 1874 1875 521
4 3661 401 402 307
4 3661 1864 1863 521
4 521 338 490 337
4 521 399 327 326
4 521 364 354 327
4 521 398 354 353
4 521 354 490 353
4 521 490 398 353
4 521 330 399 326
4 521 490 330 326
4 521 490 399 330
4 521 399 329 327
4 521 399 490 329
4 521 365 364 327
4 521 490 365 327
4 521 365 490 364
4 521 364 356 354
4 521 329 328 327
4 521 328 490 327
4 521 329 490 328
4 521 356 355 354
4 521 355 490 354
4 521 356 490 355
4 521 356 364 352
4 521 364 490 352
4 521 490 356 352
4 1773 100 1771 77
4 3614 3293 1473 1472
4 3558 521 410 409
4 4148 4063 4096 4052
4 3556 3476 468 458
4 850 521 405 404
4 3576 3526 3482 3481
4 3585 1806 1808 1802
4 3490 1770 3485 505
4 3490 3485 506 505
4 3490 494 495 478
4 3490 493 494 478
4 3490 522 523 493
4 3588 2154 2152 2151
4 1786 1732 1733 1729
4 3585 1865 1780 1775
4 1896 1895 1894 521
4 3558 850 1578 530
4 527 497 498 478
4 527 526 497 478
4 1884 1831 1827 1824
4 3570 1125 3538 1123
4 3753 3675 3517 3436
4 561 532 535 531
4 4044 3897 3863 3793
4 3556 785 473 472
4 1914 1910 1857 1855
4 820 812 818 530
4 3579 1430 1429 912
4 562 561 558 532
4 3568 3543 2648 2618
4 543 535 540 534
4 4010 3556 613 610
4 3537 3007 3199 3006
4 3589 1776 1775 834
4 561 443 543 428
4 1331 1330 1313 1287
4 4354 4347 4344 4343
4 4364 785 184 183
4 4364 571 785 183
4 566 540 542 537
4 562 536 434 428
4 4356 4332 1367 1366
4 566 543 540 537
4 543 540 441 438
4 543 441 443 438
4 3551 1120 1126 424
4 4168 4043 4045 4024
4 561 467 443 428
4 572 565 569 539
4 3589 770 3514 141
4 543 465 439 438
4 543 439 540 438
4 543 540 535 428
4 543 443 465 438
4 543 540 537 534
4 543 441 540 428
4 4346 183 4329 182
4 543 443 441 428
4 567 543 465 439
4 4277 4261 4263 4246
4 561 543 535 428
4 561 543 560 534
4 4114 4112 3545 3531
4 3579 1435 1483 912
4 562 471 467 428
4 561 557 558 531
4 4346 769 4329 768
4 574 562 564 536
4 4348 4338 4342 4330
4 562 467 561 428
4 4365 1579 1581 1575
4 563 560 543 534
4 3533 3408 3218 2980
4 3955 3893 3922 3816
4 3486 821 820 530
4 562 533 536 532
4 4346 182 4329 181
4 566 563 543 537
4 563 543 537 534
4 3556 343 366 119
4 579 577 578 550
4 3927 3857 3748 3738
4 561 558 532 531
4 4364 759 575 571
4 3751 3677 3669 3666
4 4359 4357 4353 4349
4 3512 785 379 378
4 4346 4318 4329 4261
4 562 535 561 532
4 562 558 559 532
4 574 572 547 539
4 625 583 602 556
4 3556 474 3476 473
4 4348 4330 4334 4320
4 3525 3093 3092 1454
4 562 434 471 428
4 3556 3476 487 326
4 631 604 607 434
4 3579 1487 1455 1432
4 562 536 535 532
4 562 561 535 428
4 562 535 536 428
4 4356 4332 1550 1549
4 4351 4345 822 821
4 956 954 891 890
4 574 547 549 539
4 3556 520 519 475
4 574 564 565 538
4 574 538 549 536
4 622 618 591 588
4 3476 458 459 457
4 3476 468 458 457
4 4360 182 4346 181
4 3447 3445 1476 1435
4 4361 823 839 822
4 4361 848 849 847
4 3579 1483 1487 1434
4 4365 4356 1366 1365
4 4361 4334 849 848
4 3611 508 510 505
4 4365 4356 4359 1368
4 4358 4349 4355 1576
4 3867 3795 3860 3783
4 574 548 549 547
4 569 544 545 539
4 3733 3467 1153 1152
4 569 565 568 539
4 574 572 573 547
4 569 568 544 539
4 3733 3467 1150 1149
4 785 574 573 571
4 572 569 570 545
4 574 564 538 536
4 1162 897 889 882
4 3611 510 508 507
4 785 573 572 571
4 572 545 547 539
4 572 569 545 539
4 572 546 547 545
4 572 570 546 545
4 3579 1434 1487 1432
4 4351 4345 821 820
4 579 578 551 550
4 574 573 548 547
4 579 551 552 550
4 574 565 572 539
4 574 539 549 538
4 574 565 539 538
4 4318 578 785 577
4 1477 1427 1425 1423
4 571 568 785 565
4 1616 1615 1608 962
4 1216 1209 1213 1193
4 1162 900 897 888
4 1382 1374 1381 1347
4 4128 3846 1370 1342
4 3509 3482 3508 3481
4 3638 1475 3433 1472
4 4312 4277 4160 4109
4 3828 3712 3771 3682
4 581 579 580 552
4 3779 3748 3713 3697
4 579 577 550 549
4 579 550 552 549
4 3675 3451 3517 3436
4 4352 765 4346 764
4 4281 4194 4214 4172
4 3579 1434 1431 912
4 3557 3143 3413 3116
4 4250 4180 4115 4076
4 583 582 555 552
4 4259 183 4203 182
4 4261 180 4259 179
4 581 553 554 552
4 581 580 553 552
4 3857 3779 3778 3748
4 4266 4220 4238 4152
4 3426 2176 2232 2175
4 3698 3658 3674 3482
4 3486 637 636 530
4 582 554 555 552
4 582 581 554 552
4 4099 4077 3489 628
4 583 555 556 552
4 3579 1462 1158 1157
4 1382 1353 1380 1352
4 615 586 613 449
4 849 846 847 530
4 3556 430 3476 429
4 3647 3523 2353 2272
4 630 583 556 552
4 3533 3213 2984 2980
4 812 610 636 530
4 3447 3445 1479 1476
4 3486 1550 1473 1365
4 4361 820 849 812
4 3907 3580 3553 3489
4 785 382 383 125
4 3542 3518 3444 3442
4 4137 4117 4086 4061
4 3573 3528 3542 3471
4 3618 3570 3470 3451
4 3688 3575 2717 2716
4 630 785 628 627
4 615 613 450 449
4 3511 3482 3510 3481
4 3555 834 276 275
4 3517 3444 3443 3439
4 630 579 583 552
4 3556 477 490 476
4 4007 3574 3927 3535
4 788 787 420 419
4 850 521 406 405
4 3560 3508 3509 3507
4 4365 4358 4363 1543
4 613 584 612 492
4 3688 2723 3575 1593
4 613 611 450 449
4 620 593 592 586
4 4238 4220 3595 3535
4 3580 787 786 785
4 850 610 530 522
4 4361 849 850 610
4 3556 470 3550 443
4 3920 3786 3819 3731
4 4255 4222 4216 4171
4 3467 1467 1463 1159
4 3445 1470 1466 1440
4 3556 472 3476 471
4 4220 4169 3637 3595
4 3895 3782 3821 3765
4 4356 1550 4332 1365
4 4356 4344 4341 4331
4 3774 3707 3673 3669
4 4251 4110 1368 1367
4 4077 3961 3952 3488
4 4214 4160 4212 4053
4 790 789 420 419
4 1150 1125 1123 1119
4 630 625 626 597
4 630 626 624 597
4 1419 1374 1395 1347
4 3432 2721 2720 1593
4 789 419 130 129
4 631 449 450 434
4 615 588 586 449
4 3556 521 342 341
4 632 574 630 549
4 3580 792 791 789
4 631 607 449 434
4 631 607 588 449
4 4362 4358 4355 4354
4 3641 2309 3562 2300
4 788 419 129 127
4 1360 1312 1309 1285
4 634 588 608 585
4 3511 3478 3510 3477
4 3486 844 839 530
4 4364 766 183 179
4 4296 4295 4289 4288
4 3793 3640 3753 3635
4 613 586 492 449
4 631 450 471 434
4 631 588 615 449
4 631 615 450 449
4 818 812 817 530
4 3541 2477 2478 2476
4 3556 400 379 378
4 4360 768 4352 767
4 3580 785 1126 397
4 625 598 599 556
4 791 790 420 419
4 3590 1485 1486 1454
4 1576 1543 1544 1473
4 613 586 584 492
4 613 612 611 492
4 3892 3580 3489 634
4 3445 1470 1441 1439
4 3580 791 790 789
4 4119 3999 4091 3959
4 630 556 601 552
4 3565 3553 3511 3478
4 4010 3955 617 614
4 3573 3542 3570 3518
4 3556 400 124 121
4 628 627 605 601
4 623 621 620 593
4 620 619 613 586
4 3545 625 785 602
4 3580 785 635 615
4 3556 338 340 119
4 4348 4345 4334 4330
4 3573 3542 3518 3471
4 3980 3845 3942 3747
4 3590 1488 1486 1485
4 4361 850 4334 610
4 3556 400 152 147
4 3828 3771 3706 3695
4 3545 583 785 582
4 4351 4345 817 812
4 785 381 382 125
4 3556 341 342 119
4 3556 521 366 343
4 617 590 587 586
4 617 587 614 586
4 620 592 619 586
4 617 614 613 586
4 4360 4352 4346 785
4 787 786 420 419
4 3525 3092 3093 919
4 4128 1519 1125 1123
4 3556 155 3512 152
4 622 591 595 588
4 618 615 616 588
4 618 589 591 588
4 618 616 589 588
4 619 592 590 586
4 619 590 617 586
4 3955 422 3744 421
4 3556 487 3476 483
4 619 617 613 586
4 622 615 618 588
4 785 383 418 125
4 4346 179 4329 178
4 3556 610 850 521
4 3525 3088 3092 919
4 3486 1549 1552 1473
4 4221 4197 4143 3978
4 3674 3577 3652 3553
4 4348 4342 4345 4330
4 620 613 615 586
4 620 588 593 586
4 620 615 588 586
4 3797 3744 3741 3699
4 3797 3741 3744 3644
4 3845 3674 3698 3652
4 623 594 621 593
4 3556 483 3476 474
4 623 595 596 588
4 3556 487 483 474
4 623 596 594 593
4 561 467 785 443
4 785 418 419 125
4 3526 3489 3482 3481
4 623 622 595 588
4 3982 3928 3914 3798
4 3486 1544 1543 1473
4 623 593 620 588
4 787 786 419 126
4 623 596 593 588
4 623 620 615 588
4 623 615 622 588
4 3512 381 785 125
4 3556 567 3550 543
4 3740 3294 3218 2845
4 787 786 785 420
4 787 420 785 397
4 624 603 601 597
4 625 602 598 556
4 4352 768 4346 767
4 624 601 603 600
4 4363 4358 4359 4349
4 628 605 606 601
4 3476 467 457 430
4 3849 3834 3837 3723
4 3730 3561 3549 3546
4 3556 521 400 366
4 4132 3887 4068 3764
4 3470 3441 3451 3440
4 630 601 624 600
4 1153 1067 1146 1064
4 839 822 823 530
4 4343 4341 4339 4331
4 3580 3560 3489 3477
4 3945 3876 3696 3660
4 3486 819 818 530
4 3512 785 381 379
4 3725 3574 3637 3535
4 3579 1431 1430 912
4 3526 3511 3510 3477
4 4293 4274 4269 4266
4 3819 3526 3530 3509
4 3579 1462 1461 1158
4 4128 1519 1128 1125
4 3486 1548 1547 1473
4 630 624 629 600
4 628 606 604 601
4 562 785 559 558
4 3618 3471 3470 3468
4 630 627 628 601
4 3486 845 844 530
4 3486 820 819 530
4 845 839 844 530
4 630 599 601 556
4 3638 3575 3445 1593
4 630 625 599 556
4 630 601 599 597
4 1126 785 421 420
4 3580 792 787 397
4 630 624 601 597
4 3486 817 812 530
4 3445 1441 1451 1439
4 3624 3449 3542 3448
4 630 583 625 556
4 630 599 625 597
4 3486 1543 1548 1473
4 786 785 419 125
4 630 579 552 549
4 630 552 601 549
4 4352 767 4346 766
4 849 812 820 530
4 630 574 579 549
4 632 628 604 601
4 4214 580 785 579
4 3471 3470 3468 3444
4 1047 1009 1040 1002
4 3745 3580 795 794
4 634 615 588 585
4 634 615 631 588
4 3946 3451 3570 1362
4 3486 1473 1368 1367
4 632 574 549 536
4 632 630 628 601
4 632 601 604 549
4 3486 1552 1545 1473
4 632 630 601 549
4 632 549 604 536
4 632 562 574 536
4 632 604 631 434
4 632 562 536 434
4 632 536 604 434
4 632 471 562 434
4 632 631 471 434
4 3476 516 512 471
4 4348 4345 4342 4334
4 789 788 787 420
4 786 785 420 419
4 633 609 607 604
4 633 607 631 604
4 1382 1354 1355 1347
4 3525 3092 3088 1454
4 4348 4336 4338 4320
4 792 791 420 419
4 849 847 848 530
4 635 615 634 585
4 634 607 608 588
4 634 631 607 588
4 789 788 419 129
4 4361 4351 821 820
4 4361 4351 4350 844
4 3558 1913 1914 521
4 3618 3443 3442 3436
4 3449 3438 3448 3437
4 3618 3443 3441 3440
4 3793 3570 1517 1516
4 3486 818 817 530
4 4189 4174 4183 4126
4 3821 3765 3723 3665
4 1363 1338 1335 1281
4 3892 3769 3744 618
4 4224 4010 4176 3886
4 4190 3922 4010 3886
4 3511 3483 3510 3482
4 744 662 661 21
4 3485 726 1768 294
4 662 74 21 20
4 679 655 678 26
4 3611 710 699 510
4 726 677 678 505
4 3485 748 749 505
4 653 455 507 454
4 654 4 2 1
4 709 704 505 452
4 691 643 656 638
4 707 652 650 2
4 3485 1762 1763 78
4 653 652 508 505
4 660 508 507 451
4 3485 220 682 218
4 3485 659 506 505
4 3485 685 686 505
4 701 693 700 510
4 747 690 687 505
4 707 12 17 7
4 679 26 29 3
4 3485 747 748 505
4 719 505 718 452
4 715 53 711 45
4 726 250 682 248
4 3485 662 661 505
4 709 505 708 452
4 711 505 706 452
4 661 658 659 505
4 700 693 656 639
4 3485 682 224 218
4 740 726 736 505
4 699 646 653 454
4 755 748 747 505
4 660 505 508 451
4 732 705 707 15
4 718 707 12 2
4 827 50 690 41
4 3485 104 103 102
4 736 38 43 15
4 732 33 38 29
4 732 721 33 29
4 693 656 692 654
4 679 650 655 3
4 732 707 650 3
4 713 505 712 452
4 656 508 654 507
4 707 17 12 2
4 3485 224 222 91
4 756 755 747 505
4 726 680 681 679
4 662 74 72 21
4 662 72 661 21
4 755 749 748 505
4 745 661 715 22
4 744 662 21 20
4 756 687 747 48
4 3485 1764 1763 726
4 666 266 265 250
4 664 270 269 250
4 664 265 270 250
4 726 683 684 505
4 666 244 89 82
4 666 266 250 244
4 726 677 655 63
4 3515 676 726 670
4 666 265 665 250
4 726 684 683 681
4 666 665 664 250
4 667 666 664 250
4 667 292 291 250
4 667 291 297 250
4 681 87 244 62
4 726 676 674 666
4 726 666 665 664
4 669 664 269 250
4 3515 726 665 664
4 668 268 667 250
4 668 667 664 250
4 669 668 664 250
4 726 679 683 505
4 726 295 300 294
4 726 678 679 505
4 669 269 268 250
4 669 268 668 250
4 671 667 297 250
4 670 244 81 80
4 726 721 720 682
4 3515 726 676 675
4 673 89 244 82
4 674 84 244 79
4 671 88 244 85
4 671 244 88 81
4 671 670 244 81
4 681 680 300 250
4 680 672 671 250
4 672 671 244 85
4 672 671 250 244
4 673 244 83 82
4 675 674 244 79
4 726 682 244 222
4 674 244 84 83
4 674 673 250 244
4 674 673 244 83
4 3515 670 726 63
4 3548 3485 104 103
4 676 671 670 250
4 726 681 683 679
4 674 666 250 89
4 674 250 673 89
4 676 244 80 79
4 676 250 670 244
4 675 674 250 244
4 676 675 244 79
4 676 675 250 244
4 726 669 668 664
4 676 674 666 250
4 3485 690 685 505
4 694 693 691 650
4 676 666 667 250
4 676 667 671 250
4 678 677 27 26
4 3746 3039 3358 3035
4 3485 244 250 222
4 687 65 60 45
4 707 15 705 14
4 3596 3358 3046 3034
4 679 655 26 3
4 678 655 677 26
4 734 733 732 505
4 732 729 731 36
4 3485 726 244 222
4 755 748 749 46
4 680 244 86 85
4 680 672 244 85
4 680 672 250 244
4 680 297 300 250
4 680 671 297 250
4 681 244 87 86
4 681 680 244 86
4 726 300 680 297
4 2353 2309 2347 2306
4 681 680 250 244
4 682 250 300 248
4 682 681 300 250
4 682 222 223 62
4 726 681 680 300
4 3661 1864 401 307
4 682 681 250 244
4 682 244 222 62
4 682 681 244 62
4 687 57 65 56
4 726 650 655 505
4 732 729 36 35
4 721 32 33 30
4 736 705 732 15
4 3467 1500 1417 1415
4 731 729 726 682
4 721 683 679 505
4 728 722 721 505
4 721 30 33 29
4 721 683 720 30
4 720 683 684 30
4 721 679 683 29
4 721 683 30 29
4 3485 746 745 505
4 756 687 715 505
4 827 685 690 505
4 827 685 686 41
4 827 690 747 505
4 688 70 71 65
4 739 687 688 505
4 747 51 690 50
4 690 687 688 65
4 690 689 73 71
4 689 75 73 71
4 690 688 689 71
4 3659 2151 2150 2144
4 690 65 73 51
4 690 71 73 65
4 690 688 71 65
4 690 51 73 50
4 690 50 73 41
4 827 747 690 50
4 710 654 650 507
4 710 654 699 650
4 692 510 691 504
4 3611 710 510 507
4 693 510 692 504
4 710 650 508 507
4 726 680 672 671
4 693 654 692 650
4 693 691 692 510
4 692 691 656 638
4 703 697 702 510
4 3585 2187 1976 1975
4 693 692 691 650
4 693 656 639 638
4 693 692 656 638
4 723 650 654 641
4 727 726 650 59
4 726 223 682 222
4 726 722 721 682
4 696 694 654 642
4 726 721 722 505
4 694 654 642 641
4 696 691 510 504
4 696 691 694 510
4 696 654 695 642
4 696 654 691 643
4 696 695 654 643
4 696 691 654 650
4 696 654 694 650
4 696 694 691 650
4 703 649 652 644
4 710 510 508 505
4 699 652 646 645
4 700 656 640 639
4 699 654 698 650
4 3492 698 697 510
4 710 652 699 651
4 699 698 652 645
4 698 654 697 650
4 698 652 645 644
4 698 697 652 644
4 710 651 656 507
4 698 652 697 651
4 710 656 699 654
4 698 656 697 654
4 699 652 653 646
4 698 697 656 651
4 710 699 653 454
4 710 652 651 507
4 699 656 698 654
4 710 508 510 507
4 710 699 656 651
4 699 652 698 651
4 710 653 699 652
4 699 698 656 651
4 700 656 651 640
4 700 656 693 654
4 700 654 693 650
4 701 700 693 650
4 3492 702 701 510
4 3492 703 702 510
4 701 700 656 651
4 702 651 648 647
4 701 654 700 650
4 701 651 647 640
4 701 700 651 640
4 701 656 700 654
4 702 701 651 647
4 703 652 697 644
4 702 701 656 651
4 703 651 649 648
4 702 656 701 654
4 703 702 651 648
4 702 654 701 650
4 702 701 697 650
4 703 651 652 649
4 703 697 652 651
4 703 656 697 651
4 703 702 656 651
4 703 697 656 654
4 703 656 702 654
4 703 697 654 650
4 703 654 702 650
4 703 702 697 650
4 712 505 711 452
4 705 505 704 452
4 707 3 17 2
4 732 707 17 15
4 711 53 19 15
4 715 60 54 53
4 715 658 657 60
4 736 42 43 38
4 707 650 3 2
4 732 38 17 3
4 732 17 38 15
4 732 679 29 3
4 732 29 38 3
4 708 18 17 13
4 708 17 707 13
4 709 704 707 505
4 709 707 708 505
4 709 707 704 13
4 709 708 707 13
4 710 508 650 505
4 723 693 710 510
4 710 697 698 510
4 710 698 699 510
4 723 710 693 650
4 710 698 697 650
4 710 699 698 650
4 710 693 701 510
4 710 701 697 510
4 710 697 701 650
4 710 701 693 650
4 741 711 687 505
4 711 45 53 15
4 715 60 53 45
4 715 687 711 505
4 716 657 715 505
4 715 60 55 54
4 715 661 658 60
4 715 505 714 452
4 715 60 58 55
4 715 714 713 55
4 715 60 687 48
4 756 48 25 22
4 715 687 60 45
4 715 711 687 45
4 715 60 48 22
4 747 687 690 51
4 715 661 60 22
4 716 657 61 60
4 716 715 657 60
4 717 11 10 9
4 717 10 660 9
4 718 12 9 2
4 718 9 653 2
4 718 12 11 9
4 718 11 717 9
4 725 505 724 452
4 724 505 719 452
4 730 707 505 452
4 721 720 32 30
4 720 31 32 30
4 720 684 31 30
4 732 731 37 36
4 736 726 735 505
4 737 687 726 505
4 736 735 726 682
4 732 726 731 505
4 736 732 735 38
4 728 721 722 33
4 3515 726 675 674
4 3485 218 224 91
4 3485 682 726 223
4 729 728 726 682
4 3694 3041 3358 3040
4 3485 220 218 90
4 724 718 707 7
4 724 707 718 505
4 724 718 719 505
4 724 718 7 6
4 724 719 718 6
4 725 707 8 7
4 725 724 707 7
4 3485 224 682 223
4 727 510 726 504
4 727 723 650 505
4 727 650 726 505
4 727 510 723 505
4 727 726 510 505
4 733 726 732 505
4 728 34 35 33
4 728 722 34 33
4 734 726 733 505
4 732 728 721 505
4 734 733 726 682
4 732 707 705 505
4 730 707 16 8
4 730 725 707 8
4 3594 3416 3358 3045
4 732 721 679 505
4 732 728 729 35
4 732 35 38 33
4 732 728 35 33
4 732 650 707 505
4 732 679 650 505
4 732 721 728 33
4 732 17 707 3
4 735 726 734 505
4 735 734 732 505
4 736 735 732 505
4 742 741 726 682
4 743 726 737 682
4 736 732 38 15
4 736 735 42 38
4 734 732 733 38
4 734 39 40 38
4 734 733 39 38
4 3594 3043 3358 3042
4 735 732 734 38
4 735 40 42 38
4 735 734 40 38
4 741 705 711 505
4 3594 3044 3358 3043
4 741 740 726 682
4 742 726 741 505
4 1422 1500 1416 1414
4 737 64 687 57
4 3746 3035 3358 3034
4 3485 726 687 505
4 3596 3358 3575 3046
4 739 70 688 65
4 739 738 687 505
4 739 688 687 65
4 739 687 738 65
4 739 69 70 65
4 739 738 69 65
4 742 741 687 505
4 743 737 726 505
4 741 740 736 505
4 3516 682 218 62
4 741 736 705 505
4 741 44 45 43
4 741 740 44 43
4 741 711 705 15
4 741 705 736 15
4 741 45 711 15
4 741 736 740 43
4 741 43 45 15
4 741 736 43 15
4 743 742 726 682
4 2154 2151 3659 2144
4 3594 3045 3358 3044
4 743 726 742 505
4 742 56 687 45
4 742 687 741 45
4 743 687 737 505
4 743 742 687 505
4 743 737 687 57
4 743 57 687 56
4 743 687 742 56
4 745 661 22 21
4 745 744 661 21
4 3485 250 248 102
4 3485 295 294 247
4 3485 1763 1762 726
4 3485 1762 1768 726
4 755 747 748 47
4 756 747 687 505
4 3485 749 755 505
4 3485 294 1762 78
4 754 753 746 23
4 748 47 52 46
4 748 51 52 47
4 748 747 51 47
4 3548 3485 105 104
4 3548 3485 103 102
4 755 47 748 46
4 756 745 754 505
4 4289 4285 1498 1306
4 3585 3500 2187 1791
4 828 826 825 159
4 834 773 774 192
4 811 810 174 167
4 834 771 301 299
4 3490 828 825 824
4 830 829 828 161
4 799 798 797 461
4 756 715 745 505
4 3485 755 756 505
4 3485 222 250 102
4 754 745 746 505
4 756 48 747 47
4 756 747 755 47
4 754 746 745 22
4 754 25 23 22
4 754 23 746 22
4 754 25 24 23
4 754 24 753 23
4 756 715 48 22
4 756 754 745 22
4 756 745 715 22
4 756 25 754 22
4 756 715 687 48
4 3589 267 770 141
4 833 770 164 163
4 828 161 160 159
4 834 776 775 774
4 1766 726 1765 294
4 3571 3423 2301 2300
4 1098 1091 1096 1090
4 3533 2984 3408 2980
4 4018 3953 3725 3637
4 3510 3483 3509 3482
4 812 636 637 530
4 3899 3874 3786 3763
4 3961 3952 3487 3484
4 802 752 800 461
4 797 461 770 161
4 802 758 752 461
4 828 770 797 506
4 834 780 779 776
4 3820 3549 3546 3544
4 3674 3658 3484 3483
4 3545 602 785 583
4 3757 3754 3739 3717
4 3793 3570 1523 1522
4 1360 1359 1358 1333
4 4010 3975 3957 3923
4 3510 3482 3509 3481
4 3553 3480 3511 3479
4 3638 3614 1475 1472
4 3533 3218 3213 2884
4 3533 3303 3299 3213
4 1572 1569 1253 1224
4 1579 1368 1473 1365
4 3556 785 567 543
4 3428 2182 2187 2181
4 3910 3856 3865 3850
4 3533 3213 2980 2884
4 1605 1601 960 865
4 3508 3483 3507 3482
4 3605 3518 3542 3438
4 3836 3544 3546 3441
4 3467 1151 1146 1135
4 4214 582 785 581
4 3554 3243 3244 3242
4 3745 792 3506 791
4 3830 3807 3800 3779
4 3793 1500 1361 1360
4 4018 3999 3953 3940
4 3508 3479 3507 3478
4 3542 3444 3450 3438
4 3860 3783 3482 3481
4 3925 3860 3783 3482
4 3791 3666 3751 3545
4 3518 3471 3444 3440
4 4156 3998 3713 3680
4 3508 3487 3507 3484
4 3791 3709 3708 3666
4 3744 3556 621 620
4 4114 3616 4112 3531
4 3740 3638 3608 3433
4 3744 623 785 622
4 3580 632 785 628
4 3507 3484 3488 3480
4 3580 793 792 392
4 3745 794 3506 793
4 3875 3570 3635 3528
4 3580 792 397 392
4 3533 3302 3303 3214
4 3760 3723 3671 3665
4 3580 3511 3560 3510
4 3842 3812 3751 3677
4 3576 3526 3483 3482
4 805 804 803 172
4 840 811 171 168
4 776 775 774 258
4 3661 3585 3490 523
4 2216 2187 510 504
4 3585 525 3490 524
4 771 246 185 112
4 771 770 246 112
4 771 301 299 258
4 771 770 301 258
4 782 258 273 246
4 3589 770 267 231
4 772 771 299 258
4 772 246 186 185
4 772 771 246 185
4 773 246 187 186
4 773 772 246 186
4 774 773 772 258
4 780 246 194 191
4 782 781 258 246
4 774 246 188 187
4 774 773 246 187
4 780 779 246 191
4 3589 1775 1776 100
4 800 751 799 461
4 775 774 258 246
4 775 246 189 188
4 775 774 246 188
4 3504 835 208 197
4 780 779 776 258
4 776 246 190 189
4 776 775 246 189
4 843 842 835 211
4 784 315 314 311
4 842 314 777 211
4 811 784 810 168
4 777 211 316 117
4 843 778 314 211
4 778 311 314 211
4 3513 784 380 200
4 783 778 316 198
4 784 314 783 311
4 783 316 778 314
4 843 835 778 211
4 779 776 258 246
4 780 779 258 246
4 779 246 191 190
4 779 776 246 190
4 782 781 780 258
4 3491 3490 799 798
4 780 774 772 258
4 828 825 824 159
4 782 275 273 258
4 780 772 299 258
4 781 780 246 194
4 782 781 246 142
4 781 780 258 246
4 797 461 456 453
4 835 403 398 307
4 782 277 275 258
4 3585 2187 1794 1793
4 782 299 277 258
4 782 780 299 258
4 784 316 317 200
4 834 771 770 301
4 784 316 783 314
4 784 317 312 200
4 835 354 355 307
4 784 289 380 200
4 835 310 315 309
4 784 312 289 200
4 835 778 783 193
4 845 821 822 530
4 790 419 131 130
4 790 789 419 130
4 791 790 789 420
4 4128 1500 1373 1372
4 791 419 153 131
4 791 790 419 131
4 793 419 156 154
4 792 419 154 153
4 792 791 419 153
4 792 420 397 392
4 792 420 787 397
4 820 818 819 530
4 3577 3553 3565 3478
4 792 789 787 420
4 792 791 789 420
4 793 792 419 154
4 793 792 420 419
4 3555 834 277 276
4 793 420 792 392
4 794 793 420 419
4 795 420 392 391
4 794 419 157 156
4 794 793 419 156
4 3836 3820 3561 3546
4 795 419 158 157
4 795 794 419 157
4 796 419 384 158
4 795 794 420 419
4 795 420 793 392
4 795 794 793 420
4 796 795 419 158
4 796 419 420 384
4 796 420 391 384
4 796 420 795 391
4 796 795 420 419
4 828 824 797 161
4 3585 1890 1888 1867
4 3505 782 834 273
4 3491 816 3490 811
4 811 810 784 457
4 811 810 463 462
4 3491 811 3490 514
4 799 751 750 461
4 799 750 798 461
4 3476 316 835 314
4 824 762 461 161
4 3491 3490 797 513
4 3491 3490 825 824
4 3589 262 834 261
4 824 807 802 758
4 824 762 161 159
4 3661 3558 523 522
4 824 761 807 758
4 3638 3575 1474 1447
4 830 163 162 161
4 824 762 761 758
4 811 515 514 462
4 3491 3490 802 801
4 802 758 757 752
4 802 801 800 752
4 838 803 808 167
4 3810 2081 2446 2031
4 3490 838 811 805
4 3490 841 840 838
4 3491 3490 804 803
4 835 284 311 196
4 3490 811 814 805
4 835 314 784 310
4 808 803 172 167
4 807 761 760 758
4 834 780 772 299
4 808 172 175 167
4 807 760 806 758
4 807 806 802 758
4 3491 3490 806 802
4 3585 1768 1766 1765
4 809 175 808 172
4 3661 519 521 512
4 3555 3505 834 273
4 835 208 197 196
4 828 160 826 159
4 834 780 774 772
4 3585 1893 1899 1867
4 3490 816 814 811
4 3491 809 3490 803
4 3585 3500 1786 1785
4 1883 370 414 368
4 811 174 805 167
4 811 784 511 457
4 811 810 171 168
4 3491 3490 824 807
4 811 171 810 167
4 840 171 811 167
4 3476 355 356 307
4 4174 3828 3771 3733
4 4128 3570 3622 1129
4 3580 3560 3511 3489
4 3509 3480 3508 3479
4 3776 3770 3768 3761
4 816 814 811 810
4 3192 1485 3165 1484
4 814 811 810 174
4 814 810 813 174
4 3704 2366 2075 2074
4 3491 3490 814 805
4 3585 1775 1776 834
4 3585 1765 1769 1763
4 3585 2187 726 510
4 3491 3490 798 797
4 816 813 814 810
4 816 815 813 810
4 3490 515 811 511
4 3662 1984 2232 1936
4 3585 1893 1867 1757
4 3486 1473 1576 530
4 3493 564 785 562
4 3637 3587 3595 3535
4 3618 3437 3517 3436
4 3911 3832 3878 3697
4 4272 4248 4265 4218
4 3510 3479 3509 3478
4 3970 3965 3696 3660
4 3432 1593 2720 1206
4 1382 1355 1353 1352
4 3663 3558 1887 1882
4 630 785 583 579
4 4207 4158 4073 4035
4 4285 4262 4272 4245
4 3585 1780 1779 1777
4 3566 3432 955 954
4 4128 3570 1370 1369
4 3922 3904 3891 3879
4 3556 405 424 404
4 850 610 522 521
4 3844 3744 3650 3644
4 1363 1337 1362 1335
4 3911 3753 3832 3436
4 1579 1473 1545 1365
4 4365 4363 4359 4356
4 3947 3723 3894 3671
4 1157 858 1156 852
4 1579 1575 1576 1473
4 1360 1285 1309 1281
4 4112 4093 3616 3600
4 1312 1287 1286 1285
4 4285 4274 4239 1496
4 3793 3570 1525 1518
4 845 822 839 530
4 3470 3451 3444 3440
4 3525 3093 3094 919
4 1152 1098 1143 1096
4 3640 3618 3470 3441
4 850 407 424 406
4 849 845 846 530
4 4174 4128 1378 1376
4 3605 3583 3570 3518
4 4099 3783 3576 3489
4 3573 3528 3471 3468
4 632 785 630 574
4 3556 404 418 400
4 3771 3733 1379 1378
4 3674 3658 3483 3482
4 4033 3760 3915 3583
4 3744 1126 3580 785
4 849 820 845 530
4 3741 3727 3644 3634
4 4285 4274 4272 4248
4 3884 3806 3845 3742
4 4259 179 4203 178
4 834 303 770 261
4 3589 1777 834 296
4 834 771 772 192
4 835 211 208 196
4 834 299 287 277
4 3661 3496 1894 1878
4 834 296 303 264
4 3476 483 487 330
4 830 770 163 161
4 3589 1776 1777 296
4 840 171 167 165
4 3589 3514 3527 135
4 834 770 303 301
4 841 838 837 165
4 3491 3490 826 825
4 3585 1975 1976 1798
4 834 770 771 192
4 834 782 275 273
4 3585 2187 1793 1792
4 3490 522 493 479
4 827 690 685 41
4 827 49 50 41
4 827 686 49 41
4 3585 1773 3490 1771
4 835 783 784 193
4 3810 2529 2275 2031
4 834 780 776 774
4 3714 834 299 287
4 834 774 775 192
4 834 774 773 772
4 3504 835 197 196
4 3569 835 3504 286
4 840 171 170 169
4 840 831 836 168
4 835 308 315 307
4 833 770 830 506
4 835 783 778 311
4 3505 834 780 779
4 3661 522 835 512
4 3476 352 380 289
4 3476 399 330 114
4 3476 517 518 329
4 3476 377 380 352
4 3476 377 352 202
4 4365 4359 4363 4357
4 4364 767 4360 766
4 4365 4357 1580 1579
4 4364 764 763 759
4 4364 763 4360 759
4 3490 824 802 797
4 838 166 837 165
4 838 805 803 167
4 840 170 832 169
4 840 167 838 165
4 840 811 838 167
4 838 811 805 167
4 3491 3490 805 804
4 3585 3500 1787 1786
4 840 832 831 169
4 841 840 838 165
4 3585 1765 1763 1762
4 840 836 811 168
4 3971 3924 3930 3918
4 4329 4321 4246 4212
4 3626 3433 3564 3065
4 3955 3823 3893 3816
4 1324 1296 1293 1281
4 3793 3721 3753 3640
4 3556 490 340 338
4 3542 3518 3471 3444
4 3553 3481 3511 3480
4 3763 3580 788 787
4 3661 3496 1874 1873
4 840 171 169 168
4 840 169 831 168
4 3661 516 517 483
4 3490 838 840 811
4 3490 840 841 826
4 3661 1895 1896 521
4 842 316 777 314
4 843 314 842 211
4 842 316 118 117
4 842 777 316 117
4 843 201 316 198
4 843 316 778 198
4 843 316 201 118
4 843 842 316 118
4 843 778 316 314
4 843 316 842 314
4 3907 3553 3892 3489
4 845 820 821 530
4 3862 3580 3602 3553
4 3899 3763 3786 3731
4 3445 1702 1485 1454
4 3580 618 785 616
4 3556 3476 326 114
4 3675 3517 3620 3439
4 3576 3489 3487 3484
4 3556 611 521 450
4 4364 184 4360 183
4 3556 521 850 400
4 3580 397 395 394
4 4263 4246 4214 4194
4 3875 3618 3570 3528
4 3624 3605 3570 3542
4 3556 400 382 381
4 4149 4095 3713 3697
4 3556 611 612 521
4 4128 3733 1140 1139
4 3961 3952 3488 3487
4 3556 487 474 447
4 4168 4001 4024 3973
4 3507 3487 3488 3484
4 3932 3861 3874 3854
4 3955 3556 617 614
4 3556 475 519 447
4 4065 4062 4055 3995
4 3845 3742 3764 3739
4 3674 3553 3652 3481
4 3580 394 393 392
4 3902 3895 3883 3821
4 3628 3624 3583 3570
4 3828 3733 3780 3729
4 4033 3915 3820 3762
4 1159 1080 1154 1069
4 1150 1122 1128 1121
4 1702 1700 1272 1057
4 3606 3579 885 863
4 1154 858 1145 852
4 1148 858 1147 857
4 1148 1146 1098 1092
4 3765 3730 3665 3549
4 1379 1352 1351 1345
4 4358 4355 4354 4343
4 2522 2494 2501 2493
4 3638 1461 1487 1459
4 1159 1154 1145 1069
4 1562 1559 1558 1503
4 622 785 618 615
4 3447 1568 3445 1563
4 3526 3489 3484 3483
4 1112 1110 1089 1088
4 1462 1458 1457 1456
4 1381 1350 1354 1347
4 3988 3793 1500 1499
4 1586 1533 1532 1253
4 3432 2993 2721 1593
4 1576 1547 1543 1473
4 1356 1331 1313 1287
4 3467 1148 1467 1144
4 1610 968 1609 966
4 1608 1602 1603 1454
4 1593 1208 1534 1206
4 1329 1325 1328 1298
4 1609 1478 1423 1400
4 3674 3487 3553 3484
4 4365 1579 1576 1545
4 3572 1422 3467 1416
4 1608 1603 1604 1454
4 1690 1019 1015 1014
4 3445 1577 1566 1565
4 1617 1454 1616 1400
4 2716 2632 2631 2578
4 1147 857 861 851
4 3579 1251 1250 1162
4 1369 1340 1339 1338
4 3806 3797 3757 3739
4 1382 1355 1352 1345
4 4010 3923 3957 3913
4 3663 3558 409 408
4 3525 903 898 872
4 3917 3894 3865 3856
4 3984 630 785 629
4 1477 1427 1426 1425
4 1161 1089 909 853
4 1145 858 1144 852
4 1382 1372 1374 1345
4 2721 1206 2720 1205
4 1628 983 984 960
4 3788 3640 3620 3618
4 3733 3467 1382 1380
4 3489 3488 3484 3480
4 2627 1464 2626 1455
4 3525 1601 1454 929
4 1621 1454 1620 1400
4 3579 1461 1464 1085
4 1360 1332 1357 1331
4 4128 3653 3570 1369
4 3579 1227 1250 915
4 1382 1352 1379 1345
4 3467 1156 1157 858
4 1377 1374 1375 1347
4 1360 1335 1285 1281
4 3753 3517 3443 3442
4 3793 1526 3472 1525
4 1593 1220 1534 1204
4 1379 1351 1378 1345
4 4287 4256 4251 4249
4 4010 3955 3769 620
4 1621 969 974 964
4 1110 909 1089 853
4 3663 424 850 407
4 4137 4068 4061 3976
4 4356 4344 4347 4341
4 3542 3442 3444 3438
4 3975 3871 3893 3811
4 903 902 896 892
4 1089 1082 1088 1078
4 1264 1245 1263 1242
4 3445 1562 1559 1558
4 3765 3671 3723 3665
4 1525 1524 1150 1128
4 1634 1478 1590 1423
4 3558 850 522 521
4 1578 1152 1102 1096
4 4355 4349 4353 4347
4 1592 1168 1260 1167
4 3556 785 472 471
4 1321 1317 1318 1291
4 3579 1250 1592 915
4 3745 785 3545 625
4 4356 4347 4353 4341
4 3788 3743 3721 3640
4 1592 1506 1584 915
4 4128 3733 1141 1140
4 4044 3793 3832 3753
4 1360 1335 1287 1285
4 1089 1088 1086 1084
4 4364 4352 4360 785
4 1369 1363 1319 1294
4 3793 1527 3570 1522
4 3814 3616 3759 3531
4 1146 1075 1139 1074
4 1152 1100 1143 1099
4 3445 1562 1480 1435
4 1690 1682 1684 1454
4 1592 1585 1569 936
4 1465 1456 1459 1437
4 3702 3675 3640 3620
4 1631 1218 1624 1216
4 1157 909 858 852
4 3509 3487 3508 3484
4 4365 4357 4358 1546
4 3579 1251 1592 1250
4 3473 1142 1138 915
4 3590 3446 1663 1485
4 1162 863 862 855
4 3508 3488 3507 3487
4 898 875 873 869
4 898 873 876 869
4 898 876 872 869
4 1702 1700 1681 1680
4 1485 1444 1451 1442
4 903 901 899 892
4 1253 1196 1252 1163
4 3946 3570 3820 1369
4 903 896 901 892
4 3525 1262 1702 1258
4 903 892 899 875
4 3683 3032 2990 2988
4 903 902 892 875
4 1638 1637 1636 1454
4 903 898 872 869
4 903 899 898 875
4 903 875 898 869
4 903 902 875 869
4 3858 3765 3665 3549
4 1382 1379 1372 1345
4 3558 521 1881 414
4 3489 3488 3478 3477
4 4159 3898 3840 3574
4 3618 3570 3528 3468
4 3569 835 285 284
4 3759 3708 3677 3666
4 3654 3522 3580 393
4 1147 887 935 880
4 2627 1112 1089 1088
4 3467 1146 1147 1135
4 3467 1147 1140 1139
4 4356 4354 4355 4353
4 3925 3783 3483 3482
4 3473 1226 1142 915
4 3620 3517 3440 3439
4 1162 856 863 855
4 1395 1347 1374 1345
4 3565 3478 3511 3477
4 3510 3487 3509 3484
4 4044 3911 3953 3753
4 3570 1370 1500 1342
4 1150 1128 1122 1117
4 1126 397 420 396
4 1160 1082 1081 1069
4 3979 3837 3668 3653
4 1150 1127 1149 1121
4 1150 1149 1146 1065
4 4128 1125 3570 1123
4 1150 1128 1127 1121
4 3467 1467 1159 1154
4 1659 1596 1600 1425
4 1126 423 1120 422
4 1702 1269 1276 1268
4 571 569 785 568
4 1160 1078 1157 1077
4 1578 850 849 530
4 1251 915 1250 859
4 1252 941 942 939
4 1250 1163 1173 1162
4 1253 1252 937 936
4 1170 1142 1162 1131
4 1162 862 1112 855
4 1158 1085 909 853
4 1161 909 1087 853
4 1162 893 900 888
4 3575 3452 2739 2738
4 1164 1108 1163 1105
4 1592 1483 1167 1166
4 1253 1252 936 916
4 3579 1089 1110 909
4 1269 1221 1268 1219
4 1579 849 848 530
4 3447 3445 1566 1565
4 3720 2655 3688 2630
4 3445 1657 1656 1655
4 954 895 891 890
4 1485 1444 1447 1443
4 956 955 954 890
4 1592 1166 1260 1165
4 1483 1438 1450 1436
4 954 891 895 868
4 956 891 868 867
4 956 922 952 867
4 3466 1634 3432 1231
4 3733 1152 1153 1127
4 956 868 922 867
4 956 891 954 868
4 956 954 922 868
4 3467 1147 884 883
4 3570 1362 3451 1361
4 1608 1602 962 957
4 1152 1143 1102 1096
4 3553 3483 3511 3482
4 1690 1616 1608 962
4 3461 3460 2607 2560
4 4241 4227 4126 4085
4 1250 1172 1227 1162
4 3465 1700 1240 1239
4 3489 3484 3483 3482
4 2233 1976 2187 1975
4 1548 1543 1547 1473
4 3445 1567 1564 1563
4 1167 1114 1111 1109
4 3358 3080 3085 3057
4 1621 966 1613 962
4 1089 1088 1082 1069
4 1253 1252 942 940
4 1085 1083 1079 1078
4 1152 1143 1146 1067
4 3525 919 1269 872
4 1613 1608 1604 1454
4 1666 1663 1665 1485
4 4128 3733 1139 1135
4 1151 1146 1073 1066
4 3579 3467 1433 1417
4 1593 1534 1208 1204
4 3793 3472 3538 1521
4 1702 1693 1694 1454
4 4358 4357 4349 1576
4 3467 1500 1141 1136
4 1089 1088 1083 1078
4 1533 1253 1254 1175
4 1609 968 967 966
4 3579 1112 1162 909
4 3705 922 3432 918
4 1592 1252 1253 915
4 1162 1138 900 893
4 3946 3762 3820 3549
4 1487 1161 1455 1089
4 4044 3959 4012 3900
4 3445 1589 1590 1577
4 3432 3087 3088 918
4 1673 1670 1671 1485
4 3525 3088 3445 1454
4 1690 1688 1689 1454
4 1586 1533 1253 915
4 4365 1576 4357 1546
4 3579 1424 3467 1422
4 4227 4116 4126 4085
4 1462 1158 1459 1085
4 1461 1456 1457 1449
4 1624 1218 950 945
4 3445 1483 1450 1436
4 3674 3482 3553 3481
4 1682 1654 1660 1454
4 3579 1259 1592 1255
4 1661 1454 1660 1400
4 3467 1144 1145 858
4 3994 3990 3879 3877
4 4073 4004 4000 3947
4 3525 1602 1608 1454
4 1424 1397 1398 1388
4 3510 3484 3509 3483
4 1613 1604 1608 958
4 3525 1264 1262 1240
4 1690 1689 1486 1454
4 1691 1690 1666 1665
4 1681 1679 1648 1454
4 3591 3525 898 876
4 1644 1639 1641 992
4 1694 1044 1019 962
4 3525 1607 1628 1454
4 1682 1654 1649 975
4 3575 3445 1702 1485
4 3411 3154 3165 3152
4 1694 1044 1022 1019
4 3086 918 2994 864
4 2720 2662 2661 2660
4 3570 3542 3528 3468
4 2728 1702 2725 1269
4 3002 2942 2944 2935
4 3525 1630 1454 1043
4 3638 3453 3629 1260
4 2799 2794 2774 2768
4 3099 1222 1269 866
4 2739 2658 2605 2578
4 3575 2744 3090 2739
4 2994 918 2993 864
4 3106 2724 1702 1269
4 4028 1913 3977 1912
4 3467 1434 1500 1431
4 1264 1211 1262 1191
4 1702 1700 1678 1677
4 3558 1880 3494 1876
4 1147 1137 1072 880
4 3525 1266 1702 1264
4 2626 1483 1487 1169
4 3495 1910 3494 1909
4 2237 2235 2236 1935
4 1592 1251 1252 915
4 1702 1270 1247 1245
4 1616 1608 1615 1454
4 1702 1700 1645 1644
4 1264 1058 1245 1057
4 1326 1500 1323 1280
4 1252 939 940 932
4 1644 1641 1639 1454
4 1592 1569 1531 1530
4 1694 1000 1044 984
4 3490 800 799 797
4 3579 909 1162 862
4 3525 1269 1267 1264
4 4363 4362 4356 4344
4 1621 1618 1620 1454
4 1089 1084 1087 1083
4 3638 3453 2619 2618
4 1169 1168 1167 1114
4 1620 965 1619 964
4 3525 3094 3098 919
4 1483 1438 1467 1437
4 1688 1684 1488 1486
4 3241 2881 2880 2879
4 4362 4358 4354 1548
4 3590 1489 1488 1485
4 3579 1110 1112 909
4 1467 1148 1146 1098
4 1467 1169 1463 1168
4 1608 1603 1602 957
4 1690 1684 1682 1011
4 4364 4318 4352 4259
4 1623 1218 1622 1216
4 2629 2575 2628 2574
4 1047 1040 1009 1003
4 1645 1644 1628 1454
4 1684 1682 1683 1454
4 1684 1486 1454 1400
4 1467 1102 1101 1098
4 3525 903 901 899
4 1699 1697 1696 1005
4 3525 1608 1606 1454
4 1608 962 961 960
4 3464 1702 1247 1245
4 3445 1562 1558 1556
4 1424 1422 1397 1388
4 1694 1019 1690 962
4 1688 1489 1488 1017
4 1691 1671 1670 1029
4 1614 1609 1478 1423
4 1666 1489 1663 1485
4 3525 3088 919 918
4 1700 1258 1262 1046
4 1616 971 970 962
4 1489 1486 1485 1454
4 1654 1652 1653 1454
4 3525 1267 1266 1264
4 1483 1450 1438 1437
4 1691 1690 1669 1668
4 1694 1047 1687 1040
4 1702 1057 1693 1049
4 1621 1610 1613 966
4 1240 1191 1190 902
4 1673 1671 1672 1485
4 1670 1668 1669 1485
4 1702 1270 1249 1247
4 1462 1457 1461 1456
4 1628 962 1608 960
4 1462 1461 1158 1085
4 1628 984 962 960
4 3581 3467 884 883
4 1702 1700 1647 1646
4 1694 1648 1647 1454
4 3465 1240 1700 1046
4 1636 1630 987 984
4 1684 1488 1486 1017
4 1674 1485 1673 1484
4 1652 1650 1651 1454
4 1694 1687 1692 1038
4 1480 925 923 912
4 3579 1138 3473 900
4 1702 1267 1276 1266
4 1684 1486 1428 1017
4 3525 1267 1702 1266
4 1696 1673 1672 1031
4 1485 1448 1475 1442
4 1691 1690 1489 1488
4 1537 1536 1216 1177
4 1702 1697 1698 1675
4 3525 1268 1702 1267
4 1682 1010 1661 982
4 3744 382 785 381
4 1675 1674 1485 1454
4 3525 1264 1240 903
4 1605 929 1601 865
4 1684 1014 1012 1011
4 3464 1702 1063 1062
4 1628 1601 983 960
4 3525 3098 3094 1702
4 1697 1675 1696 1034
4 3525 1264 903 872
4 1689 1688 1662 1489
4 1162 882 889 879
4 1628 1601 1608 1454
4 1485 1451 1448 1442
4 1697 1670 1674 1454
4 1269 1268 1267 1219
4 1610 969 968 966
4 3525 1454 1629 1043
4 3447 3445 1559 1558
4 3458 2625 3453 2624
4 2750 2745 2749 2690
4 1043 985 986 984
4 3454 2739 3452 2738
4 1613 966 959 958
4 1702 1643 1644 1454
4 3525 1642 1702 1641
4 1685 1004 1047 1003
4 1702 1675 1485 1454
4 1687 1454 1686 1047
4 3687 919 3525 872
4 1611 1454 1610 1400
4 3525 1630 1635 1454
4 3525 1240 1700 1239
4 3591 3525 901 899
4 1047 1004 1040 1003
4 1684 1454 1683 1400
4 1608 958 1604 957
4 3525 1702 1700 1258
4 3688 3575 2718 2717
4 1702 1700 1677 1676
4 3525 1628 1629 1454
4 1702 1063 1060 1059
4 1618 1610 964 963
4 1682 1011 982 981
4 1649 1454 1617 1400
4 1696 1033 1674 1032
4 3579 1433 1464 1417
4 1464 1452 1455 1449
4 1675 1485 1674 1484
4 1702 1485 1698 1484
4 1702 1678 1685 1454
4 3525 1269 1702 1268
4 1682 1649 1654 1454
4 1240 1239 903 902
4 3585 1784 1759 726
4 1264 1263 1059 1058
4 1533 1532 1253 1175
4 1263 1060 1059 1052
4 1697 1674 1675 1454
4 3464 1701 1702 1243
4 1264 903 872 869
4 1264 1248 1247 1244
4 1487 1483 1459 1449
4 1264 1215 902 869
4 3447 3445 1568 1567
4 1581 1580 847 530
4 1263 1059 1058 1051
4 2610 2560 2608 2554
4 1155 1146 1149 1064
4 3579 1253 1592 1252
4 1624 1622 1623 1593
4 1157 853 909 852
4 1112 855 862 853
4 1112 909 1110 853
4 1162 879 885 856
4 1253 1252 940 938
4 1159 858 1154 852
4 1372 1345 1342 1341
4 1148 1069 1145 1068
4 3461 2614 3460 2613
4 1147 1139 1146 1075
4 1459 1456 1450 1437
4 3445 1577 1565 1562
4 1578 1467 1468 1368
4 1487 1455 1110 1089
4 1101 1095 1092 1090
4 1147 1076 1140 1075
4 1148 1098 1145 1069
4 1523 1151 931 860
4 1152 1102 1143 1101
4 1362 1361 1360 1335
4 1101 1092 1098 1090
4 1101 1092 1095 1069
4 1592 1585 1574 1572
4 1162 1131 1138 893
4 1101 1098 1092 1069
4 1112 1105 1104 1088
4 1251 1174 1173 1163
4 1112 1104 1110 1088
4 1102 1098 1096 1090
4 1102 1101 1098 1090
4 1576 1473 1575 530
4 1162 1142 1138 1131
4 1252 937 936 871
4 1112 862 909 853
4 1465 1460 1456 1437
4 3445 1469 1471 1439
4 1147 1140 1139 1075
4 1147 1136 1141 1070
4 1147 884 878 854
4 1167 1113 1166 1111
4 1167 1111 1165 1109
4 2633 2612 2616 2561
4 2206 1982 1981 1980
4 3525 3445 3432 1454
4 1251 1163 1250 1162
4 3579 1260 1592 1259
4 2635 2634 2633 1467
4 1227 1172 1171 1162
4 2739 2735 2631 2578
4 3092 3087 2735 2666
4 3432 954 1216 922
4 1164 1163 1112 1105
4 1260 1169 1201 1168
4 3093 919 3092 866
4 3092 919 3088 866
4 1162 885 863 856
4 1162 889 885 879
4 3566 956 3432 952
4 1376 1349 1346 1345
4 3525 3099 1269 919
4 2716 2663 2579 2578
4 3663 3494 3558 3463
4 3575 3105 2735 2730
4 3974 3895 3856 3846
4 3458 3453 2628 2627
4 3106 1269 3105 1222
4 3664 3293 2844 2843
4 2730 1269 2729 1222
4 3458 3453 2625 2620
4 3088 866 919 864
4 3849 3821 3834 3723
4 3831 3749 3668 3653
4 3622 3570 3538 1123
4 3769 3717 3754 3676
4 1150 1146 1066 1065
4 3618 3438 3517 3437
4 1523 931 1151 907
4 1519 1150 1123 1118
4 3796 3580 1126 397
4 1152 1146 1143 1098
4 4128 1376 3846 1373
4 3663 3558 3551 3463
4 1518 1517 1516 1150
4 3946 3628 3624 3451
4 1150 1119 1123 1118
4 1500 1140 1141 905
4 3833 3614 3294 3293
4 635 785 634 615
4 1151 1146 1135 1073
4 1525 1524 1522 1150
4 3471 3470 3444 3441
4 3579 1461 3467 1417
4 1147 861 854 851
4 4136 4131 3933 3865
4 1147 861 884 854
4 1148 1103 1069 1068
4 1147 1103 1106 1097
4 3432 1593 1220 1216
4 1401 1295 1399 1294
4 1250 1173 1172 1162
4 3654 3580 395 394
4 1147 883 887 877
4 1148 857 1147 851
4 1146 1139 1135 1074
4 1148 858 857 851
4 1147 887 881 877
4 1148 1144 858 852
4 1148 852 858 851
4 1147 881 887 880
4 3575 2720 2721 1593
4 3435 1592 1528 942
4 1162 909 1112 862
4 3432 1218 1216 1193
4 4351 4345 637 636
4 1153 1127 1152 1121
4 1152 1101 1143 1100
4 1147 878 884 877
4 1148 1145 1144 1068
4 1147 1140 1076 1070
4 1147 1071 1136 1070
4 1147 1141 1140 1070
4 1147 884 883 877
4 1147 1146 1139 1135
4 3661 527 3558 500
4 1145 1098 1101 1069
4 3432 1593 1208 1204
4 3614 2644 2645 1467
4 1150 1124 1125 1119
4 1147 1137 1136 1071
4 1147 1072 1137 1071
4 1147 935 1137 880
4 1148 1103 1147 1097
4 1148 1147 1146 1097
4 1148 1092 1098 1069
4 1148 1103 1092 1069
4 1148 1103 1097 1092
4 1148 1097 1146 1092
4 1151 1150 1146 1066
4 1519 1129 1150 1117
4 3618 3443 3470 3441
4 3511 3480 3510 3479
4 3647 2272 2353 2258
4 474 473 785 447
4 1467 1101 1145 1098
4 1576 1575 845 530
4 1155 1149 1127 1121
4 1153 1152 1146 1067
4 1579 1473 1578 530
4 1155 1153 1146 1064
4 3733 1153 1155 1127
4 1155 1127 1153 1121
4 1483 1450 1459 1449
4 3579 1260 1259 1163
4 1160 858 1159 852
4 3579 1455 1464 1433
4 4128 1500 1128 1127
4 3797 3741 3769 3699
4 3445 1451 1441 1440
4 1160 1156 858 852
4 1159 1081 1080 1069
4 1158 909 1157 853
4 1160 1081 1159 1069
4 1160 1159 1145 1069
4 1157 1089 1085 1078
4 1160 1082 1078 1077
4 1158 1085 1079 1078
4 1158 1157 1085 1078
4 3782 3723 3765 3671
4 3575 3098 3093 3092
4 1160 1157 1156 1077
4 1160 1082 1089 1078
4 1160 1089 1157 1078
4 1160 1089 1082 1069
4 1160 1145 1089 1069
4 1161 1087 1089 1084
4 1161 1089 1086 1084
4 1162 888 897 882
4 1163 1162 1112 1105
4 1164 1109 1108 1105
4 4226 4000 3917 3894
4 1698 1697 1035 1034
4 1163 1108 1107 1105
4 1163 1107 1162 1105
4 1169 1115 1168 1114
4 3670 1206 1534 1202
4 1216 1206 922 868
4 1167 1165 1164 1109
4 1167 1164 1112 1105
4 3435 1592 942 940
4 4128 1500 1378 1376
4 3575 2751 2752 2750
4 3910 3651 3724 3628
4 1167 1114 1109 1105
4 1167 1109 1164 1105
4 1593 1541 1535 1534
4 1226 1162 1171 1142
4 2616 2614 2563 2562
4 1169 1116 1115 1114
4 582 785 581 579
4 1562 1560 1503 1502
4 3579 1255 1592 1254
4 1171 1162 1170 1142
4 1252 938 937 874
4 1252 932 938 874
4 1251 1173 1250 1163
4 1252 936 916 870
4 1529 1253 938 937
4 1252 874 937 871
4 1529 1528 1252 943
4 3467 1159 1160 858
4 2612 2611 2559 2558
4 1536 1229 1216 1177
4 3445 1468 1483 1436
4 1592 1165 1260 1164
4 1592 937 1506 936
4 2744 2689 2739 2605
4 2730 2728 2724 2680
4 3101 2746 2747 2701
4 3638 2623 2624 1467
4 3032 2998 3649 2997
4 1644 1636 1628 1454
4 1636 988 989 987
4 1677 1454 1648 1047
4 1252 1196 1174 1163
4 1231 954 953 894
4 1263 1052 1059 1051
4 3088 919 918 864
4 1216 1193 1213 1187
4 1213 1193 1210 1187
4 1216 954 895 868
4 1216 1205 1206 868
4 1377 1348 1350 1347
4 2735 2683 2734 2682
4 4361 4350 4351 4345
4 3575 2739 2735 2631
4 1234 1193 1216 1187
4 1690 1019 1014 1011
4 1580 848 847 530
4 1276 1269 1275 1268
4 3464 1702 1245 1243
4 1240 1190 1239 902
4 1206 868 1205 864
4 3575 2735 2734 2733
4 2195 2194 2189 2187
4 2629 2627 2628 1467
4 1487 1455 1169 1168
4 3432 2993 2994 918
4 3575 2735 3107 1702
4 1252 942 940 939
4 1573 1253 1228 1225
4 1227 1171 1226 1162
4 1252 940 938 932
4 1585 1253 1233 1232
4 3933 3850 3856 3846
4 3575 3087 3086 2994
4 1533 1254 1253 915
4 1252 871 936 870
4 3579 1255 1254 1163
4 3579 1252 1251 1163
4 1253 916 936 915
4 3558 527 526 500
4 1252 870 916 859
4 1252 915 1251 859
4 1627 1622 1218 1216
4 1253 1252 916 915
4 3758 1593 1535 1534
4 1252 916 915 859
4 4356 4332 4344 4331
4 1213 1209 1210 1193
4 2953 2873 2792 2788
4 1206 918 922 864
4 2612 2610 2611 2558
4 1592 936 1506 916
4 1529 1252 946 943
4 3432 1206 1216 1204
4 1206 922 868 864
4 2612 2611 2610 1467
4 2645 2640 2641 2587
4 3087 2666 2993 2660
4 3814 3759 3708 3677
4 3252 3226 3227 3225
4 3614 2639 2642 1467
4 2993 2721 2720 2662
4 1208 1206 1204 1203
4 1208 1205 1206 1203
4 1208 1207 1205 1203
4 2626 1260 1592 1169
4 1216 1213 1205 868
4 1586 1585 1253 1233
4 3432 1206 2721 918
4 3578 3261 3263 3252
4 3952 3783 3489 3487
4 3525 1612 1604 1454
4 1210 1187 1193 1186
4 1483 1467 1438 1436
4 1216 1213 1212 1203
4 3638 3593 3629 3453
4 1264 1248 1249 1247
4 1263 1061 1060 1053
4 2292 2263 2268 2247
4 1263 1050 1057 1048
4 3525 1635 1636 1454
4 3467 1137 1147 935
4 1216 1204 1206 1203
4 1216 1187 1213 895
4 3461 2633 3460 2617
4 1216 895 1213 868
4 3756 2522 3679 2515
4 1556 1501 1555 927
4 3456 2659 3455 2658
4 1216 1205 1213 1203
4 3655 909 3579 862
4 1216 922 954 868
4 1216 1206 1205 1203
4 1264 1063 1245 1058
4 1262 1258 1241 1192
4 1264 1244 1247 1242
4 1263 1058 1057 1050
4 1701 1063 1263 1056
4 1264 1215 1214 1211
4 3098 919 3094 866
4 1264 1214 1263 1211
4 1264 1248 1246 1195
4 4364 766 4360 765
4 1263 1051 1058 1050
4 1264 1060 1063 1059
4 1264 1263 1262 1211
4 1264 1240 903 902
4 1264 1059 1063 1058
4 1263 1053 1060 1052
4 1264 1262 1240 1191
4 1264 1263 1060 1059
4 3579 1592 1260 1164
4 3892 3789 3747 3658
4 1467 1102 1098 1096
4 1218 1209 1216 1193
4 1264 1263 1058 1057
4 2625 2619 2623 2567
4 1532 1261 1253 1175
4 1482 1477 1426 1425
4 3575 1471 3445 1469
4 3447 1659 3445 1655
4 3575 3452 2736 2731
4 1220 1204 1216 1203
4 1220 1216 1212 1203
4 3554 3211 3212 3210
4 1269 1222 1221 1219
4 3454 2738 3452 2737
4 3558 530 528 500
4 3558 1879 1880 521
4 3978 3841 3806 3769
4 1263 1057 1049 1048
4 3094 919 3093 866
4 1689 1688 1488 1486
4 1263 1242 1245 1238
4 1264 1247 1245 1242
4 569 785 568 565
4 3638 1483 1468 1467
4 1264 1215 1211 1191
4 1569 1252 1253 1224
4 3445 1588 1595 1584
4 1530 1252 947 946
4 4362 4354 4344 4339
4 3579 1157 909 858
4 1227 915 1226 859
4 3445 3088 3092 1454
4 1234 1193 1187 1186
4 3466 1231 3432 953
4 1235 1188 1187 1184
4 1231 895 954 894
4 1231 1184 895 894
4 1235 1231 1230 1183
4 1531 1252 1223 947
4 1533 1254 1255 1175
4 1234 954 1231 895
4 1234 1184 1187 895
4 1234 1231 1184 895
4 1234 1187 1216 895
4 1234 1216 954 895
4 1235 1187 1234 1184
4 1235 1234 1231 1184
4 1235 1188 1184 1183
4 1235 1184 1231 1183
4 1239 1185 1236 902
4 1641 1640 1639 1454
4 1239 1236 903 902
4 1239 1190 1185 902
4 3508 3484 3507 3483
4 1482 1481 1477 1425
4 1574 1253 1232 1228
4 1702 1686 1454 1047
4 1644 1639 1636 1454
4 1636 1630 1628 1454
4 1702 1059 1060 1036
4 1630 1628 1454 1043
4 3525 1700 1702 1642
4 1269 1222 1219 1215
4 3464 1702 1249 1248
4 1701 1263 1237 1056
4 1263 1245 1243 1238
4 1702 1641 1642 1454
4 1262 1194 1258 1192
4 3445 1594 1593 1590
4 1264 1249 1248 1195
4 3464 1702 1270 1249
4 3432 2994 3086 918
4 1264 902 903 869
4 1262 1211 1194 1192
4 1262 1241 1240 1191
4 1578 1467 1147 1146
4 1670 1489 1485 1454
4 3445 1594 1595 1588
4 1700 1263 1049 1046
4 1691 1690 1663 1662
4 1262 1211 1192 1191
4 3432 952 956 922
4 1263 1048 1049 1046
4 1264 1263 1057 1049
4 1269 1219 1267 1215
4 1639 1638 1636 1454
4 1253 1252 938 937
4 1254 1197 1253 1163
4 1260 1168 1201 1167
4 1253 1197 1196 1163
4 1250 915 1227 859
4 3445 1655 1659 1481
4 1528 1253 1252 942
4 1252 1174 1251 1163
4 1531 1530 1253 1252
4 1634 1593 1590 1478
4 1254 1198 1197 1163
4 3445 1480 1476 1435
4 1592 916 1506 915
4 3579 1254 1592 1253
4 1255 1199 1198 1163
4 1593 1542 1541 1536
4 3432 1593 1218 1193
4 1564 1557 1511 1509
4 1534 1220 1216 1202
4 1582 1435 915 912
4 1255 1198 1254 1163
4 3579 1483 1592 1164
4 1260 1167 1201 1166
4 1260 1201 1200 1163
4 1260 1165 1201 1164
4 1593 1541 1540 1539
4 1556 1555 1553 927
4 4365 1552 4356 1549
4 1257 1193 1234 1186
4 1262 1192 1241 1191
4 1264 1263 1245 1243
4 1259 1200 1199 1163
4 1259 1199 1255 1163
4 1260 1200 1259 1163
4 1636 1635 988 987
4 1260 1164 1201 1163
4 1260 1166 1201 1165
4 579 785 577 574
4 1592 936 916 915
4 3447 3445 1482 1481
4 1532 1261 1256 1253
4 1534 1204 1220 1202
4 1263 1238 1243 1237
4 1263 1056 1063 1055
4 1263 1054 1061 1053
4 1263 1062 1061 1054
4 1263 1063 1062 1055
4 1263 1055 1062 1054
4 1264 1246 1248 1244
4 1264 1215 1191 902
4 1264 1191 1240 902
4 1264 1061 1063 1060
4 1264 1263 1061 1060
4 1264 1062 1063 1061
4 1264 1263 1062 1061
4 1264 1263 1063 1062
4 1270 1264 1245 1057
4 3241 2843 2842 2839
4 3464 1702 1272 1270
4 1267 1266 1264 1215
4 1269 869 872 866
4 1269 1222 869 866
4 1646 1645 1628 1454
4 1267 1219 1217 1215
4 1267 1217 1266 1215
4 4064 3947 4004 3933
4 1269 872 919 866
4 1672 1485 1671 1484
4 1269 1264 872 869
4 1269 1267 1264 1215
4 1269 1222 1215 869
4 1269 1215 1264 869
4 1270 1249 1264 1195
4 1270 1264 1265 1195
4 1270 1264 1247 1245
4 1270 1264 1249 1247
4 3638 3453 2629 2622
4 1272 1264 1270 1057
4 1272 1265 1270 1264
4 1272 1271 1265 1264
4 1276 1268 1275 1267
4 1274 1271 1272 1264
4 1276 1273 1274 1264
4 1274 1273 1271 1264
4 1276 1275 1273 1264
4 1276 1267 1275 1266
4 1276 1274 1272 1264
4 1276 1266 1275 1264
4 1700 1276 1272 1264
4 4044 1500 1356 1313
4 1321 1295 1294 1291
4 1303 1279 1281 1277
4 3579 1431 3467 1430
4 1319 1316 1317 1290
4 3467 1418 1467 1395
4 3793 3703 3640 3635
4 4112 4093 3696 3660
4 4168 4070 4043 4024
4 1465 1463 1161 1087
4 3763 628 785 627
4 1578 1468 1473 1368
4 3579 1085 1087 909
4 3558 1908 1909 521
4 3946 3570 1369 1364
4 633 785 632 631
4 466 465 785 464
4 1500 1150 1128 1127
4 1321 1292 1295 1291
4 1312 1289 1309 1285
4 3832 3753 3442 3438
4 1575 846 845 530
4 3526 3489 3483 3482
4 1321 1319 1317 1291
4 3917 3850 3894 3846
4 3942 3652 3845 3643
4 1500 1305 1303 1280
4 1326 1300 1279 1278
4 3614 1470 1471 1469
4 1360 1357 1356 1331
4 3432 1234 1216 954
4 1500 1149 1150 1127
4 1360 1335 1334 1333
4 3744 3556 383 382
4 1372 1345 1341 1340
4 4274 1307 4269 1306
4 1319 1293 1294 1281
4 1360 1334 1359 1333
4 3793 3743 3753 3721
4 3916 3813 3844 3773
4 3570 3542 3468 3451
4 1360 1358 1357 1332
4 1483 1459 1450 1437
4 4361 4351 822 821
4 3533 3218 2884 2883
4 3486 1545 1544 1473
4 1500 1327 1304 1280
4 4311 4285 4274 1500
4 3556 785 612 611
4 4365 1578 1579 1368
4 469 464 785 443
4 3542 3518 3442 3438
4 1304 1279 1303 1277
4 3471 3441 3444 3440
4 3510 3488 3509 3487
4 1305 1304 1303 1277
4 613 612 785 611
4 566 563 785 543
4 3474 935 3467 887
4 3618 3442 3437 3436
4 3614 2522 3558 530
4 3542 3449 3451 3448
4 4093 3696 3970 3600
4 4274 4269 4266 4238
4 4293 4274 4266 4239
4 4352 4346 4281 4263
4 3832 3753 3437 3436
4 4351 4348 4350 844
4 1315 1314 1309 1283
4 1309 1285 1284 1282
4 561 785 560 543
4 1312 1286 1289 1285
4 1702 1699 1695 1036
4 4077 3929 3984 3763
4 1309 1285 1282 1281
4 1500 1303 1310 1280
4 3556 3476 3550 429
4 3556 3550 566 543
4 1310 1303 1309 1281
4 1310 1309 1282 1281
4 1311 1309 1284 1282
4 1311 1310 1309 1282
4 632 785 562 471
4 3556 466 3550 465
4 1500 1304 1305 1280
4 3771 3733 1380 1379
4 3589 3490 1773 1771
4 3556 561 785 560
4 4102 4011 4020 4006
4 613 611 785 450
4 3976 3757 3727 3717
4 1500 1499 1151 905
4 3556 785 613 612
4 3654 3580 394 393
4 3467 861 1147 857
4 3891 3818 3816 3815
4 4074 4053 4067 4002
4 3556 785 470 443
4 477 476 785 450
4 1315 1285 1288 1283
4 1315 1286 1288 1285
4 4238 4220 3637 3587
4 3938 3759 3814 3677
4 1315 1309 1289 1285
4 3583 3442 3518 3438
4 1315 1309 1285 1283
4 4066 3745 786 785
4 630 626 785 624
4 472 471 785 450
4 4362 4358 1548 1543
4 3876 3791 3709 3708
4 3753 3451 3675 3436
4 3857 3779 3713 3697
4 1329 1328 1301 1298
4 3474 1500 1137 1136
4 1329 1321 1322 1295
4 1321 1294 1319 1291
4 3820 3549 3762 3546
4 1319 1291 1294 1290
4 1319 1317 1291 1290
4 3614 2635 2636 1467
4 1324 1293 1320 1281
4 1320 1293 1319 1281
4 1320 1319 1303 1281
4 1321 1318 1292 1291
4 4365 1545 1576 1544
4 1579 1576 1545 1473
4 3508 3482 3507 3481
4 572 785 569 565
4 571 570 785 569
4 3704 2366 2079 2078
4 1324 1320 1303 1281
4 1324 1303 1304 1279
4 1326 1279 1304 1278
4 1324 1296 1281 1279
4 1324 1281 1303 1279
4 1329 1298 1302 1297
4 1579 1578 849 530
4 1329 1325 1298 1297
4 3892 3802 3826 3698
4 1326 1300 1299 1296
4 1326 1299 1323 1296
4 1326 1324 1304 1279
4 1326 1323 1324 1296
4 1326 1300 1296 1279
4 1326 1296 1324 1279
4 1327 1326 1304 1278
4 3556 785 459 458
4 4344 4343 4341 4339
4 3556 566 785 543
4 3862 3789 3773 3509
4 563 560 785 543
4 4365 1545 1549 1365
4 1329 1322 1325 1297
4 1329 1301 1302 1298
4 567 543 785 465
4 561 785 558 557
4 471 459 785 458
4 1329 1297 1302 1295
4 1329 1322 1297 1295
4 3745 793 3506 792
4 3570 1520 3538 1125
4 3962 3940 3900 3881
4 1363 1303 1319 1281
4 3583 3573 3518 3471
4 3780 3733 3736 3729
4 3647 2353 2345 2258
4 1360 1335 1332 1331
4 4351 4345 820 819
4 4122 4023 4091 3998
4 1356 1313 1312 1287
4 3445 1441 1470 1440
4 3556 785 617 614
4 3892 3845 3802 3747
4 618 785 616 615
4 3707 3677 3673 3669
4 3508 3478 3507 3477
4 1360 1335 1333 1332
4 4061 3976 4054 3646
4 1369 1339 1364 1338
4 3745 3522 3506 796
4 1467 1169 1168 1167
4 3474 1500 1141 905
4 3489 3488 3480 3479
4 3575 3107 3452 1702
4 561 785 543 443
4 1363 1362 1360 1335
4 4364 766 764 759
4 3432 1216 1220 1204
4 4365 1552 1549 1545
4 3556 785 466 465
4 1363 1338 1337 1335
4 1688 1684 1486 1454
4 3827 3789 3747 3627
4 3509 3478 3508 3477
4 3896 3776 3873 3770
4 3509 3479 3508 3478
4 1580 1579 848 530
4 3928 3891 3914 3798
4 3533 3214 3303 3213
4 1702 1057 1058 1036
4 3915 3836 3820 3762
4 1485 1447 1444 1442
4 3606 3579 889 885
4 1369 1338 1363 1294
4 1360 1309 1303 1281
4 3556 474 785 447
4 1702 1700 1687 1686
4 3955 3923 3913 3893
4 3493 562 785 559
4 1581 1575 1473 530
4 1578 1098 1152 1096
4 1376 1346 1373 1345
4 1369 1340 1338 1294
4 3445 3088 3432 3087
4 4352 769 4346 768
4 3580 792 789 787
4 3570 1500 1363 1362
4 3824 3810 2279 2278
4 3719 3467 858 857
4 476 475 785 447
4 3579 3467 1462 1157
4 1360 1333 1358 1332
4 1605 1454 1601 929
4 3474 1141 1500 1136
4 3517 3443 3440 3439
4 3508 3481 3507 3480
4 4128 3733 1150 1149
4 3925 3783 3860 3763
4 3556 470 785 429
4 1487 1169 1483 1168
4 3580 633 785 632
4 3476 430 457 429
4 3614 1467 1101 1100
4 3556 469 785 443
4 3467 1459 1157 1156
4 1345 1343 1342 1341
4 1419 1395 1392 1347
4 3486 839 823 530
4 3467 1141 1147 1136
4 3445 1562 1556 1480
4 3862 3508 3602 3507
4 3445 1451 1440 1436
4 3525 1637 1638 1454
4 3553 3479 3511 3478
4 3445 1480 1479 1476
4 2612 1101 1100 1094
4 3511 3479 3510 3478
4 3817 3772 3761 3701
4 1382 1347 1355 1345
4 3556 785 621 620
4 3473 1226 915 859
4 3769 3676 3754 3650
4 3467 1465 1459 1156
4 1419 1392 1393 1347
4 1464 1461 1453 1449
4 3579 1162 885 863
4 3614 2641 2649 1467
4 1702 1268 1276 1267
4 1467 1160 1145 1089
4 1381 1377 1350 1347
4 3507 3483 3484 3482
4 4000 3947 3917 3894
4 3467 1462 1459 1415
4 1700 1264 1057 1049
4 3638 3543 2645 2644
4 3620 3517 3618 3440
4 2612 1095 2561 1069
4 3884 3757 3754 3739
4 1378 1376 1372 1345
4 619 617 785 613
4 1382 1380 1379 1352
4 3978 3797 3841 3769
4 3467 1465 1463 1421
4 1592 1533 1586 915
4 4128 3570 1524 1499
4 2629 2621 2622 2569
4 1381 1374 1377 1347
4 1581 1575 1579 1473
4 470 443 785 429
4 3955 1126 3744 424
4 4142 3889 3906 3817
4 3432 1220 1593 1204
4 4168 4024 4045 3973
4 3579 3467 1157 858
4 1462 1459 1087 1085
4 4033 3570 3573 3528
4 3509 3483 3508 3482
4 4359 4358 4357 4349
4 3579 1429 3467 1401
4 1376 1373 1372 1345
4 3703 3640 3635 3620
4 4214 4194 4212 4160
4 3467 1419 1467 1371
4 3467 1459 1465 1420
4 3581 3474 3467 887
4 562 471 785 467
4 3445 1593 1594 1588
4 1592 1259 1533 1255
4 4359 4356 4332 1368
4 1670 1666 1668 1485
4 4360 766 4352 765
4 3556 785 3512 378
4 3467 1154 1159 858
4 3542 3450 3451 3449
4 1382 1374 1347 1345
4 3268 3267 3252 3222
4 1549 1545 1473 1365
4 1696 1691 1671 1670
4 3525 1639 1640 1454
4 3782 3730 3765 3549
4 3550 3476 457 429
4 3467 1467 1578 1368
4 3605 3438 3542 3437
4 4037 3874 3958 3854
4 1378 1349 1376 1345
4 3467 1160 1465 1156
4 1414 1412 1386 1302
4 1372 1341 1370 1340
4 632 631 785 471
4 3580 397 394 392
4 4044 3941 3940 3897
4 2193 2191 2186 2185
4 3447 3445 1480 1479
4 1467 1168 1463 1167
4 1369 1364 1363 1338
4 1378 1351 1349 1345
4 1499 1151 908 907
4 3467 1463 1465 1160
4 3467 1148 1144 858
4 1382 1381 1354 1347
4 3467 1459 1462 1157
4 1500 1151 1135 905
4 3560 3510 3511 3509
4 3467 1461 1462 1417
4 3467 1374 1467 1368
4 3467 1160 1156 858
4 1379 1378 1372 1345
4 3799 3487 3674 3484
4 3920 3819 3508 3477
4 473 472 785 450
4 3573 3570 3542 3528
4 3542 3451 3450 3444
4 3467 1467 1148 1147
4 3891 3816 3879 3815
4 1500 1139 1140 905
4 3467 1147 1139 1135
4 3486 1546 1576 1473
4 3652 3577 3643 3553
4 3590 1662 1489 1485
4 3918 3838 3842 3812
4 3834 3723 3782 3671
4 1518 1151 1517 1150
4 4356 4344 4332 4325
4 3836 3546 3470 3441
4 3675 3620 3517 3451
4 3733 3467 1139 1135
4 3895 3849 3883 3821
4 3837 3782 3831 3668
4 3910 3883 3902 3837
4 3510 3480 3509 3479
4 3638 2629 3453 2628
4 4036 3665 3950 3651
4 3836 3470 3471 3441
4 1360 1331 1356 1287
4 3580 633 3489 631
4 1578 1467 1146 1098
4 4360 180 4346 179
4 623 620 785 615
4 3521 2455 3419 2454
4 1360 1287 1312 1285
4 3556 3550 567 465
4 3875 3788 3528 3468
4 1499 908 1151 905
4 3661 528 3475 500
4 3580 616 785 615
4 3819 3509 3508 3477
4 3451 3441 3443 3440
4 3763 3580 786 785
4 3984 3580 792 791
4 3507 3482 3484 3481
4 4265 1527 1522 904
4 3774 3669 3745 3545
4 4203 4067 4160 4041
4 785 443 430 429
4 1517 1151 1516 1150
4 3744 3556 785 621
4 3744 616 3580 615
4 476 473 785 450
4 572 785 570 569
4 1362 1337 1336 1335
4 1362 1336 1361 1335
4 1363 1360 1303 1281
4 632 785 574 562
4 3509 3484 3508 3483
4 1363 1335 1360 1281
4 1580 1473 1579 530
4 3716 1883 3663 1882
4 1518 1517 1151 886
4 1500 1135 1139 905
4 1533 1255 1259 1175
4 1363 1319 1294 1281
4 1363 1294 1338 1281
4 3556 785 619 617
4 4128 1372 3846 1342
4 1480 924 1479 923
4 1500 1151 1499 1150
4 1372 1370 1369 1340
4 1595 1590 1589 1512
4 1592 1569 1529 937
4 3984 786 3745 785
4 3620 3618 3441 3440
4 1555 1554 1553 927
4 1529 1253 940 938
4 1671 1485 1670 1484
4 4356 4332 1366 1365
4 3508 3489 3507 3488
4 3556 785 620 619
4 631 615 785 450
4 1461 1457 1453 1449
4 3556 785 561 557
4 3556 785 476 475
4 4351 4345 812 637
4 4364 4352 4261 4259
4 3556 567 785 465
4 4352 4321 4329 785
4 3556 3493 785 558
4 1433 1432 1405 1392
4 1485 1474 1447 1442
4 476 785 473 447
4 4362 4354 4356 4344
4 1395 1392 1347 1345
4 3493 559 785 558
4 3733 1382 3467 1381
4 1419 1371 1374 1344
4 4360 763 4352 759
4 4352 4329 4346 785
4 1674 1670 1673 1485
4 1420 1415 1390 1389
4 1700 1241 1258 1046
4 1459 1450 1456 1449
4 3525 3432 1614 1454
4 1465 1463 1157 1156
4 3579 1254 1253 1163
4 1663 1489 1662 1485
4 1434 1430 1431 1403
4 3771 3733 1382 1380
4 1702 1276 1274 1272
4 3556 785 611 450
4 3493 571 785 565
4 3474 1137 3467 935
4 583 785 582 579
4 3509 3489 3508 3488
4 3525 903 899 898
4 1464 1461 1087 1085
4 1690 1689 1665 1664
4 1670 1485 1669 1484
4 1395 1372 1369 1340
4 1395 1374 1372 1345
4 3467 1421 1463 1418
4 1395 1345 1372 1340
4 1395 1392 1345 1340
4 4352 4312 4277 4261
4 4352 4318 4261 4259
4 2612 2610 2558 2554
4 631 785 471 450
4 4161 4101 4119 4023
4 1401 1319 1321 1294
4 4356 4332 1368 1367
4 3445 1659 1590 1481
4 4353 4347 4349 4341
4 3835 3799 3806 3742
4 630 785 626 625
4 1401 1398 1399 1388
4 3579 1483 1112 1110
4 4364 769 4360 768
4 1702 1276 1700 1266
4 1401 1321 1295 1294
4 3579 1455 1433 1432
4 4361 4351 844 839
4 3556 785 477 476
4 1401 1388 1399 1295
4 3467 1467 1419 1395
4 1616 970 1615 962
4 1652 1649 1650 1454
4 1652 1454 1651 1400
4 1660 1454 1654 1400
4 1688 1018 1489 1017
4 1690 1011 1682 975
4 1424 1414 1422 1388
4 4361 839 845 822
4 3572 1414 3467 1413
4 1424 1398 1401 1388
4 3556 785 566 563
4 3467 1150 1149 1146
4 1592 1260 1533 1259
4 4358 1576 4355 1546
4 3579 1161 1487 1089
4 1462 1459 1158 1157
4 3733 1381 3467 1377
4 1434 1404 1407 1403
4 1489 1486 1488 1485
4 1700 1266 1276 1264
4 4344 4339 4332 4325
4 3579 1162 1138 900
4 3744 785 623 621
4 3556 566 3550 563
4 630 785 625 583
4 3614 1470 1474 1466
4 1434 1401 1399 1294
4 3467 887 1147 883
4 3575 2749 2750 2745
4 1465 1459 1463 1437
4 3579 915 1435 912
4 1433 1421 1395 1389
4 615 613 785 450
4 620 619 785 613
4 4361 4334 4345 610
4 4360 765 4352 764
4 3581 884 3467 861
4 3556 785 471 459
4 3467 1146 1152 1098
4 3493 565 785 564
4 3556 477 785 450
4 4351 4345 636 610
4 562 561 785 558
4 1410 1383 1384 1302
4 1410 1409 1383 1302
4 3556 468 785 458
4 1410 1329 1409 1302
4 620 785 615 613
4 543 785 465 443
4 581 785 580 579
4 1414 1388 1401 1295
4 3581 887 3467 883
4 1412 1329 1410 1302
4 4345 4340 4330 610
4 471 785 467 458
4 4345 4334 4340 610
4 1412 1410 1411 1384
4 3556 785 474 473
4 1412 1385 1386 1384
4 1412 1411 1385 1384
4 4360 785 4346 184
4 630 785 579 574
4 1412 1384 1386 1302
4 1412 1410 1384 1302
4 3572 1412 3467 1411
4 1414 1387 1388 1386
4 3467 1152 1578 1098
4 1414 1413 1387 1386
4 4361 4350 4345 4334
4 625 785 602 583
4 3556 785 475 447
4 1414 1386 1388 1302
4 617 614 785 613
4 1414 1329 1412 1302
4 3556 558 785 557
4 1414 1412 1413 1386
4 4345 4330 817 812
4 1414 1329 1302 1295
4 1414 1302 1388 1295
4 1414 1321 1329 1295
4 1414 1401 1321 1295
4 632 630 785 628
4 4364 4318 785 571
4 1433 1395 1432 1392
4 3579 1252 1592 1251
4 1420 1390 1391 1389
4 1432 1407 1408 1392
4 1702 1266 1700 1264
4 1688 1662 1489 1018
4 1418 1394 1392 1389
4 3618 3451 3470 3443
4 3804 3776 3768 3761
4 467 785 443 430
4 623 785 622 615
4 4352 4277 4312 785
4 3467 1153 1152 1146
4 3556 561 3493 557
4 3467 1578 1146 1098
4 630 785 629 624
4 3556 3493 558 557
4 1422 1414 1416 1388
4 3556 785 614 613
4 3579 1464 1461 1417
4 4348 4327 4336 4320
4 3467 1147 858 857
4 1659 1655 1596 1425
4 1417 1405 1406 1390
4 1433 1405 1417 1390
4 4365 1576 1579 1575
4 1418 1392 1395 1389
4 3579 1162 900 897
4 2658 2656 2603 2598
4 1421 1415 1420 1389
4 3533 3213 3306 2984
4 3793 1500 1360 1359
4 1461 1459 1456 1449
4 3845 3799 3698 3658
4 1483 1463 1459 1437
4 1467 1145 1148 1098
4 1419 1374 1347 1344
4 1419 1347 1393 1344
4 3526 3510 3509 3477
4 3989 3864 3939 3859
4 3984 790 3745 789
4 3507 3480 3488 3479
4 1421 1418 1395 1389
4 4177 4113 4168 4110
4 623 621 785 620
4 3467 1463 1160 1159
4 3521 2481 2455 2454
4 3467 1467 1145 1144
4 4361 821 845 820
4 4345 4330 637 636
4 1433 1417 1415 1390
4 1433 1415 1421 1389
4 3467 1467 1154 1145
4 4128 1129 3766 1128
4 3510 3478 3509 3477
4 3467 1147 1141 1140
4 4365 1576 1547 1543
4 1434 1430 1403 1399
4 4359 4356 4353 4331
4 3556 466 785 464
4 3467 1465 1421 1420
4 1434 1401 1430 1399
4 3579 1434 3467 1431
4 574 785 573 572
4 1422 1396 1397 1388
4 1422 1416 1396 1388
4 3467 1155 1153 1146
4 3467 1578 1147 1146
4 574 785 572 565
4 3556 3493 561 560
4 3572 1416 3467 1414
4 3572 1413 3467 1412
4 1651 1454 1650 1400
4 1694 1608 1690 1454
4 1691 1690 1486 1454
4 3579 1158 1085 909
4 3733 3467 1141 1140
4 3579 1087 1161 909
4 3467 1151 1150 1146
4 1434 1431 1404 1403
4 3467 1149 1155 1146
4 3556 785 563 560
4 562 785 561 467
4 3579 1487 1483 1089
4 1434 1369 1319 1294
4 4361 812 849 610
4 579 785 578 577
4 1430 1401 1429 1399
4 1430 1402 1403 1399
4 1430 1429 1402 1399
4 3579 1162 1142 1138
4 3579 1430 3467 1429
4 574 785 564 562
4 3467 1467 1374 1371
4 4351 4342 823 822
4 3467 1463 1467 1418
4 3579 1158 1461 1085
4 1432 1408 1405 1392
4 574 785 565 564
4 3467 1147 1148 858
4 3556 785 467 430
4 4345 4340 4334 4330
4 3556 785 430 429
4 3467 884 1147 861
4 1434 1403 1407 1399
4 4345 4330 636 610
4 4344 4339 4325 4298
4 1434 1319 1401 1294
4 1434 1399 1407 1294
4 3467 1137 1500 1136
4 3588 2157 2156 2154
4 468 467 785 458
4 3467 1147 1137 1136
4 1433 1405 1390 1389
4 1433 1390 1415 1389
4 1433 1395 1392 1389
4 1433 1392 1405 1389
4 3467 1417 1462 1415
4 3579 1433 3467 1432
4 1434 1340 1369 1294
4 1434 1407 1340 1294
4 634 785 631 615
4 4346 768 4329 767
4 1434 1395 1369 1340
4 1434 1407 1432 1392
4 1434 1432 1395 1392
4 1434 1392 1395 1340
4 1434 1407 1392 1340
4 2522 2510 2514 2502
4 3575 3165 2748 2747
4 3838 3745 3774 3673
4 1487 1110 1483 1089
4 1629 1454 1628 1043
4 3467 935 1147 887
4 3575 2722 2716 2631
4 3685 2980 2931 2879
4 1487 1459 1461 1449
4 3525 898 876 872
4 3575 3105 3092 2735
4 3461 2617 3460 2616
4 3819 3526 3509 3477
4 3525 1264 1702 1263
4 1702 1272 1270 1057
4 1462 1461 1459 1456
4 3579 1162 889 885
4 1701 1263 1243 1237
4 1485 1447 1469 1443
4 1673 1485 1672 1484
4 3464 1702 1701 1063
4 1467 1148 1147 1146
4 3575 2752 3090 2745
4 1682 981 1654 975
4 3580 3489 633 632
4 1702 1642 1643 1454
4 4365 1550 4356 1365
4 3544 3471 3518 3441
4 2627 2573 2626 1116
4 3598 2177 2221 2175
4 3446 1669 1668 1485
4 1665 1663 1664 1485
4 1689 1664 1663 1024
4 3579 1464 1087 1085
4 3579 3467 1434 1432
4 3467 1459 1420 1415
4 3687 3525 876 872
4 1699 1694 1695 1022
4 3554 3207 3210 3206
4 1485 1475 1474 1442
4 3836 3820 3762 3561
4 3618 3451 3443 3436
4 2414 2295 2298 2294
4 3920 3731 3819 3530
4 1914 1908 1910 1855
4 1699 1696 1697 1454
4 3542 3471 3528 3468
4 3579 1162 863 862
4 3467 1145 1154 858
4 3579 1226 1227 915
4 3579 1464 1455 1087
4 3575 2993 2721 2720
4 1464 1453 1452 1449
4 4365 1544 1576 1543
4 1487 1461 1464 1449
4 3579 1161 1089 909
4 1465 1459 1161 1089
4 1467 1159 1154 1145
4 1467 1148 1145 1144
4 1465 1158 1459 1157
4 3579 1455 1161 1087
4 1592 1483 1166 1165
4 3579 1483 1162 1112
4 2627 1462 2626 1461
4 1670 1489 1666 1485
4 1464 1161 1455 1087
4 1462 1087 1461 1085
4 1464 1461 1161 1087
4 1462 1459 1161 1087
4 1464 1455 1161 1089
4 1462 1161 1461 1087
4 1464 1161 1461 1089
4 1462 1161 1459 1089
4 1464 1110 1455 1089
4 1462 1461 1161 1089
4 3579 1592 1483 1435
4 1462 1459 1110 1089
4 1462 1110 1461 1089
4 1462 1459 1112 1110
4 1462 1112 1461 1110
4 1462 1459 1162 1112
4 1462 1162 1461 1112
4 1462 1459 1163 1162
4 1462 1163 1461 1162
4 1462 1459 1164 1163
4 1462 1164 1461 1163
4 1462 1459 1165 1164
4 1462 1165 1461 1164
4 1462 1459 1166 1165
4 1462 1166 1461 1165
4 1462 1459 1167 1166
4 1462 1167 1461 1166
4 1462 1459 1168 1167
4 1462 1168 1461 1167
4 1462 1459 1169 1168
4 1462 1169 1461 1168
4 2629 2577 2575 2574
4 3507 3481 3484 3480
4 1467 1157 1160 1089
4 1465 1158 1463 1085
4 1467 1160 1159 1145
4 1465 1087 1459 1085
4 1467 1160 1463 1159
4 1467 1112 1110 1089
4 1467 1110 1463 1089
4 1465 1463 1158 1157
4 1465 1459 1158 1085
4 1467 1112 1463 1110
4 1465 1463 1087 1085
4 1465 1161 1459 1087
4 1467 1167 1164 1112
4 1465 1160 1463 1156
4 1465 1157 1459 1156
4 1464 1461 1110 1089
4 1464 1112 1455 1110
4 1464 1461 1112 1110
4 1464 1162 1455 1112
4 1464 1461 1162 1112
4 1464 1163 1455 1162
4 1464 1461 1163 1162
4 1464 1164 1455 1163
4 1464 1461 1164 1163
4 1464 1165 1455 1164
4 1464 1461 1165 1164
4 1464 1166 1455 1165
4 1464 1461 1166 1165
4 1464 1167 1455 1166
4 1464 1461 1167 1166
4 1464 1168 1455 1167
4 1464 1461 1168 1167
4 1464 1169 1455 1168
4 1464 1461 1169 1168
4 1487 1464 1455 1449
4 1465 1161 1463 1089
4 1465 1110 1459 1089
4 1465 1463 1110 1089
4 1465 1112 1459 1110
4 1465 1463 1112 1110
4 1465 1162 1459 1112
4 1465 1463 1162 1112
4 1465 1163 1459 1162
4 1465 1463 1163 1162
4 1465 1164 1459 1163
4 1465 1463 1164 1163
4 1465 1165 1459 1164
4 1465 1463 1165 1164
4 1465 1166 1459 1165
4 1465 1463 1166 1165
4 1465 1167 1459 1166
4 1465 1463 1167 1166
4 1465 1168 1459 1167
4 1465 1463 1168 1167
4 1465 1169 1459 1168
4 1465 1463 1169 1168
4 3575 2735 2733 2732
4 3432 2720 2721 1206
4 3445 1592 1588 1584
4 1483 1468 1467 1436
4 4168 3733 4045 1377
4 3461 2608 3460 2560
4 3614 1473 1475 1472
4 1467 1157 1089 1085
4 1467 1160 1157 1156
4 1467 1157 1463 1156
4 1467 1463 1160 1156
4 1467 1164 1163 1112
4 1467 1164 1463 1163
4 1467 1167 1165 1164
4 1467 1165 1463 1164
4 1467 1089 1087 1085
4 1467 1087 1463 1085
4 1467 1158 1157 1085
4 1467 1463 1158 1085
4 1467 1158 1463 1157
4 1467 1163 1162 1112
4 1467 1162 1463 1112
4 1467 1163 1463 1162
4 1467 1167 1166 1165
4 1467 1166 1463 1165
4 1467 1167 1463 1166
4 1467 1089 1161 1087
4 1467 1161 1463 1087
4 1467 1463 1161 1089
4 1579 1578 1473 1368
4 3733 3519 1152 1127
4 3762 3730 3645 3561
4 1581 1473 1580 530
4 4128 1524 1525 1128
4 3638 3575 1470 1466
4 3793 3570 1527 1526
4 4063 4038 4026 3964
4 1473 1367 1366 1365
4 1694 1693 1692 1454
4 1609 1454 1478 1400
4 2503 2286 2468 2280
4 2616 2563 2565 2562
4 3525 1636 1637 1454
4 1485 1451 1444 1443
4 2627 2626 1464 1461
4 1982 1981 1919 1916
4 3500 1793 2187 1792
4 3614 1474 1475 1473
4 3569 290 835 284
4 3638 2627 2626 1483
4 1473 1368 1367 1365
4 1578 1467 1098 1096
4 1632 1593 1631 1507
4 3575 3455 2654 2652
4 3445 1451 1485 1443
4 1483 1467 1463 1437
4 1480 1476 1435 912
4 3566 3432 956 955
4 1556 1553 1480 925
4 3575 2723 2993 2720
4 3579 1259 1255 1163
4 1533 1259 1260 1175
4 3575 3104 3165 3101
4 1480 923 1476 912
4 3575 2723 2719 1593
4 1480 925 924 923
4 1534 1202 1216 1179
4 3432 956 955 954
4 1634 1218 1593 1193
4 1631 1593 1624 1507
4 1538 1537 1536 1216
4 3432 956 954 922
4 1624 1593 1623 1507
4 1531 1530 1252 947
4 1535 1534 1216 1179
4 3447 3445 1478 1477
4 1480 1479 1476 923
4 1627 949 1218 944
4 3575 2740 2744 2658
4 3638 1467 2627 1463
4 1530 1529 1252 946
4 3445 1483 1592 1435
4 1625 1218 1189 1178
4 3575 2724 2725 1702
4 1633 921 1218 917
4 1481 1477 1425 1423
4 1481 1478 1477 1423
4 3575 3102 3103 3095
4 3740 3685 3568 2644
4 3445 1482 1481 1477
4 3575 3165 3097 3096
4 4351 4345 818 817
4 3432 1478 1634 1423
4 3575 3175 3165 3096
4 4352 4346 769 177
4 3579 900 3473 897
4 4352 4346 4329 4261
4 3579 3467 1424 1401
4 4365 4357 1579 1578
4 3432 922 1206 918
4 4352 4329 4321 4261
4 3579 1162 1226 1142
4 3579 1227 1226 1162
4 3467 1500 1433 1417
4 2237 1938 1939 1928
4 1700 1263 1264 1049
4 1690 1688 1684 1014
4 3590 1663 1662 1485
4 4360 183 4346 182
4 3614 3558 1578 1473
4 3651 3605 3624 3542
4 3445 1485 1469 1443
4 3445 1443 1469 1439
4 3638 3543 2648 2647
4 3575 3175 3373 1474
4 3445 1466 1468 1436
4 1684 1683 1682 1011
4 1698 1485 1675 1484
4 1698 1675 1697 1034
4 1487 1455 1112 1110
4 1487 1112 1483 1110
4 1487 1455 1168 1167
4 1487 1168 1483 1167
4 1487 1455 1162 1112
4 1487 1162 1483 1112
4 1487 1455 1167 1166
4 1487 1167 1483 1166
4 1487 1455 1163 1162
4 1487 1163 1483 1162
4 1487 1455 1166 1165
4 1487 1166 1483 1165
4 1487 1455 1164 1163
4 1487 1164 1483 1163
4 1487 1455 1165 1164
4 1487 1165 1483 1164
4 1688 1488 1684 1017
4 1689 1662 1688 1023
4 1702 1264 1700 1263
4 1702 1694 1695 1454
4 1689 1688 1486 1454
4 1682 1660 1661 1454
4 3446 1664 1663 1485
4 3470 3444 3441 3440
4 3976 3757 3650 3646
4 3553 3482 3511 3481
4 3474 1500 3467 1137
4 3819 3731 3786 3530
4 3542 3471 3468 3444
4 3470 3451 3468 3444
4 3509 3507 3508 3489
4 3560 3507 3489 3477
4 3507 3478 3488 3477
4 3638 1470 3614 1466
4 4007 3725 3927 3697
4 3509 3488 3508 3487
4 3638 3433 1475 1474
4 3927 3840 3857 3574
4 3852 3675 3702 3620
4 4266 4222 4220 4171
4 3684 2503 3521 2460
4 3744 419 785 418
4 3762 3653 3668 3645
4 3450 3437 3449 3436
4 3812 3774 3751 3669
4 4119 4091 3998 3898
4 3860 3783 3480 3479
4 3970 3965 3616 3600
4 4365 1547 1548 1543
4 3875 3793 3570 3451
4 3595 3587 3574 3535
4 3876 3751 3791 3666
4 3639 207 3476 114
4 3745 3580 794 793
4 3840 1527 3793 1522
4 3793 1518 3472 1517
4 3819 3786 3787 3530
4 3638 1475 3614 1474
4 3953 3451 3753 3436
4 3984 785 3745 624
4 4128 1524 1500 1499
4 3618 3442 3438 3437
4 3793 1525 3472 1518
4 3760 3665 3671 3651
4 3450 3438 3449 3437
4 3944 3795 3829 3787
4 3570 1500 1362 1361
4 3677 3660 3666 3648
4 3953 3448 3451 3436
4 4044 3793 3451 1359
4 4238 3595 4220 3587
4 3450 3444 3442 3438
4 3628 3624 3451 3448
4 3532 2508 2522 2507
4 4068 3764 3757 3739
4 3793 3570 1518 1517
4 3760 3651 3671 3605
4 3580 3489 634 631
4 4018 3637 3999 3587
4 3829 3795 3576 3530
4 1584 1505 1582 915
4 1562 1560 1504 1503
4 1627 1622 1624 1593
4 1569 1253 1529 937
4 1569 1531 1530 1253
4 4352 4321 4312 4261
4 3614 1102 1578 1101
4 4358 4357 1576 1546
4 3575 2652 2658 2631
4 1593 1538 1537 1536
4 1592 940 1506 938
4 1572 1253 1225 1224
4 3656 1593 1540 1539
4 3434 1593 1538 1537
4 1585 1572 1569 1253
4 3434 1626 1625 1593
4 1592 1584 1435 915
4 1553 1551 1480 925
4 3576 3526 3478 3477
4 3575 3086 3445 2994
4 1625 1218 1538 1216
4 1553 926 1551 925
4 1556 1502 927 925
4 1562 1503 1558 1502
4 1592 1588 1584 1506
4 3445 1556 1553 1480
4 3445 1471 1470 1439
4 1592 1569 1530 1529
4 3575 2756 2755 2731
4 3710 3534 1592 1574
4 1659 1599 1658 1557
4 1590 1513 1589 1512
4 3575 2743 2744 2742
4 3447 1482 3445 1477
4 3579 1157 1158 909
4 4044 3941 3897 3793
4 1517 1132 1151 886
4 1517 1151 1132 1130
4 1517 1516 1151 1130
4 1518 1150 1516 1125
4 3828 3771 3733 3706
4 3916 3844 3884 3646
4 3624 3450 3542 3449
4 4099 3489 3580 628
4 1523 1522 1151 860
4 1519 1150 1118 1117
4 1519 1150 1129 1128
4 4128 1373 3846 1372
4 3820 3570 3653 1369
4 1519 1150 1125 1123
4 1519 1150 1128 1125
4 1520 1125 1150 1124
4 1520 1150 1133 1124
4 1521 1151 1516 1130
4 1521 1150 1151 1134
4 1521 1516 1151 1150
4 1521 1520 1516 1150
4 1521 1150 1134 1133
4 1521 1520 1150 1133
4 4261 4259 4212 4160
4 1524 1523 1522 1150
4 1524 1151 1499 907
4 4026 3882 3957 3818
4 3518 3443 3444 3442
4 1523 1151 1522 1150
4 1524 1523 1151 907
4 1524 1499 1151 1150
4 1524 1500 1499 1150
4 3618 3517 3443 3440
4 1524 1151 1523 1150
4 3511 3481 3510 3480
4 1524 1500 1150 1128
4 3467 1578 1467 1147
4 3570 1500 1369 1364
4 3618 3442 3517 3438
4 3507 3479 3488 3478
4 4044 3988 3793 1500
4 3785 3771 3780 3733
4 3845 3652 3698 3643
4 3580 795 392 391
4 3518 3440 3444 3439
4 1525 1151 1518 1150
4 1527 930 1151 860
4 3570 3468 3470 3451
4 1525 1128 1150 1125
4 1525 1150 1518 1125
4 1525 1151 933 886
4 1525 1518 1151 886
4 1526 1151 934 933
4 1526 1525 1151 933
4 1527 1526 1151 930
4 1526 1151 1525 1150
4 1526 1525 1522 1150
4 1527 1151 1522 860
4 1527 1522 1151 1150
4 1527 1151 1526 1150
4 1527 1526 1522 1150
4 3580 785 633 631
4 3435 1592 1531 1530
4 1528 942 1252 941
4 1528 1252 943 941
4 1585 1574 1572 1253
4 1592 1586 1533 1532
4 3534 3435 1592 1569
4 3434 1623 1593 1507
4 1529 1528 1253 1252
4 1529 1253 942 940
4 1529 1253 1528 942
4 1537 1216 1218 1177
4 3447 3445 1564 1563
4 1574 1573 1572 1253
4 1530 1529 1253 1252
4 1634 1590 1514 1423
4 1625 1538 1218 1178
4 1592 1253 1254 915
4 1562 1558 1556 1502
4 1591 1590 1567 1509
4 1573 1572 1253 1225
4 3466 3432 954 953
4 1534 1206 1208 1202
4 3419 2479 2259 2255
4 1592 938 1506 937
4 1585 1574 1253 1232
4 1632 1631 1218 920
4 3575 2756 3452 2755
4 1592 1255 1533 1254
4 1556 1502 1501 927
4 3566 3466 3432 954
4 3445 1590 1591 1566
4 1536 1216 1229 1176
4 1534 1208 1204 1202
4 1538 1218 1537 1216
4 3435 1506 1592 940
4 1624 1218 1623 1216
4 1585 1253 1569 936
4 1569 1253 937 936
4 3445 2721 2993 1593
4 3435 1592 1530 1529
4 3434 1623 1622 1593
4 1569 1531 1253 1252
4 1627 1626 1625 1216
4 1633 1218 921 920
4 1538 1218 1178 1177
4 1538 1537 1218 1177
4 1624 1623 1218 945
4 3445 1553 1551 1480
4 3447 3445 1562 1559
4 3710 1592 1586 1585
4 1539 1216 1180 1179
4 1539 1535 1216 1179
4 3579 1253 1252 1163
4 1593 1541 1539 1535
4 1541 1182 1216 1176
4 1541 1540 1216 1181
4 3579 1483 1163 1162
4 1540 1216 1181 1180
4 1540 1539 1216 1180
4 1541 1535 1534 1216
4 1624 1623 1622 1216
4 1541 1539 1535 1216
4 1541 1540 1539 1216
4 3445 1590 1659 1567
4 1542 1216 1536 1176
4 1542 1541 1216 1176
4 1542 1541 1536 1216
4 3688 3575 2631 2630
4 3445 1555 1554 1553
4 3758 1593 3656 1539
4 3560 3509 3511 3507
4 4048 4037 3709 3689
4 4365 4357 1581 1580
4 3486 822 821 530
4 4365 4358 1548 1547
4 3636 3303 3533 3302
4 3845 3806 3799 3742
4 3542 3468 3451 3444
4 3486 823 822 530
4 1576 1546 1547 1473
4 3605 3570 3542 3518
4 3633 3589 101 100
4 4099 3580 3763 628
4 3507 3488 3489 3477
4 3580 789 788 787
4 4008 3448 3953 3436
4 3614 1474 1473 1466
4 3575 2655 2653 2652
4 3486 1576 845 530
4 3542 3437 3450 3436
4 3486 1547 1546 1473
4 3884 3769 3806 3754
4 4077 3874 3899 3763
4 3949 3602 3827 3580
4 4199 3873 3885 3817
4 4168 4032 4045 3934
4 1550 1549 1473 1365
4 3519 1152 1127 1121
4 4365 1549 1550 1365
4 3570 1500 1364 1363
4 1552 1549 1545 1473
4 3570 1521 3538 1520
4 3570 1500 1370 1369
4 3449 3443 3448 3442
4 4112 4093 3545 3531
4 1592 1169 1260 1168
4 1590 1514 1513 1512
4 1592 1569 937 936
4 3445 1556 1555 1553
4 1562 1560 1502 925
4 1634 1593 1633 1507
4 3952 3925 3487 3484
4 3674 3483 3553 3482
4 4042 3902 3960 3895
4 4356 4341 4353 4331
4 3638 3575 3433 1474
4 3575 3093 3094 1702
4 3579 1462 3467 1461
4 1555 1501 928 927
4 1555 928 1554 927
4 3613 1542 1593 1536
4 1582 915 1505 912
4 1556 927 1553 925
4 1592 1586 1585 936
4 1592 1483 1169 1168
4 1592 1483 1168 1167
4 1586 1532 1256 1253
4 1562 925 1480 912
4 1592 1483 1165 1164
4 1577 1561 1565 1560
4 1590 1514 1512 1508
4 3688 2655 3575 2630
4 3432 1208 1593 1206
4 1567 1564 1563 1509
4 1625 1189 1218 948
4 1659 1600 1599 1557
4 1582 1577 1562 1505
4 1592 1585 1572 1569
4 1577 1571 1561 1560
4 1590 1514 1508 1507
4 1562 1560 925 912
4 3575 3096 3102 3095
4 1568 1563 1510 1509
4 3445 1567 1659 1564
4 1592 1167 1260 1166
4 1562 1504 1559 1503
4 3445 1440 1466 1436
4 1562 1556 1480 925
4 1562 1502 1556 925
4 1562 1480 1435 912
4 1562 1505 1560 912
4 1569 1530 1529 1253
4 3432 1231 1234 954
4 1584 1582 1435 915
4 1586 1253 1256 1233
4 3614 1467 1578 1096
4 3596 3046 3047 3034
4 3447 1657 3445 1481
4 3445 1595 1594 1590
4 1563 1511 1510 1509
4 1592 1529 938 937
4 3447 3445 1565 1562
4 3445 3087 3432 3086
4 1577 1571 1566 1561
4 1577 1566 1565 1561
4 1592 1574 1573 1572
4 1564 1511 1563 1509
4 4352 4312 4321 785
4 3435 1592 1569 1531
4 1582 1505 1562 912
4 3445 1592 1584 1435
4 3447 3445 1658 1564
4 1584 1583 1505 915
4 1592 1250 1251 915
4 3447 1591 3445 1567
4 3432 1208 1206 1204
4 3447 3445 1551 1480
4 1577 1565 1562 1560
4 1571 1570 1566 1561
4 3579 1163 1251 1162
4 1568 1567 1563 1509
4 3575 3094 3098 1702
4 3579 1250 1227 1162
4 3579 1455 1487 1161
4 3638 2627 3453 1260
4 3447 3445 1558 1556
4 1569 1252 1224 1223
4 1569 1531 1252 1223
4 1577 1560 1562 1505
4 1582 1562 1435 912
4 1577 1571 1560 1505
4 1574 1573 1253 1228
4 3791 3616 3600 3545
4 3556 563 3493 560
4 3769 3741 3727 3699
4 4058 3745 3981 3545
4 1576 1544 1545 1473
4 1578 1101 1152 1100
4 4192 4148 4133 4052
4 3791 3693 3666 3648
4 1578 1102 1152 1101
4 1592 1529 940 938
4 3447 3445 1657 1656
4 3447 3445 1591 1566
4 3445 1584 1582 1435
4 3580 3522 796 391
4 3508 3480 3507 3479
4 3449 3437 3448 3436
4 1581 847 846 530
4 3580 634 785 631
4 3580 796 795 391
4 1581 1579 1580 1473
4 1581 846 1575 530
4 3449 3442 3448 3438
4 3580 635 785 634
4 3759 3677 3751 3666
4 3932 3759 3791 3708
4 3579 1592 1435 915
4 3579 3473 1138 915
4 3445 1582 1562 1435
4 3579 1142 1226 915
4 3758 1593 1539 1535
4 3579 1164 1260 1163
4 1586 1253 936 915
4 1586 1253 1585 936
4 1592 1254 1533 915
4 1592 1586 936 915
4 4365 4356 1550 1549
4 1633 1593 1632 1507
4 3579 1138 1142 915
4 1588 1583 1584 1506
4 1588 1587 1583 1506
4 3432 1216 1206 922
4 3432 2721 2993 918
4 3432 1216 1234 1193
4 3432 1257 1593 1193
4 1634 1514 1590 1507
4 1590 1481 1425 1423
4 1590 1425 1514 1423
4 1590 1478 1481 1423
4 3575 2747 3101 2746
4 1591 1515 1514 1509
4 1591 1514 1590 1509
4 1592 1529 942 940
4 3435 1592 1529 1528
4 4356 4354 4353 4347
4 3579 1483 1110 1089
4 3579 1162 897 889
4 1592 1529 1528 942
4 3432 1231 954 953
4 1634 1590 1593 1507
4 1631 951 1218 920
4 1594 1590 1508 1507
4 1594 1593 1590 1507
4 1595 1590 1512 1508
4 1595 1594 1590 1508
4 3445 1657 1655 1481
4 3445 3086 3432 2994
4 3445 1582 1577 1562
4 3447 3445 1553 1551
4 1657 1655 1481 1425
4 3575 3092 3093 1702
4 3447 3445 1554 1553
4 3575 3175 3142 3058
4 1659 1564 1567 1509
4 1659 1557 1564 1509
4 1659 1658 1564 1557
4 1659 1481 1655 1425
4 3445 1591 1590 1567
4 3445 1595 1590 1589
4 1659 1600 1557 1509
4 3525 1601 1607 1454
4 1601 983 960 865
4 1610 1454 1609 1400
4 1696 1032 1673 1031
4 3432 3086 3087 918
4 1613 1612 1604 958
4 1644 992 997 989
4 1602 1013 962 957
4 3525 1240 1239 903
4 1696 1672 1691 1031
4 1621 1613 1610 1454
4 1628 1607 984 983
4 1613 959 1612 958
4 1644 994 997 992
4 1608 962 958 957
4 1608 1604 1603 957
4 1621 1610 969 964
4 1690 1669 1668 1028
4 1684 1012 1683 1011
4 1616 1454 1615 1400
4 1628 1607 1601 1454
4 3591 3525 899 898
4 1674 1670 1485 1454
4 1608 1601 1605 1454
4 1608 1605 1601 960
4 1608 961 1606 960
4 1608 1606 1605 960
4 1628 1608 1601 960
4 1644 1643 1641 1454
4 1607 1037 984 983
4 1690 1689 1488 1486
4 3525 3432 3088 918
4 1620 973 965 964
4 1690 1027 1666 1026
4 3525 1269 1268 1267
4 1628 1601 1607 983
4 1614 1478 1609 1454
4 3525 1614 1613 1454
4 1621 974 966 962
4 1653 1454 1652 1400
4 1650 1454 1649 1400
4 1690 1667 1668 1027
4 1610 969 964 963
4 1621 1615 1454 1400
4 1654 1649 1652 1454
4 1618 1454 1611 1400
4 1621 1618 1610 964
4 1618 1611 1610 963
4 1618 1610 1611 1454
4 1613 1609 1610 1454
4 1614 1609 1613 1454
4 1613 1604 1612 1454
4 1613 1610 1609 966
4 1621 1610 1618 1454
4 1621 1620 1618 964
4 1613 962 966 958
4 1613 1608 962 958
4 1621 1613 1608 962
4 1702 1700 1057 1049
4 1690 1649 1682 1454
4 1614 1609 967 966
4 1614 1613 1609 966
4 1654 1653 1652 979
4 1690 971 1616 962
4 1620 1618 1619 1454
4 1621 1615 970 962
4 1621 1608 1615 962
4 1619 1454 1618 1400
4 1620 1454 1619 1400
4 1621 973 1620 964
4 1620 1619 1618 964
4 1621 970 974 962
4 1621 974 973 964
4 1621 1608 1613 1454
4 1621 1615 1608 1454
4 1621 974 969 966
4 1621 969 1610 966
4 3613 1593 3434 1537
4 1627 1218 949 948
4 1633 1632 1218 920
4 1623 1218 945 944
4 1623 1622 1218 944
4 3432 1234 1257 1193
4 1634 1257 1234 917
4 1634 1218 1193 917
4 1632 1541 1534 1216
4 1632 1631 1624 1216
4 1627 1625 1626 1593
4 1627 1218 1626 1216
4 3434 1622 1627 1593
4 3434 1627 1626 1593
4 3434 1593 1625 1538
4 1626 1625 1218 948
4 1627 1218 1622 944
4 1626 1218 1625 1216
4 1627 1626 1218 948
4 1627 1538 1593 1536
4 1627 1625 1593 1538
4 1632 1624 1631 1593
4 1627 1624 1622 1216
4 1627 1538 1536 1216
4 1627 1625 1538 1216
4 1643 1642 1641 1454
4 3525 1262 1258 1241
4 3525 1239 1236 903
4 1694 1693 1039 1038
4 1646 1628 1645 984
4 1645 1628 1644 984
4 1702 1694 1057 1036
4 1700 1262 1263 1046
4 1690 1608 1616 1454
4 1690 1616 1617 1454
4 1636 1635 1630 1454
4 1690 1689 1688 1015
4 1690 1617 1649 1454
4 1629 985 1043 984
4 1629 1043 1628 984
4 1644 1639 992 989
4 1636 1628 1630 984
4 1630 1628 1043 984
4 3525 1454 1605 929
4 1630 986 987 984
4 1630 1043 986 984
4 1631 1218 951 950
4 1631 1624 1218 950
4 1634 1193 1257 917
4 1632 1218 1631 1216
4 1634 1234 1235 917
4 3432 1235 1234 1231
4 1634 1593 1257 1193
4 1632 1541 1593 1534
4 1632 1536 1541 1216
4 1632 1593 1541 1536
4 1632 1624 1627 1216
4 1632 1627 1536 1216
4 1632 1627 1593 1536
4 1632 1627 1624 1593
4 1633 1218 1632 1216
4 1634 1633 1218 917
4 1634 1593 1218 1216
4 1634 1220 1593 1216
4 1634 1218 1633 1216
4 1634 1534 1220 1216
4 1634 1534 1593 1220
4 1634 1632 1534 1216
4 1634 1633 1632 1216
4 1634 1632 1593 1534
4 1634 1632 1633 1593
4 3525 1269 1264 872
4 3525 3099 3100 1269
4 3525 3100 1702 1269
4 1636 987 989 984
4 1636 1630 1635 987
4 3525 3100 3099 1702
4 3525 1263 1702 1262
4 3525 1264 1263 1262
4 1702 1058 1059 1036
4 3525 1241 1700 1240
4 1694 1040 1044 1002
4 1702 1245 1701 1063
4 1702 1695 1694 1036
4 1644 1641 994 992
4 1639 991 992 989
4 1639 1638 991 989
4 1638 990 991 989
4 1638 1637 990 989
4 1639 1636 1638 989
4 1638 1636 1637 989
4 1694 1692 1687 1454
4 1644 1628 1636 984
4 1644 996 997 994
4 1644 1636 1639 989
4 3525 1641 1702 1454
4 1641 1639 1640 992
4 3683 3074 3032 2988
4 1702 1692 1687 1049
4 1694 1690 1608 962
4 1641 993 994 992
4 1641 1640 993 992
4 3683 3074 2988 2987
4 1702 1675 1698 1485
4 1702 1644 1645 1454
4 1644 1641 1643 994
4 3032 2997 3649 2996
4 1644 1643 996 994
4 1644 1636 989 984
4 1644 989 997 984
4 1643 1641 1642 994
4 3032 3028 3649 2998
4 1643 995 996 994
4 1643 1642 995 994
4 1702 1063 1062 1061
4 1646 999 1000 984
4 1646 1645 999 984
4 1645 997 999 984
4 1645 1644 997 984
4 1677 1047 1009 1003
4 1702 1681 1700 1676
4 1694 1039 1044 1038
4 1694 1692 1693 1038
4 1694 1646 1000 984
4 1694 984 1044 962
4 1694 1628 984 962
4 1694 1047 1040 1002
4 1694 1646 1647 1000
4 1683 1454 1682 1400
4 1691 1690 1488 1486
4 1690 1014 1684 1011
4 1654 1652 1649 975
4 1684 1428 1486 1400
4 1654 1454 1653 1400
4 1652 1651 1650 976
4 1654 981 979 975
4 1652 1650 1649 975
4 1652 979 977 976
4 1652 979 976 975
4 1652 976 1650 975
4 1652 977 1651 976
4 1654 979 1652 975
4 1700 1240 1241 1046
4 1654 981 980 979
4 1654 980 1653 979
4 1657 1656 1655 1596
4 3445 1584 1589 1582
4 3447 3445 1656 1655
4 3447 3445 1659 1658
4 1657 1598 1596 1425
4 1657 1596 1655 1425
4 1657 1598 1597 1596
4 1657 1597 1656 1596
4 3575 2737 2739 2736
4 1659 1567 1590 1509
4 1659 1590 1481 1425
4 1659 1590 1514 1509
4 1659 1514 1600 1509
4 1659 1514 1590 1425
4 1659 1600 1514 1425
4 1694 1646 1628 1454
4 1690 1019 971 962
4 1702 1687 1700 1049
4 1682 1011 981 975
4 1682 1660 1654 981
4 3525 3098 3099 919
4 1702 1697 1036 1035
4 1690 1019 1016 1015
4 1688 1023 1662 1018
4 3525 903 3465 901
4 1689 1688 1489 1488
4 3446 1665 1664 1485
4 1689 1026 1665 1025
4 1690 1015 1688 1014
4 1682 982 1660 981
4 1702 1697 1699 1036
4 3525 1638 1639 1454
4 3446 1666 1665 1485
4 1685 1047 1678 1003
4 3446 1668 1666 1485
4 1689 1665 1664 1025
4 1702 1695 1699 1454
4 3446 1669 1485 1484
4 1689 1663 1662 1023
4 1696 1674 1673 1032
4 3525 1606 1605 1454
4 1691 1690 1668 1666
4 1682 1454 1661 1400
4 1696 1691 1486 1454
4 1699 1694 1690 1454
4 1702 1700 1686 1047
4 1702 1063 1061 1060
4 1690 1689 1662 1489
4 1690 1689 1663 1662
4 1690 1689 1489 1488
4 1690 1668 1666 1027
4 1690 1666 1665 1026
4 1702 1245 1058 1057
4 1696 1690 1691 1454
4 1324 1323 1500 1280
4 1682 1661 1660 982
4 1682 1011 1010 982
4 1702 1245 1063 1058
4 1696 1675 1674 1033
4 1690 1684 1688 1454
4 1690 1617 1616 971
4 1702 1698 1697 1035
4 1702 1270 1245 1057
4 3464 1702 1248 1247
4 1702 1701 1245 1243
4 1702 1700 1685 1678
4 1702 1693 1692 1049
4 1702 1262 1700 1258
4 1702 1700 1643 1642
4 3525 1258 1700 1241
4 1702 1687 1692 1454
4 1702 1063 1059 1058
4 1702 1694 1693 1057
4 1702 1454 1685 1047
4 1702 1697 1675 1454
4 1702 1700 1644 1643
4 1702 1681 1676 1454
4 1702 1700 1646 1645
4 1681 1648 1679 998
4 1677 1009 1047 1002
4 1677 1047 1648 1002
4 1681 1680 1679 1454
4 1677 1008 1009 1007
4 1677 1676 1008 1007
4 1677 1007 1009 1002
4 1681 1676 1677 1007
4 1678 1047 1677 1003
4 1702 1686 1687 1454
4 1685 1454 1678 1047
4 1678 1454 1677 1047
4 1702 1676 1677 1454
4 1681 1680 1006 998
4 1702 1677 1678 1454
4 1681 1006 1007 998
4 1702 1645 1646 1454
4 1681 1679 1680 998
4 1700 1264 1272 1057
4 1681 1007 1677 1002
4 1681 1677 1648 1002
4 1681 1648 1677 1454
4 1681 1677 1676 1454
4 1681 1007 1002 998
4 1681 1002 1648 998
4 1697 1696 1675 1674
4 3525 1640 1641 1454
4 1696 1020 1691 1019
4 1687 1047 1686 1040
4 1687 1041 1042 1040
4 1694 1628 1646 984
4 1687 1686 1041 1040
4 1691 1690 1662 1489
4 1690 1689 1664 1663
4 1690 1665 1689 1026
4 1689 1024 1663 1023
4 1689 1025 1664 1024
4 1690 1019 1011 975
4 1690 1016 1689 1015
4 1699 1695 1694 1454
4 1697 1489 1670 1454
4 1690 1668 1667 1028
4 1690 1019 972 971
4 1690 972 1617 971
4 1690 1649 1617 972
4 1690 1682 1649 975
4 1690 1019 975 972
4 1690 975 1649 972
4 1691 1029 1670 1028
4 1691 1030 1671 1029
4 1691 1672 1671 1030
4 1702 1263 1700 1262
4 1696 1021 1020 1019
4 1696 1691 1690 1019
4 1696 1691 1488 1486
4 1691 1690 1664 1663
4 1691 1690 1665 1664
4 1691 1670 1669 1028
4 1691 1669 1690 1028
4 1691 1031 1672 1030
4 3525 1262 1241 1240
4 1694 1628 1608 1454
4 1694 1648 1454 1047
4 1696 1034 1675 1033
4 1694 1454 1687 1047
4 1694 1608 1628 962
4 1694 1647 1646 1454
4 1694 1042 1044 1040
4 1694 1687 1042 1040
4 1694 1044 1042 1038
4 1694 1042 1687 1038
4 1694 1001 1044 1000
4 1694 1647 1001 1000
4 1694 1647 1648 1001
4 1694 1648 1047 1002
4 1694 1002 1044 1001
4 1694 1648 1002 1001
4 1695 1044 1045 1022
4 1695 1694 1044 1022
4 1696 1691 1489 1488
4 1697 1673 1674 1670
4 1697 1696 1674 1673
4 1696 1691 1668 1666
4 1697 1486 1489 1454
4 1696 1691 1672 1671
4 1697 1696 1486 1454
4 1696 1691 1662 1489
4 1696 1691 1663 1662
4 1697 1666 1670 1489
4 1696 1691 1666 1665
4 1697 1671 1673 1670
4 1696 1691 1669 1668
4 1696 1691 1670 1669
4 1697 1696 1671 1670
4 1696 1691 1664 1663
4 1696 1691 1665 1664
4 1697 1488 1489 1486
4 1697 1696 1488 1486
4 1697 1696 1489 1488
4 1697 1663 1666 1489
4 1697 1668 1670 1666
4 1697 1696 1668 1666
4 1697 1672 1673 1671
4 1697 1696 1672 1671
4 1697 1696 1673 1672
4 1697 1662 1663 1489
4 1697 1696 1662 1489
4 1697 1696 1663 1662
4 1697 1665 1666 1663
4 1697 1696 1666 1665
4 1697 1669 1670 1668
4 1697 1696 1669 1668
4 1697 1696 1670 1669
4 1697 1664 1665 1663
4 1697 1696 1664 1663
4 1697 1696 1665 1664
4 3464 1702 1274 1272
4 1702 1700 1648 1647
4 1702 1646 1647 1454
4 1699 1690 1696 1454
4 1699 1021 1022 1005
4 1699 1696 1021 1005
4 1699 1694 1022 1019
4 1699 1690 1694 1019
4 1699 1696 1690 1019
4 1699 1022 1021 1019
4 1699 1021 1696 1019
4 1702 1692 1693 1454
4 1702 1699 1697 1454
4 1702 1249 1248 1247
4 1702 1685 1700 1047
4 1701 1264 1263 1063
4 1701 1263 1264 1243
4 1701 1245 1264 1063
4 1701 1264 1245 1243
4 1702 1680 1681 1454
4 1702 1700 1680 1679
4 1702 1647 1648 1454
4 1702 1700 1679 1648
4 1702 1679 1680 1454
4 1702 1648 1679 1454
4 3500 726 2181 300
4 3490 828 797 506
4 1762 78 294 76
4 1770 100 78 76
4 1780 1777 1775 1721
4 1869 1809 1816 349
4 3810 3704 2446 2080
4 3503 1788 3500 1787
4 2147 2141 1797 1796
4 3490 726 1769 505
4 2419 2415 2418 2384
4 2237 2234 2235 1934
4 3500 1759 1784 726
4 1762 1709 1715 1705
4 1771 1770 1769 1716
4 1791 1733 1739 1729
4 1906 1905 1852 1851
4 1771 1716 1769 1703
4 1759 1757 1756 1703
4 1878 1875 1822 1821
4 2194 2133 2148 2132
4 3491 3490 807 806
4 1982 1891 1893 1838
4 3585 1795 1796 1794
4 1769 1709 1763 1705
4 1791 1787 1790 1734
4 1863 401 1809 349
4 3585 1892 1893 1891
4 4087 4058 4077 3984
4 3589 116 3527 115
4 2183 2181 2182 2147
4 1894 1874 1872 521
4 3558 1578 1473 530
4 3500 2181 2128 221
4 2187 2147 1797 1796
4 3661 525 3585 524
4 3585 1867 1771 1757
4 2616 2613 2562 2561
4 3589 1771 1773 100
4 1878 1874 1875 1821
4 1791 1782 1729 1703
4 2308 2253 2254 2247
4 3585 1782 1791 1757
4 2401 2381 2383 2380
4 1771 1718 1716 1703
4 2229 528 2228 500
4 2177 2169 1925 1924
4 4284 3846 4174 3733
4 2429 529 2422 528
4 2162 2160 2161 1974
4 3500 1761 294 241
4 1806 1802 1801 1748
4 3490 797 513 509
4 3585 1790 1791 1787
4 1796 1793 1794 1741
4 2228 2216 2227 528
4 2353 2312 2345 2258
4 2629 2627 2612 2561
4 1982 1920 1917 1748
4 1796 1742 1744 1741
4 2264 2262 2261 2258
4 4259 4203 4160 4109
4 3661 529 3475 528
4 3585 1781 1862 296
4 3503 1789 3500 1788
4 3491 3490 816 814
4 1791 1734 1739 1733
4 3475 2353 3423 2306
4 2395 2233 2226 2232
4 2616 2612 2613 2561
4 2365 1998 2273 1953
4 3500 2147 2187 1794
4 1976 1791 1793 1739
4 1772 78 1764 76
4 1862 296 1781 255
4 3585 1787 1791 1786
4 1796 1794 1742 1741
4 3485 248 294 99
4 1862 1727 1781 1726
4 3430 2159 2162 2152
4 2414 2314 2316 2308
4 3567 3124 3129 3118
4 1900 1898 1899 1845
4 1976 1741 1916 1739
4 3869 3585 1983 1800
4 1806 1801 1805 1748
4 3475 2444 3423 2353
4 1863 398 401 349
4 3490 834 835 833
4 2479 2117 2105 2104
4 3585 1766 1767 726
4 3598 3426 2169 2168
4 1804 1802 1803 1749
4 1867 1865 1771 1718
4 2009 1961 1956 1955
4 1798 1797 1745 1741
4 3661 520 519 398
4 3426 2238 2234 2232
4 3490 835 512 511
4 2147 2141 1798 1797
4 1796 1794 1795 1742
4 1862 1728 1727 1726
4 1771 1769 1757 1703
4 1761 1756 294 241
4 1771 1718 1717 1716
4 3490 525 526 496
4 3589 264 246 237
4 1797 1793 1796 1741
4 3503 1761 3500 241
4 1767 294 1766 241
4 1790 1737 1738 1736
4 3503 1785 3500 1782
4 1769 1765 1757 1703
4 1759 1735 1731 1703
4 1763 1709 1762 1705
4 3485 1772 1769 78
4 1784 1783 1782 1729
4 3585 527 2187 526
4 1758 726 1757 294
4 3585 1898 1890 1867
4 1757 294 1756 241
4 1765 1705 1704 1703
4 1768 1762 294 241
4 1758 294 1757 241
4 1767 726 1766 294
4 1765 294 1758 241
4 1765 726 1758 294
4 3585 1793 1976 1791
4 3585 1772 1769 726
4 1768 1767 1766 1712
4 1765 1763 1762 1705
4 1759 1708 1756 1706
4 3503 3500 1760 1759
4 1760 1759 1756 1706
4 3500 1761 726 294
4 3585 2233 1981 1976
4 1761 1756 1707 1706
4 1761 1760 1756 1706
4 1761 1756 726 294
4 3503 1790 3500 1789
4 3491 3490 809 808
4 1769 1763 1765 1705
4 1777 1723 1722 1721
4 3589 264 237 135
4 1769 1716 1711 1709
4 1769 1716 1705 1703
4 1772 1769 726 505
4 1772 1711 1710 1709
4 1765 1758 1757 1703
4 1769 1705 1765 1703
4 3585 1776 1777 834
4 1772 1710 1764 1709
4 3824 3810 2277 2275
4 1768 294 1767 241
4 3491 3490 838 837
4 3585 1797 1798 1793
4 1768 726 1767 294
4 1768 1714 1713 1712
4 1768 1762 1714 1705
4 1768 1765 1762 1705
4 1768 1766 1765 1705
4 1768 1714 1712 1705
4 1768 1712 1766 1705
4 1791 1757 1782 1703
4 1862 1781 1780 1726
4 1771 1717 1770 1716
4 1778 296 1777 255
4 3638 3294 3614 1472
4 1772 1763 1769 1709
4 1772 1769 1711 1709
4 3661 1906 3558 1905
4 3585 1769 1772 1763
4 1776 296 100 77
4 3490 824 807 802
4 1777 296 1776 255
4 3661 3496 1864 307
4 1776 255 296 77
4 1775 1721 1720 1719
4 1776 100 1775 77
4 1775 1720 1774 1719
4 3490 833 831 830
4 1775 1774 1773 1719
4 1775 1721 1719 1718
4 1775 1719 1773 1718
4 1791 1738 1739 1734
4 1804 1803 1750 1749
4 3490 836 840 831
4 1777 1722 1776 1721
4 1777 1776 1775 1721
4 1780 1779 1777 1723
4 3585 524 3490 523
4 1779 1778 1777 1723
4 1780 296 1779 255
4 1779 1724 1778 1723
4 1779 1725 1724 1723
4 1780 1726 1725 1723
4 1791 1786 1733 1729
4 1891 1801 1802 1748
4 3661 1863 1868 521
4 1780 1726 1723 1721
4 1780 1723 1777 1721
4 1791 1790 1738 1734
4 1790 1789 1737 1736
4 1784 1731 1730 1729
4 1784 1757 1759 1703
4 1784 1759 1731 1703
4 1784 1782 1757 1703
4 1784 1731 1729 1703
4 1784 1729 1782 1703
4 3585 1759 1760 726
4 3500 2187 2181 726
4 3503 3500 1784 1783
4 3585 1772 1764 1763
4 3987 3972 2642 2639
4 1790 1787 1788 1734
4 1790 1788 1736 1734
4 1791 1782 1786 1729
4 2076 1932 2023 1929
4 1891 1802 1804 1749
4 3490 828 826 825
4 3661 1901 1902 521
4 3490 835 522 512
4 3661 3558 524 523
4 2609 2556 2555 2554
4 1798 1745 1746 1741
4 1982 1801 1891 1748
4 1793 1791 1792 1739
4 2237 1936 1939 1935
4 1793 1740 1741 1739
4 1793 1792 1740 1739
4 3597 2522 2468 2255
4 3475 528 2414 500
4 1796 1795 1743 1742
4 1796 1743 1744 1742
4 2612 1467 2560 1100
4 1797 1796 1744 1741
4 3585 726 3490 510
4 1976 1975 1915 1746
4 3585 1900 3499 1898
4 2414 2236 2395 2235
4 1808 1806 1807 1753
4 3490 829 832 828
4 3946 3628 3451 3448
4 2177 1989 1927 1922
4 1869 1811 1816 1809
4 3638 1592 3445 1468
4 3475 2353 2306 2302
4 2177 1987 2172 1924
4 1901 1894 1896 1841
4 1894 1872 1874 1819
4 3672 1984 3662 1980
4 2009 1961 1932 1931
4 2020 1967 2018 1964
4 1804 1750 1751 1749
4 3661 3496 1895 1894
4 3585 1779 1778 1777
4 3558 3494 1885 1884
4 1885 408 342 335
4 3502 1899 3499 1897
4 3427 2160 2159 2157
4 3661 3475 3585 500
4 1865 1728 1862 1726
4 1891 1804 1751 1749
4 3502 1893 3499 1892
4 1901 1894 1872 521
4 1869 398 1863 349
4 3585 2233 1982 1981
4 2147 2141 1794 1793
4 2610 2608 2560 1467
4 2081 2023 2076 1961
4 2147 2141 1796 1795
4 2612 1145 1467 1101
4 2233 528 2231 500
4 1806 1753 1749 1748
4 1806 1749 1802 1748
4 1806 1752 1753 1748
4 1806 1805 1752 1748
4 2538 2531 2532 2483
4 3585 1778 1779 296
4 1913 1832 1885 322
4 1911 1906 1907 1853
4 3585 1757 1758 726
4 2616 2613 2614 2562
4 1808 1753 1755 1749
4 2076 1993 2015 1929
4 1808 1806 1753 1749
4 3589 3485 3490 1770
4 3585 1768 1762 726
4 1808 1802 1806 1749
4 1808 1754 1755 1753
4 1808 1807 1754 1753
4 2339 2306 2338 2271
4 3614 3558 1473 530
4 3585 1780 1777 1775
4 3661 3558 527 526
4 3661 3496 1875 1874
4 3501 1874 3496 1873
4 1864 1809 1863 401
4 2627 2574 1116 1114
4 3661 518 517 398
4 3461 2610 3460 2608
4 3585 1799 1975 1798
4 1865 1780 1775 1721
4 1865 1775 1771 1718
4 1865 1812 1726 1721
4 1865 1812 1728 1726
4 1982 1891 1838 1748
4 1867 1814 1813 1812
4 1867 1814 1812 1718
4 1982 1791 1976 1739
4 3490 830 831 829
4 1815 1809 1810 401
4 1815 349 401 347
4 1815 1809 401 349
4 1864 1810 1809 401
4 1874 1820 1821 1819
4 3585 1784 1783 1782
4 1867 1814 1718 1703
4 3585 1784 1782 1757
4 3585 834 1778 296
4 1885 1832 368 367
4 3661 3558 525 524
4 2413 2401 2396 528
4 3467 1329 1500 1328
4 3585 1786 1791 1782
4 3585 1802 1891 1801
4 2627 2561 2574 1069
4 3421 2494 2522 2493
4 3585 1891 1982 1801
4 1872 1817 1819 1816
4 3585 1897 1899 1893
4 3558 530 529 528
4 1913 1819 1860 349
4 1904 1850 1851 1849
4 3585 1807 1808 1806
4 1883 1830 370 368
4 1880 1877 1824 1823
4 3597 2468 2259 2255
4 3638 3543 3459 3453
4 3661 1905 3558 521
4 4267 4240 4226 4207
4 1885 1883 409 368
4 1883 1881 414 370
4 3426 2238 2395 2234
4 3987 2644 3638 2643
4 2441 2430 2426 529
4 1884 1880 1877 1824
4 1885 368 409 367
4 1885 409 408 367
4 1904 1903 1902 521
4 3585 3499 1897 1889
4 3428 2204 2205 2187
4 3495 3494 1914 1908
4 3614 2647 2648 1467
4 3558 1884 1885 521
4 3794 3736 3735 3729
4 3495 1887 3494 1886
4 3558 1885 1886 521
4 3585 1779 1780 296
4 3501 1870 3496 1869
4 3585 1867 1866 1865
4 1896 1895 1842 1841
4 3592 835 315 307
4 1982 1838 1920 1748
4 3672 2236 3662 2232
4 1891 1751 1838 1749
4 3501 1875 3496 1874
4 1867 1866 1865 1812
4 3585 1862 1865 296
4 1867 1812 1865 1718
4 4128 1151 1500 1150
4 1894 1825 1841 1821
4 1901 1896 1894 521
4 1863 521 401 398
4 1896 1842 1843 1841
4 3681 3607 3238 3215
4 1894 1821 1841 1819
4 3663 1883 3558 1882
4 1872 1870 1871 1817
4 1869 1863 1809 349
4 3661 526 3585 525
4 3661 527 3585 526
4 1976 1798 1975 1746
4 1864 401 307 256
4 1874 1873 1820 1819
4 3501 1873 3496 1872
4 1867 1813 1866 1812
4 1885 342 327 322
4 3490 832 840 828
4 3614 2649 2646 1467
4 3585 1805 1806 1801
4 1906 1905 1904 521
4 3585 1777 1778 834
4 1874 1872 1873 1819
4 3704 3475 2366 2300
4 1913 1853 1860 1849
4 3585 1758 1765 726
4 3585 1866 3499 1865
4 2166 2165 1986 1985
4 1884 1827 1880 1824
4 3614 3460 2611 2610
4 1887 1886 1885 521
4 1874 1873 1872 521
4 3475 2335 2336 2334
4 2479 2112 2114 2085
4 3585 1893 1982 1891
4 3810 3558 2529 2446
4 1878 1822 1825 1821
4 4079 3942 3884 3802
4 1878 1875 1874 521
4 3558 524 523 500
4 1869 1863 1868 1809
4 1887 1885 1886 1832
4 1913 1906 1853 1849
4 2359 2055 2058 2053
4 1906 1852 1853 1851
4 3571 2365 2302 2273
4 2167 1987 1988 1924
4 1872 1870 1869 521
4 1880 1876 1877 1823
4 3460 2607 1152 1143
4 3585 1806 1802 1801
4 1913 1902 1901 521
4 1906 1851 1853 1849
4 1872 521 1869 398
4 1872 398 1869 349
4 3571 3423 2302 2301
4 1869 1868 1863 521
4 1872 1870 1817 1816
4 2158 2155 1970 1968
4 3614 2607 3460 2560
4 2166 2164 2165 1985
4 3558 530 523 522
4 2625 2623 2624 2567
4 3501 1895 3496 1894
4 3704 2079 2366 2074
4 3475 2338 2340 2311
4 3955 3551 1126 424
4 1911 1907 1854 1853
4 2218 2216 2217 500
4 1911 1854 1858 1853
4 2018 2003 2004 1942
4 1914 1857 1861 1855
4 1894 1878 1825 1821
4 1872 1869 1816 349
4 3500 294 300 221
4 1872 1816 1819 349
4 3686 2147 2141 1975
4 3501 1894 3496 1878
4 3585 3499 1892 1891
4 1880 1824 1827 1823
4 1872 1871 1870 521
4 2085 2018 1964 1961
4 1894 1878 1874 521
4 1893 1891 1892 1838
4 2148 2147 2141 1968
4 3585 1771 3490 1770
4 1901 1872 1894 1819
4 1913 1848 1860 1819
4 1885 342 521 327
4 3661 1903 1904 521
4 3585 1899 1898 1867
4 1914 1910 1908 521
4 1906 1904 1905 1851
4 3475 2413 2414 528
4 3490 523 494 493
4 2479 2358 2359 2106
4 3585 1759 1784 1757
4 1898 1890 1867 1814
4 3490 835 836 833
4 3987 3638 3833 3614
4 4036 3946 3950 3858
4 3585 1899 1900 1898
4 3585 1792 1793 1791
4 3585 1770 3490 1769
4 3585 1785 1786 1782
4 3585 1782 1783 726
4 3585 2187 1792 1791
4 3661 3496 1869 1868
4 3704 2300 2366 2078
4 3585 1783 1784 726
4 3661 835 3592 307
4 3661 3496 1896 1895
4 3661 3496 1868 1863
4 1864 1863 521 401
4 3661 3490 3585 835
4 1865 296 1862 255
4 1865 1721 1775 1718
4 1865 1812 1721 1718
4 3490 828 824 797
4 1867 1718 1771 1703
4 3585 2395 527 500
4 3502 3499 1900 1898
4 1867 1771 1757 1703
4 3661 1902 1903 521
4 3502 3499 1893 1889
4 1982 1893 1840 1838
4 3661 3592 3497 3496
4 3475 2334 2338 2311
4 3598 2177 2237 2172
4 2233 2187 2206 1975
4 1894 1874 1878 1821
4 3585 2187 1798 1797
4 3588 2156 3427 2155
4 1880 1877 1876 521
4 2629 2621 2620 1467
4 1910 1908 1909 1855
4 1906 1904 1851 1849
4 2255 2083 2096 2082
4 3568 2648 3543 2647
4 1885 1883 521 409
4 1910 1909 1908 521
4 1885 1884 1831 1827
4 1887 1882 1883 1829
4 2216 2191 2193 500
4 3672 3585 2414 2395
4 3752 3664 3537 3252
4 3663 850 3558 408
4 3558 2522 2529 530
4 1883 1881 521 414
4 1883 1830 1828 370
4 1883 1828 1881 370
4 1883 414 409 368
4 1883 414 521 409
4 1885 1832 1830 368
4 1887 1830 1834 1829
4 1885 1880 1884 1827
4 3664 3006 2838 2837
4 3558 3494 1880 1879
4 1885 1831 1832 1827
4 1885 409 521 408
4 1884 1877 1880 521
4 1913 1880 1910 521
4 1885 408 521 342
4 1885 1830 1883 368
4 1885 1832 367 335
4 1885 1884 1880 521
4 1885 335 342 322
4 1885 1832 335 322
4 1913 1872 1819 349
4 1913 1901 1902 1848
4 1913 1906 1911 1853
4 3596 3034 3048 2981
4 2612 1101 1467 1100
4 1887 1883 1830 1829
4 1887 1833 1834 1832
4 1887 1886 1833 1832
4 1887 1883 1885 1830
4 1887 1883 1882 521
4 1887 1885 1883 521
4 1887 1832 1834 1830
4 1887 1885 1832 1830
4 1898 1845 1837 1814
4 1890 1888 1867 1814
4 1893 1892 1839 1838
4 3501 1872 3496 1871
4 3585 1780 1781 296
4 3585 2187 1975 1799
4 1890 1837 1835 1814
4 1890 1835 1888 1814
4 1976 1793 1741 1739
4 1899 1893 1897 1840
4 1891 1802 1749 1748
4 1891 1749 1838 1748
4 1982 1893 1791 1739
4 3585 1982 1983 1801
4 3585 1888 3499 1867
4 3638 3453 2624 2623
4 3502 1892 3499 1891
4 1893 1840 1814 1703
4 1893 1814 1867 1703
4 1893 1791 1739 1703
4 1893 1739 1840 1703
4 1893 1757 1791 1703
4 1893 1867 1757 1703
4 3500 2147 1794 1793
4 1896 1894 1895 1841
4 2366 2007 2008 1998
4 2414 2325 2320 2290
4 2147 2141 1795 1794
4 1899 1898 1867 1814
4 1897 1893 1889 1836
4 1897 1844 1840 1836
4 1897 1840 1893 1836
4 1898 1837 1890 1814
4 1899 1867 1893 1814
4 1899 1846 1845 1814
4 1899 1845 1898 1814
4 1899 1844 1846 1840
4 1899 1897 1844 1840
4 1899 1840 1846 1814
4 1899 1893 1840 1814
4 1900 1899 1846 1845
4 3536 2236 2308 2235
4 3638 2647 3614 2646
4 1901 1841 1848 1819
4 1901 1894 1841 1819
4 1901 1843 1848 1841
4 1901 1896 1843 1841
4 2410 2402 2401 528
4 2078 2024 2077 1929
4 1904 1903 1850 1849
4 2081 2028 2023 1961
4 1906 1902 1904 1849
4 3571 3423 2355 2284
4 2479 2087 2086 2085
4 2645 2643 2644 2590
4 1906 1904 1902 521
4 3558 1911 1912 521
4 1911 1907 1906 521
4 2085 2038 2040 2037
4 3567 3119 3412 3118
4 3614 3519 3460 1152
4 1913 1860 1857 1827
4 2414 2316 2325 2292
4 2193 2190 2185 2184
4 2076 2015 1932 1929
4 1913 1880 1885 1827
4 3715 2180 2260 2174
4 3614 2609 1467 1099
4 1910 1880 1879 521
4 1414 1500 1412 1329
4 3862 3509 3602 3508
4 3672 1982 2206 1980
4 1913 1832 1860 1827
4 3588 2157 3427 2156
4 1910 1856 1857 1855
4 3523 2354 2355 2284
4 1913 1912 1911 521
4 3614 2643 2644 1467
4 3672 2232 3662 1984
4 1910 1879 1880 1826
4 3667 3426 2173 2168
4 3833 3614 3293 3252
4 1914 1913 1910 521
4 2206 1975 2187 1799
4 3733 1151 3467 1135
4 3564 3433 3071 3065
4 1910 1880 1827 1826
4 1913 1860 1832 322
4 1910 1909 1856 1855
4 1913 1885 1832 1827
4 3567 3412 3124 3118
4 1910 1827 1857 1826
4 3558 1909 1910 521
4 2522 2468 2282 2281
4 3614 2611 2612 1467
4 3638 2641 3614 2640
4 3614 3460 2610 2608
4 3575 3455 2656 2654
4 1913 1912 1859 1858
4 3869 1807 3585 1806
4 3558 3494 1910 1909
4 1913 1859 1860 1858
4 3837 3668 3749 3645
4 3558 2529 2446 529
4 3638 3614 1469 1447
4 3575 1485 3165 1469
4 3614 2638 2639 1467
4 1913 1857 1910 1827
4 3558 1906 1907 521
4 3558 408 850 407
4 3571 2272 2273 2258
4 1914 1910 1913 1857
4 3501 1896 3496 1895
4 3664 3006 3241 2838
4 2479 2275 2446 2031
4 1913 1911 1858 1853
4 1913 1885 1880 521
4 1913 1901 1872 521
4 1913 521 1872 398
4 3614 2610 2611 1467
4 1913 1901 1848 1819
4 1913 398 1872 349
4 3614 1468 1578 1467
4 1913 1872 1901 1819
4 3638 2618 2619 1467
4 1913 1910 1880 1827
4 1913 1858 1860 1853
4 3638 3543 2641 2640
4 1913 1911 1912 1858
4 1913 1849 1860 1848
4 1913 1902 1849 1848
4 1913 1902 1906 1849
4 1913 1906 1902 521
4 1913 1911 1906 521
4 1914 1860 1861 1857
4 3614 3252 2522 530
4 1914 1913 1860 1857
4 1913 398 349 322
4 1913 349 1860 322
4 1913 327 398 322
4 1913 1885 327 322
4 1913 521 398 327
4 1913 1885 521 327
4 3614 1578 3519 1152
4 3614 2633 2634 1467
4 3558 1912 1913 521
4 3558 1910 3494 1879
4 3638 3614 2648 1467
4 3614 3293 3252 1473
4 3638 2622 2629 1467
4 3898 3778 3779 3755
4 3490 830 829 828
4 1975 1799 1747 1746
4 1982 1916 1920 1739
4 2152 2149 2150 1968
4 1976 1793 1798 1741
4 1976 1798 1746 1741
4 1976 1746 1916 1741
4 2365 2302 2273 1998
4 3663 3558 1883 1881
4 2177 1989 1987 1924
4 1982 1976 1981 1916
4 2215 2208 2209 2207
4 2215 2214 2208 2207
4 3548 3516 3485 102
4 2420 2414 2352 2351
4 3585 2414 2395 500
4 2281 2280 2099 2098
4 2414 2308 2316 2295
4 3266 3265 3252 3222
4 3490 523 524 494
4 2218 528 2216 500
4 3500 1761 1760 726
4 2172 2167 2168 1924
4 2219 2216 2218 528
4 2081 2027 2080 2023
4 3661 3558 529 528
4 2085 2009 2018 1961
4 3585 2187 2233 1976
4 3688 3575 3670 1593
4 3425 2414 2321 2290
4 2237 2177 2175 1928
4 2420 2367 2319 2316
4 2230 2216 2229 528
4 2394 2231 2233 528
4 2316 2263 2292 2247
4 3977 3704 3872 3661
4 2221 2175 2177 1922
4 3523 3423 2353 2272
4 2187 2147 1796 1795
4 3662 2232 2236 1936
4 2839 2786 2782 2780
4 2018 2011 1959 1943
4 3541 2456 2457 2286
4 2175 2174 1923 1922
4 2199 2175 2176 1928
4 2177 2172 2168 1924
4 2177 2168 2169 1924
4 2166 1990 1987 1936
4 2237 2235 1935 1934
4 3490 833 830 506
4 3485 682 220 90
4 2047 1967 1966 1964
4 3525 1604 1603 1454
4 2428 2405 2406 529
4 3427 2231 2233 2225
4 2197 2196 2148 2147
4 2456 2281 2100 2098
4 3575 2745 3090 2744
4 3261 3252 3259 3201
4 3872 1904 3661 1903
4 2339 2332 2306 2271
4 3661 3490 835 522
4 3704 2446 2080 2076
4 3664 3537 3252 3006
4 2308 2254 2287 2199
4 3977 1907 3558 1906
4 2081 2028 2027 2023
4 2104 2050 2051 2049
4 3745 796 3506 795
4 2459 2455 2123 2122
4 2610 2557 2558 2554
4 3810 3704 3558 2446
4 3571 3423 2283 2273
4 2076 2022 2075 2021
4 3686 2206 2147 1975
4 2394 529 2216 528
4 3475 2446 2444 529
4 2227 2216 2219 528
4 2423 529 2394 528
4 2361 1951 1953 1947
4 2479 2366 2012 2011
4 2018 2009 2003 1942
4 2348 2347 2341 2312
4 1434 1500 1401 1319
4 2479 2114 2115 2090
4 2079 2076 2074 2021
4 2419 2406 2400 529
4 2162 1977 1978 1974
4 3500 1783 1782 726
4 3500 726 300 294
4 4364 178 4360 177
4 3500 300 2181 221
4 3686 2206 3582 2147
4 2219 528 2218 500
4 2147 2141 1975 1799
4 3500 1794 2187 1793
4 2233 2231 2187 500
4 2228 2215 2193 500
4 2415 2407 2408 528
4 2206 2147 1975 1799
4 1975 1798 1799 1746
4 1982 1976 1916 1739
4 3490 496 497 478
4 2187 2182 2183 2181
4 3426 2234 2235 2232
4 2233 2206 1976 1975
4 3869 3585 3672 2233
4 3585 1761 1760 1756
4 2182 2129 2147 2128
4 2215 2207 2209 2192
4 2479 2076 2366 2075
4 3490 831 832 829
4 3585 1897 1893 1889
4 3490 833 836 831
4 1982 1919 1920 1916
4 1982 1840 1920 1838
4 1982 1840 1893 1739
4 1982 1920 1840 1739
4 1983 1800 1801 1748
4 1983 1917 1800 1748
4 1983 1801 1982 1748
4 1983 1982 1917 1748
4 3490 497 526 478
4 3672 2206 2232 1984
4 2228 528 2227 500
4 2215 2193 2213 2192
4 2189 2188 2148 2147
4 2216 2190 2191 500
4 2228 2193 2215 2192
4 3672 3585 2395 2233
4 2306 2273 2302 2250
4 3427 2205 2187 2184
4 2414 2314 2199 2176
4 2230 528 2229 500
4 3426 2173 2168 2167
4 3585 1862 1781 1780
4 2166 2164 1985 1936
4 3598 3426 2172 2171
4 3661 3592 3496 307
4 3430 2150 2152 2149
4 2228 2219 2218 500
4 2216 2214 2215 500
4 2237 2172 2177 1939
4 2166 1985 1990 1936
4 2193 2190 2191 2185
4 3598 2165 2166 2164
4 2215 2213 2214 2207
4 2229 2216 2228 528
4 2166 1986 1990 1985
4 3869 1801 3585 1800
4 3661 3558 2446 529
4 2366 2300 2016 1993
4 3415 3058 3054 2986
4 3869 2206 3672 1982
4 2479 2009 2366 2008
4 3972 3685 3740 2644
4 3638 3629 1592 1260
4 2004 2003 1996 1941
4 2479 2002 2366 2001
4 2455 2286 2098 2097
4 2015 2009 1932 1931
4 2479 2116 2117 2092
4 3715 2260 2314 2175
4 2018 1963 1964 1962
4 2437 2435 2434 2425
4 2366 2000 2001 1999
4 3672 2233 2232 2206
4 3661 1878 1894 521
4 2003 2001 2000 1942
4 2365 1997 1998 1994
4 2366 2002 2007 1999
4 3598 2237 2177 2175
4 3609 2180 2179 2178
4 2479 2078 2077 1993
4 2018 2011 2013 1959
4 3502 1900 3499 1899
4 2004 1943 1942 1941
4 2479 2083 2255 2082
4 2429 2367 2370 2351
4 2479 2106 2112 2018
4 2479 2104 2018 1967
4 2001 1949 1948 1942
4 2001 1948 2000 1942
4 2007 2002 2003 1942
4 2009 2007 2003 1942
4 2002 1954 1949 1942
4 2002 1949 2001 1942
4 3423 2357 2360 2356
4 2349 2348 2342 2312
4 2479 2089 2087 2085
4 2018 1962 1964 1959
4 2009 1956 2008 1955
4 2018 1959 1964 1943
4 2004 1942 2003 1941
4 2018 2004 2011 1943
4 2348 2347 2312 2306
4 3661 3558 522 521
4 2018 2013 1962 1959
4 2006 2004 2005 1943
4 2006 1952 1957 1943
4 2006 2005 1952 1943
4 3423 2444 2392 2353
4 2007 1955 1954 1942
4 2007 1954 2002 1942
4 2479 2105 2106 2104
4 3641 2309 2301 2256
4 2009 2008 2007 1955
4 2009 1961 1955 1942
4 2009 1955 2007 1942
4 2018 2004 1943 1942
4 2010 2004 2006 1943
4 2010 1957 1958 1943
4 2010 2006 1957 1943
4 2011 2004 2010 1943
4 2011 1958 1959 1943
4 2011 2010 1958 1943
4 2018 2017 1963 1962
4 2013 2011 2012 1959
4 2013 1960 1962 1959
4 2013 2012 1960 1959
4 3571 2360 2361 2355
4 3532 2522 3421 2512
4 3467 1500 1421 1418
4 2016 2015 1993 1929
4 2337 2330 2331 2306
4 2015 2014 2009 1931
4 2016 1933 1932 1929
4 2366 2117 2104 2103
4 2349 2342 2343 2312
4 2018 1943 1964 1942
4 3495 3494 1880 1876
4 2016 1932 2015 1929
4 2423 2395 2420 528
4 2418 2401 2417 529
4 2018 2013 2017 1962
4 2430 2427 2398 2369
4 2018 1964 1961 1942
4 2018 1961 2009 1942
4 2079 2078 2076 2023
4 3661 1864 521 401
4 2020 2018 2019 1964
4 2020 1966 1967 1964
4 3598 2236 2232 2164
4 2413 2409 2408 528
4 3475 2339 2340 2338
4 2020 1965 1966 1964
4 2020 2019 1965 1964
4 2479 2009 2007 2003
4 2365 2362 1994 1953
4 3558 1877 1884 521
4 2446 530 2445 529
4 2414 2324 2325 2323
4 3541 3419 2282 2281
4 3585 1796 1797 1793
4 2522 2508 2513 2506
4 2079 2025 2078 2023
4 2085 2039 2038 2037
4 2076 1961 2023 1932
4 2076 2015 2009 1932
4 3585 1982 1893 1791
4 3501 1878 3496 1875
4 2479 2003 2002 2001
4 4128 1149 1500 1127
4 4360 767 4352 766
4 3704 2080 3621 2076
4 2076 2023 2022 2021
4 2633 2616 2612 1467
4 2479 2076 2075 2074
4 4128 3570 1500 1342
4 2479 2016 2366 2015
4 2078 2025 2024 1929
4 3869 3848 1805 1801
4 2076 2009 1961 1932
4 3740 2954 3685 2953
4 2076 2075 2074 2021
4 2281 2099 2100 2098
4 3586 3420 3541 2478
4 2479 2092 2118 2091
4 2112 2107 2108 2061
4 2082 2035 2034 2033
4 2479 2013 2018 2011
4 2627 1167 1467 1112
4 3558 1883 1881 521
4 2637 2612 2629 1467
4 2627 2626 1467 1169
4 2394 2216 2231 528
4 2443 2390 2391 2389
4 2479 2366 2004 1996
4 2479 2366 2019 2018
4 2450 2058 2059 2053
4 2281 2259 2095 2094
4 3810 2529 2479 2278
4 3567 3412 3128 3125
4 2647 2629 2625 1467
4 2104 2018 1967 1964
4 3571 2366 2300 2016
4 2479 2087 2476 2086
4 2364 1995 1997 1994
4 2456 2125 2127 2120
4 2255 2085 2096 2040
4 3663 3551 3558 850
4 2455 2285 2286 2097
4 2468 2282 2467 2259
4 2114 2045 2090 2044
4 3427 2233 2226 2225
4 3792 3115 3777 2650
4 2479 2359 2112 2106
4 3598 2171 2172 2170
4 2193 2190 2187 500
4 2049 2048 2047 1967
4 2366 2078 2300 2077
4 2366 2077 2300 1993
4 2218 2210 2211 2209
4 2752 2692 2694 2690
4 2051 1967 2047 1964
4 2051 2049 2047 1967
4 2616 2615 2614 1467
4 2193 2187 2190 2184
4 2723 2719 1206 1205
4 2366 2005 2004 1999
4 2104 2102 2049 1967
4 2106 2018 2104 1964
4 2459 2123 2453 2122
4 3421 2510 2522 2509
4 3541 2476 2281 2259
4 3419 2529 2479 2255
4 3625 3126 3567 3125
4 2366 2008 2009 1998
4 3521 2503 3419 2460
4 2479 2078 2366 2077
4 2187 526 527 510
4 2231 2216 2230 528
4 2616 2614 2615 2563
4 2106 2104 2105 2051
4 2437 2432 2425 2384
4 2348 2341 2342 2312
4 2112 2018 2106 1964
4 2278 2032 2277 2028
4 2522 2510 2511 2506
4 2102 2048 2049 1967
4 2479 2366 2018 2017
4 2106 2105 2052 2051
4 3567 3129 3120 3119
4 2085 2040 2084 2037
4 2439 2437 2436 2388
4 2479 2077 2366 1993
4 2365 2014 2015 1998
4 2479 2117 2116 2115
4 3585 1775 3490 1774
4 3945 3693 3876 3648
4 2079 2026 2025 2023
4 2078 2077 1993 1929
4 2078 2023 2025 1929
4 2078 2076 2023 1929
4 2078 1993 2076 1929
4 2233 2206 1982 1981
4 2479 2109 2114 2108
4 2366 2103 2102 1999
4 2079 2026 2023 2021
4 2079 2023 2076 2021
4 3475 2415 2444 2353
4 3810 2529 2522 2255
4 2081 2080 2076 2023
4 3704 2446 2076 2075
4 3704 3562 3475 2300
4 3824 2279 3810 2082
4 2085 2081 2009 1961
4 2081 2076 2009 1961
4 2112 2058 2065 2056
4 2114 2108 2109 2062
4 3598 2172 3426 2167
4 3810 2479 2279 2278
4 4028 3495 3494 1914
4 2360 2356 1950 1947
4 2082 2035 2033 2028
4 2084 2083 2082 2035
4 2084 2037 2036 2035
4 3430 2148 2152 2147
4 2085 2084 2081 2028
4 2281 2095 2100 2094
4 3541 3419 2460 2455
4 2084 2036 2083 2035
4 2084 2037 2035 2028
4 2084 2035 2082 2028
4 2085 1964 2039 1961
4 2084 2082 2081 2028
4 2085 2039 2028 1961
4 2085 2028 2081 1961
4 2085 2039 2037 2028
4 2085 2037 2084 2028
4 2414 2395 2238 2234
4 2114 2112 2108 2062
4 2089 2088 2087 2042
4 2112 2108 2062 2061
4 2522 2509 2510 2502
4 2429 2420 2413 528
4 2435 2396 2433 529
4 2255 2084 2096 2083
4 2455 2121 2123 2098
4 2114 2065 2112 2062
4 3430 3427 2148 2147
4 2087 2086 2085 2039
4 3715 2221 3609 2180
4 2087 2042 2041 2039
4 2087 2041 2086 2039
4 2089 2042 2087 2039
4 2114 2090 2089 2044
4 3521 2459 3419 2458
4 2366 2013 2012 1999
4 2089 2044 2042 2039
4 2089 2087 2085 2039
4 2089 2044 2043 2042
4 2089 2043 2088 2042
4 3495 1877 3494 1876
4 2414 2319 2323 2316
4 2106 2052 2056 2051
4 2255 2086 2096 2085
4 2112 2064 2065 2063
4 2449 2065 2066 2060
4 2115 2091 2090 2045
4 2401 2375 2383 2374
4 2448 2110 2112 2055
4 2448 2447 2054 2053
4 2092 2068 2069 2046
4 2365 2364 1997 1994
4 2441 2426 2440 529
4 3461 2611 3460 2610
4 2451 2447 2448 2053
4 2112 2107 2061 2060
4 3475 2353 2302 2301
4 3597 2468 2467 2259
4 3461 2613 3460 2612
4 2625 2624 2623 1467
4 3567 3128 3129 3125
4 3571 2363 2364 2362
4 3421 2509 2522 2502
4 3810 3558 3803 2522
4 2456 2120 2127 2118
4 3833 3293 3664 3252
4 2479 2117 2114 2109
4 2553 2550 2551 530
4 3515 300 726 297
4 2279 2082 2034 2033
4 3833 3294 3664 3293
4 3810 2529 2278 2277
4 3639 3476 207 206
4 2476 2100 2281 2095
4 3426 2314 2414 2176
4 2522 2503 2504 2500
4 2449 2113 2112 2060
4 3810 2522 3597 2255
4 2479 2366 2005 2004
4 2479 2359 2448 2112
4 2515 2472 2466 2286
4 2112 2111 2064 2063
4 2106 2051 2056 1964
4 2104 2102 2103 2049
4 2359 2057 2058 2056
4 2479 2020 2366 1967
4 2102 2101 2048 1967
4 2104 2049 2051 1967
4 2104 2103 2050 2049
4 2479 2003 2007 2002
4 2104 1967 2051 1964
4 2366 2018 2017 1999
4 2112 2110 2111 2063
4 2106 2104 2051 1964
4 2112 2063 2065 2055
4 2112 2065 2058 2055
4 2112 2061 2065 2060
4 2114 2071 2045 2044
4 2112 2062 2065 2061
4 2114 2070 2071 2062
4 2114 2071 2067 2045
4 3726 2322 3475 2313
4 2114 2109 2070 2062
4 2468 2467 2282 2281
4 2448 2054 2055 2053
4 2479 2012 2013 2011
4 2448 2112 2359 2055
4 2233 2226 2232 2206
4 2479 2112 2448 2110
4 2479 2117 2106 2105
4 2112 2110 2063 2055
4 2449 2112 2065 2060
4 2451 2448 2359 2053
4 2112 2085 2018 1964
4 2114 2071 2065 2062
4 2114 2065 2071 2039
4 2112 2056 2065 1964
4 2112 2106 2056 1964
4 2112 2065 2039 1964
4 2112 2039 2085 1964
4 2113 2107 2112 2060
4 2114 2112 2065 2039
4 2114 2071 2044 2039
4 2114 2044 2089 2039
4 2114 2089 2085 2039
4 2114 2085 2112 2039
4 2115 2090 2114 2045
4 2115 2114 2067 2045
4 2115 2067 2046 2045
4 2115 2046 2091 2045
4 2116 2068 2092 2046
4 2116 2092 2091 2046
4 2116 2091 2115 2046
4 2116 2067 2068 2046
4 2116 2115 2067 2046
4 3558 521 409 408
4 2302 2250 2273 1998
4 3614 1474 1470 1469
4 3810 2279 2479 2255
4 4364 182 4360 181
4 3432 1614 1478 1423
4 3571 3423 2272 2258
4 2479 2085 2084 2081
4 2444 2443 2415 529
4 2476 2118 2096 2086
4 3419 2480 2475 2474
4 2255 2096 2084 2040
4 2282 2259 2281 2094
4 2455 2098 2123 2097
4 2455 2285 2097 2093
4 2479 2011 2018 2004
4 2440 2439 2437 529
4 2237 2236 2172 1936
4 3364 3324 3358 3323
4 3541 2479 2086 2085
4 2468 2466 2467 2286
4 2479 2117 2115 2114
4 3661 523 3490 522
4 3516 3485 91 90
4 2152 2150 2151 1968
4 2195 2183 2189 2147
4 2227 528 2219 500
4 3427 2206 2233 2187
4 2158 1970 1972 1968
4 2147 1979 2141 1968
4 2215 2214 2213 500
4 3686 1980 1976 1975
4 2175 1923 1928 1922
4 3503 3500 1783 1782
4 4364 183 4360 182
4 3500 2181 2187 2147
4 3661 835 403 398
4 3427 2187 2205 2147
4 2147 2141 1799 1798
4 2196 2195 2148 2147
4 3428 2189 2194 2187
4 2148 2141 2142 1968
4 2163 2147 2152 1968
4 2188 2148 2147 2131
4 2172 1987 2167 1924
4 2218 2217 2210 2209
4 2182 2147 2181 2128
4 3428 2183 2187 2182
4 3615 2163 3430 2162
4 2414 2323 2325 2316
4 2162 1973 1978 1968
4 2189 2187 2188 2183
4 2152 2148 2149 1968
4 2162 2152 2159 1968
4 2152 2147 2148 1968
4 2414 2352 2325 2324
4 2183 2147 2182 2129
4 2189 2148 2188 2131
4 2194 2189 2148 2147
4 2187 510 527 500
4 2479 2079 2076 2074
4 3598 2169 2177 2168
4 2149 2142 2143 1968
4 2149 2148 2142 1968
4 2150 2143 2145 1968
4 2150 2149 2143 1968
4 2151 2145 2146 1968
4 2151 2150 2145 1968
4 3358 3048 3047 3034
4 3659 3588 2205 2150
4 2162 2159 1973 1968
4 2233 2206 1981 1976
4 2159 2152 2158 1968
4 2158 1971 1972 1970
4 3598 2235 2234 2232
4 2155 1969 1970 1968
4 2155 2152 2153 1968
4 3598 2168 2172 2167
4 3659 2151 3588 2150
4 2158 2155 2156 1970
4 2155 2153 1969 1968
4 2162 1974 1978 1973
4 2193 2191 2190 500
4 2163 2152 2162 1968
4 2158 2156 1971 1970
4 2230 2222 2224 2184
4 2162 2161 1977 1974
4 2158 2152 2155 1968
4 3585 3475 2414 500
4 2159 1972 1973 1968
4 2159 2158 1972 1968
4 2195 2181 2183 2147
4 2193 2186 2192 2185
4 2163 2162 1978 1968
4 2237 1939 2177 1928
4 2217 2216 2215 500
4 2162 2160 1974 1973
4 2163 1979 2147 1968
4 2163 1978 1979 1968
4 2162 2159 2160 1973
4 2228 2211 2222 2209
4 2231 2230 2187 500
4 2183 2130 2147 2129
4 3661 3496 1878 1875
4 3490 526 497 496
4 3667 3609 3426 2177
4 2195 2189 2194 2147
4 3715 3609 2221 2174
4 3609 2180 2221 2179
4 3430 2152 2163 2147
4 3869 1983 3585 1982
4 2170 1990 1991 1987
4 2170 2166 1990 1987
4 2193 2185 2192 2184
4 3490 1769 1770 505
4 2171 1991 1992 1987
4 2171 2170 1991 1987
4 2172 2170 2171 1987
4 2187 2147 1799 1798
4 2177 1928 1989 1922
4 2172 2166 2170 1987
4 2177 1925 1989 1924
4 3848 3672 3662 1982
4 2237 2172 1939 1936
4 2177 2175 1928 1922
4 2172 2166 1987 1936
4 2238 1939 1940 1934
4 2172 1987 1939 1936
4 2236 2166 2172 1936
4 2177 1927 1989 1926
4 2308 2238 2254 2234
4 2420 2319 2414 2316
4 2177 1939 1989 1928
4 2237 1935 1939 1934
4 2177 1987 1989 1939
4 2177 2172 1987 1939
4 2230 2228 2187 500
4 2360 1950 1951 1947
4 3585 3552 3499 3498
4 2179 2177 1927 1922
4 2179 1927 2177 1926
4 2179 2177 2178 1926
4 2206 2187 2147 1799
4 2228 2218 2219 2211
4 3585 2187 3500 726
4 3500 1784 1783 726
4 2273 2250 2264 1998
4 3598 2166 2236 2164
4 3585 1789 1790 1788
4 3585 3500 1791 1790
4 3503 3500 1761 1760
4 3585 1771 1770 1769
4 3585 1788 1790 1787
4 3500 1792 2187 1791
4 3585 1759 1757 1756
4 3428 2188 2187 2183
4 2187 2147 1795 1794
4 3428 2202 2203 2187
4 3659 2154 3588 2151
4 2188 2147 2183 2130
4 3588 2154 2153 2152
4 2187 2147 1798 1797
4 2206 1980 1981 1976
4 2195 2194 2148 2147
4 3718 2363 3571 2362
4 2430 2371 2426 2369
4 2218 2215 2217 2209
4 3428 2201 2202 2187
4 2189 2183 2188 2147
4 3428 2197 2200 2187
4 2188 2131 2147 2130
4 3428 2196 2197 2187
4 3428 2195 2196 2187
4 3428 2194 2195 2187
4 2189 2132 2148 2131
4 2228 2193 2187 500
4 3598 3426 2168 2167
4 2236 2232 2164 1936
4 2228 2218 2215 500
4 2216 2193 2213 500
4 2479 2366 2011 2010
4 3598 2177 2172 2168
4 2216 2213 2214 500
4 2238 2234 2237 1934
4 3585 1769 1765 1757
4 2228 2220 2222 2212
4 3598 2175 2221 2174
4 2231 528 2230 500
4 2479 2084 2082 2081
4 2194 2148 2189 2132
4 2195 2187 2183 2181
4 2195 2187 2189 2183
4 2200 2196 2197 2147
4 2195 2134 2148 2133
4 2195 2148 2194 2133
4 2200 2197 2148 2147
4 2196 2135 2148 2134
4 2196 2148 2195 2134
4 2201 2200 2148 2147
4 3428 2187 2205 2184
4 3428 2200 2201 2187
4 2197 2136 2148 2135
4 2197 2148 2196 2135
4 2204 2149 2198 2144
4 3571 2356 2360 2355
4 2199 1930 1937 1928
4 2199 2176 1930 1928
4 2200 2197 2196 2187
4 2200 2137 2148 2136
4 2200 2148 2197 2136
4 2202 2148 2201 2138
4 2200 2195 2196 2147
4 2203 2140 2148 2139
4 2200 2196 2195 2187
4 3428 2203 2204 2187
4 2204 2198 2149 2148
4 2202 2201 2148 2147
4 2202 2139 2148 2138
4 2201 2138 2148 2137
4 2201 2148 2200 2137
4 2202 2200 2201 2147
4 2202 2201 2200 2187
4 2202 2181 2195 2147
4 2202 2195 2200 2147
4 2202 2187 2195 2181
4 2202 2200 2195 2187
4 2203 2148 2202 2139
4 2204 2198 2148 2140
4 2203 2202 2148 2147
4 2204 2148 2203 2140
4 3427 2206 2187 2147
4 3464 1702 1276 1274
4 2204 2203 2148 2147
4 2205 2149 2204 2144
4 3582 2206 3430 2147
4 2204 2202 2203 2147
4 3427 2205 2150 2149
4 2204 2203 2202 2187
4 3427 2205 2149 2148
4 2205 2204 2149 2148
4 3430 2162 2163 2152
4 2205 2204 2148 2147
4 2205 2187 2181 2147
4 2205 2181 2202 2147
4 2205 2202 2204 2147
4 2205 2187 2202 2181
4 2205 2204 2202 2187
4 3427 2205 2148 2147
4 3427 2233 2231 2187
4 3598 3429 2170 2166
4 2366 2010 2006 1999
4 3427 2231 2225 2184
4 2231 2187 2230 2184
4 3869 3848 1983 1982
4 3558 3494 1884 1877
4 3767 3430 2163 2147
4 3427 2157 2158 2156
4 3686 1980 2206 1976
4 3588 2151 3427 2150
4 3373 3175 3058 3169
4 4042 3974 3979 3895
4 2228 2219 2212 2211
4 3523 2283 3423 2273
4 1369 1364 1500 1363
4 2215 2213 2207 2192
4 2228 2227 2219 500
4 2215 2213 2193 500
4 3427 2187 2231 2184
4 3598 2173 3426 2171
4 2231 2224 2225 2184
4 2230 2229 2228 500
4 2232 1984 1985 1936
4 3426 2287 2237 2232
4 2479 2104 2106 2018
4 2414 2291 2292 2290
4 2230 2229 2223 2222
4 2228 2227 2220 2212
4 3426 2199 2232 2176
4 2230 2187 2228 2184
4 2230 2223 2224 2222
4 2228 2219 2227 2212
4 2230 2228 2229 2222
4 3425 2414 2292 2288
4 2237 2236 1936 1935
4 4364 179 178 177
4 2407 2381 2382 2346
4 2216 2187 2190 500
4 4364 179 4360 178
4 2216 528 510 500
4 2216 510 2187 500
4 3428 2188 2189 2187
4 3661 1896 1901 521
4 2218 2217 2215 500
4 2221 2174 2175 1922
4 2233 2187 527 500
4 2430 2423 2429 529
4 2228 2215 2218 2209
4 2228 2212 2222 2211
4 2221 2177 2179 1922
4 2228 2215 2209 2192
4 2228 2209 2222 2192
4 2236 2164 2166 1936
4 2228 2218 2211 2209
4 2228 2187 2193 2184
4 2230 2228 2222 2184
4 3598 3429 2173 2171
4 3588 3427 2205 2150
4 3427 2226 2233 2206
4 2231 2230 2224 2184
4 2232 1985 2164 1936
4 3475 2415 2353 2349
4 3598 2235 2237 2234
4 3541 2479 2476 2086
4 2479 2081 2080 2076
4 3430 2206 3427 2147
4 3686 1976 2206 1975
4 2228 2193 2192 2184
4 2228 2192 2222 2184
4 3427 2159 2158 2157
4 2479 2076 2015 2009
4 3598 2172 2236 2166
4 2479 2080 2366 2076
4 2479 2014 2366 2009
4 3430 2149 2152 2148
4 3585 1865 1862 1780
4 3598 2238 2237 2232
4 3598 2287 2237 2175
4 3664 3293 3294 2844
4 3598 2236 2235 2232
4 3672 2233 2395 2232
4 2479 2117 2358 2106
4 3598 2170 2172 2166
4 3704 3621 2079 2074
4 3585 1803 1804 1802
4 3869 3750 3672 3585
4 2401 2400 2375 2374
4 3585 1898 3499 1890
4 3585 3499 1900 1899
4 3598 2237 2287 2232
4 2479 2366 2102 2101
4 2366 1999 2004 1996
4 3598 2237 2238 2234
4 3426 2175 2232 2174
4 2415 2409 2413 528
4 2238 2237 1939 1934
4 3622 3570 1519 1129
4 2296 2288 2289 2239
4 3609 2221 3426 2179
4 2308 2307 2253 2247
4 1434 1432 1500 1395
4 2292 2244 2268 2239
4 2316 2260 2263 2254
4 2320 2266 2290 2265
4 2338 2306 2337 2271
4 3373 3058 3366 3169
4 2338 2334 2336 2306
4 2395 528 2233 500
4 2284 1953 2276 1947
4 2264 2258 2261 2251
4 2322 2305 2306 2304
4 3426 2287 2232 2199
4 2414 2308 2287 2199
4 3667 2180 3609 2177
4 2261 2258 2252 2251
4 2366 2015 2365 2014
4 2313 2306 2311 2303
4 2522 2503 2281 2280
4 2273 1998 2264 1953
4 2292 2290 2266 2265
4 3598 2234 2238 2232
4 2314 2254 2308 2176
4 2479 2446 2081 2031
4 3558 523 530 500
4 2479 2114 2112 2108
4 2479 2076 2078 1993
4 3495 3494 1910 1879
4 3419 2527 2529 2483
4 2479 2001 2366 2000
4 3718 3617 2364 2363
4 3704 2079 3621 2078
4 3426 2395 2238 2237
4 3536 2308 2254 2234
4 2479 2081 2446 2080
4 2429 2398 2396 2370
4 2347 2333 2341 2312
4 2336 2335 2329 2306
4 2284 2273 2283 2264
4 2365 2300 2302 1998
4 2292 2266 2268 2265
4 3523 2284 3423 2283
4 3783 3576 3478 3477
4 2309 2306 2302 2256
4 2479 2081 2275 2031
4 2292 2265 2268 2263
4 2361 2355 2360 1947
4 2300 2078 2248 2077
4 2414 2238 2395 2237
4 2361 2360 1951 1947
4 2401 2383 2379 2374
4 2479 2279 2278 2082
4 2402 529 2401 528
4 2273 2258 2264 2251
4 2273 2262 2264 2258
4 2273 2251 2264 2250
4 2479 2451 2448 2359
4 2273 2272 2262 2258
4 3604 3424 3475 2336
4 2340 2332 2333 2306
4 2340 2339 2332 2306
4 2284 2274 2276 2264
4 2300 2077 2248 1993
4 2420 2414 2413 528
4 2284 2273 2264 1953
4 3130 3625 3129 3125
4 2275 2030 2029 2028
4 2275 2029 2031 2028
4 2366 2001 2002 1999
4 3541 3419 2286 2285
4 2404 529 2403 528
4 2277 2032 2030 2028
4 2277 2030 2275 2028
4 2279 2278 2082 2033
4 2278 2033 2032 2028
4 2277 2275 2081 2028
4 2278 2081 2082 2028
4 2366 1999 2101 1967
4 2278 2082 2033 2028
4 2278 2277 2081 2028
4 2530 2446 2529 530
4 2479 2359 2358 2117
4 3541 2458 2459 2457
4 3571 2302 2306 2273
4 2479 2112 2085 2018
4 2366 2020 2019 1999
4 3541 2476 2456 2281
4 2479 2117 2109 2108
4 2479 2446 2393 2366
4 2479 2366 2016 1993
4 2432 2412 2425 2384
4 3502 1897 3499 1889
4 2514 2513 2470 2286
4 2522 2495 2503 2483
4 2459 2452 2453 2121
4 2455 2097 2123 2093
4 3541 2086 2476 2085
4 2479 2016 2015 1993
4 3475 2384 2349 2348
4 2286 2280 2281 2098
4 3571 2306 2312 2258
4 2366 2011 2010 1999
4 3827 3602 3560 3507
4 2423 2420 529 528
4 2529 2479 2277 2275
4 3775 3661 3704 3475
4 3475 529 2415 528
4 2476 2096 2118 2095
4 2479 2008 2366 2007
4 2440 2426 2427 529
4 3704 3475 2446 2366
4 2437 2425 2436 2384
4 3475 2306 3423 2302
4 2432 2403 2404 529
4 2284 2283 2274 2264
4 2334 2313 2322 2306
4 2401 2396 2377 2351
4 2300 2015 2248 1998
4 2410 2401 2408 528
4 2284 2264 2276 1953
4 2479 2019 2020 2018
4 2366 2117 2103 1999
4 2479 2118 2476 2088
4 2366 1999 2007 1998
4 2479 2366 2010 2006
4 3541 2286 3419 2280
4 2479 2450 2359 2117
4 2429 2422 2420 528
4 2479 2009 2008 2007
4 2456 2100 2127 2098
4 2287 2175 2199 1928
4 2287 1938 2237 1928
4 2287 2237 2175 1928
4 2287 1937 1938 1928
4 2287 2199 1937 1928
4 2298 2294 2295 2242
4 3467 1414 1500 1413
4 2430 2429 2398 528
4 2415 2384 2353 2349
4 2414 2296 2298 2292
4 2479 2451 2450 2117
4 2292 2291 2267 2266
4 2413 2408 2401 528
4 3598 3429 2171 2170
4 2522 2501 2495 2493
4 2414 2298 2299 2294
4 3614 2646 2647 1467
4 3667 2169 3426 2168
4 2336 2329 2330 2306
4 2292 2267 2268 2266
4 2296 2292 2288 2239
4 2311 2303 2306 2257
4 1360 1312 1500 1309
4 3467 1421 1500 1420
4 2295 2247 2246 2242
4 2365 2015 2300 1998
4 2325 2323 2265 2263
4 2299 2293 2294 2240
4 2308 2295 2307 2247
4 2308 2254 2238 2237
4 2335 2328 2329 2306
4 2310 2306 2309 2256
4 2328 2326 2327 2306
4 2292 2290 2291 2266
4 2292 2247 2268 2246
4 2292 2246 2268 2244
4 3426 2237 2238 2232
4 2296 2244 2292 2239
4 3475 2348 2349 2347
4 2423 2394 2395 528
4 2308 2254 2199 2176
4 2347 2310 2340 2306
4 2326 2306 2322 2305
4 2298 2295 2292 2246
4 2298 2295 2246 2242
4 2311 2306 2310 2257
4 2294 2241 2242 2240
4 2294 2293 2241 2240
4 2312 2258 2306 2251
4 2429 2396 2398 528
4 2340 2333 2312 2306
4 1327 1326 1500 1304
4 2295 2247 2292 2246
4 2430 2398 2371 2369
4 2401 2377 2383 2351
4 2479 2007 2366 2002
4 2414 2289 2296 2288
4 2298 2242 2246 2240
4 2296 2243 2244 2239
4 2296 2289 2243 2239
4 2298 2294 2242 2240
4 2414 2308 2238 2237
4 2327 2306 2326 2305
4 2299 2294 2298 2240
4 2337 2306 2331 2271
4 2298 2245 2246 2244
4 2298 2297 2245 2244
4 2298 2246 2292 2244
4 2298 2292 2296 2244
4 2298 2296 2297 2244
4 3642 2478 3420 2473
4 2479 2366 2117 2104
4 2365 2361 2362 1953
4 2300 2016 2248 2015
4 2479 2015 2366 2014
4 2300 2248 2016 1993
4 2302 2300 2301 2248
4 3641 2301 2309 2300
4 2316 2314 2260 2254
4 2306 2251 2273 2250
4 2302 2248 2250 1998
4 2302 2300 2248 1998
4 2302 2249 2250 2248
4 2302 2301 2249 2248
4 2322 2306 2313 2304
4 2479 2018 2009 2003
4 2306 2258 2273 2251
4 1434 1500 1430 1401
4 1360 1309 1500 1303
4 2353 2347 2349 2306
4 2314 2308 2199 2176
4 2310 2257 2306 2256
4 3426 2414 2395 2237
4 2308 2287 2254 2237
4 2479 2004 2018 2003
4 2334 2311 2313 2306
4 2429 2420 2367 2351
4 2309 2302 2301 2256
4 3475 3424 2337 2336
4 2313 2304 2306 2303
4 2316 2292 2295 2247
4 2353 2349 2343 2312
4 2414 2320 2321 2290
4 3715 2314 3609 2174
4 2312 2252 2258 2251
4 2395 2233 527 500
4 2314 2260 2254 2176
4 2320 2269 2266 2265
4 2314 2260 2176 2175
4 3598 2236 2237 2235
4 2479 2006 2010 2004
4 3604 2326 3475 2322
4 3571 2273 2306 2258
4 3715 2175 2314 2174
4 3426 2414 2199 2176
4 2439 2427 2398 529
4 2347 2340 2333 2312
4 2429 2396 2413 2351
4 2316 2295 2308 2247
4 2316 2308 2314 2254
4 2316 2254 2263 2247
4 2316 2308 2254 2247
4 2444 2443 2391 2384
4 3541 3419 2281 2280
4 2325 2316 2323 2263
4 2323 2318 2315 2265
4 2432 2421 2425 2412
4 2325 2323 2324 2265
4 2321 2290 2320 2266
4 2366 2009 2014 1998
4 2321 2269 2270 2266
4 2321 2320 2269 2266
4 2338 2336 2337 2306
4 3475 2322 2334 2313
4 3475 2336 2338 2334
4 2323 2318 2265 2263
4 2323 2316 2319 2263
4 2323 2317 2318 2263
4 2323 2319 2317 2263
4 2366 2102 2101 1999
4 2401 2383 2381 2346
4 3571 3423 2273 2272
4 2479 2075 2366 2074
4 2324 2323 2315 2265
4 2325 2265 2292 2263
4 2325 2292 2316 2263
4 2325 2290 2292 2265
4 2325 2320 2290 2265
4 2414 2296 2292 2288
4 2334 2322 2326 2306
4 2413 2408 2409 2346
4 3475 2349 2353 2347
4 3475 3424 2338 2337
4 2334 2326 2328 2306
4 2335 2334 2328 2306
4 2401 2351 2383 2346
4 2479 2116 2092 2091
4 1360 1358 1500 1357
4 3415 3373 3366 3347
4 2479 2446 2366 2080
4 2337 2336 2330 2306
4 2360 2355 2356 1947
4 2443 2391 2437 2388
4 3571 2361 2365 2273
4 2349 2348 2312 2306
4 2479 2101 2102 1967
4 2338 2311 2334 2306
4 2336 2334 2335 2306
4 3467 1328 1500 1325
4 2347 2340 2312 2306
4 2340 2338 2339 2306
4 2365 1994 1998 1953
4 3541 2475 3419 2456
4 3541 2476 2255 2085
4 2340 2310 2311 2306
4 3475 3423 2446 2366
4 2353 2309 2306 2302
4 2530 2445 2446 530
4 2479 2015 2014 2009
4 2432 2428 2431 2421
4 2423 2420 2422 529
4 2340 2311 2338 2306
4 2353 2309 2302 2301
4 2479 2115 2091 2090
4 3467 1419 1500 1395
4 2347 2309 2310 2306
4 2479 2108 2112 2107
4 2448 2055 2359 2053
4 2353 2349 2312 2306
4 2366 2020 1999 1967
4 2395 2394 2233 528
4 3475 2326 2334 2322
4 2437 2398 2399 529
4 2430 2398 2427 528
4 3604 2336 3475 2335
4 2479 2366 2006 2005
4 3475 2309 2353 2301
4 2414 2235 2395 2234
4 2366 2019 2018 1999
4 2366 2003 2000 1999
4 2529 530 2446 529
4 2414 2325 2352 2320
4 2349 2347 2348 2306
4 3598 3426 2177 2169
4 3521 2460 3419 2455
4 2396 2370 2377 2351
4 4076 3994 4010 3922
4 3638 3433 3294 1472
4 2366 2017 2013 1999
4 2479 2089 2118 2088
4 3467 1410 1500 1409
4 3604 2334 3475 2326
4 3475 2347 2353 2309
4 2414 2314 2308 2199
4 3426 2314 2175 2174
4 2414 2295 2316 2292
4 3571 3423 2361 2360
4 2479 2112 2113 2107
4 2414 528 2395 500
4 2365 2362 2364 1994
4 3571 3423 2306 2302
4 3523 2273 3423 2272
4 3523 2355 3423 2284
4 3475 2302 3423 2301
4 2522 2505 2504 2495
4 2479 2003 2001 2000
4 2432 2419 2415 529
4 2429 2413 2396 528
4 3571 2284 2361 2273
4 2364 2362 2363 1994
4 3523 2356 2355 2354
4 2361 2273 2284 1953
4 2479 2114 2089 2085
4 2479 2366 2020 2019
4 3475 2311 2340 2310
4 2359 2106 2358 2056
4 2359 2112 2058 2055
4 2359 2358 2057 2056
4 2359 2058 2112 2056
4 2359 2112 2106 2056
4 2366 2012 2011 1999
4 2361 1953 2284 1947
4 2361 2284 2355 1947
4 2366 2003 1999 1996
4 3571 3423 2284 2283
4 2420 2395 2414 528
4 3475 2309 2301 2300
4 2366 2006 2005 1999
4 2364 2363 1995 1994
4 3426 2395 2344 2232
4 3523 2357 2356 2354
4 3598 2237 2236 2172
4 2479 2366 2101 1967
4 3423 2361 2360 2357
4 2414 2352 2324 2323
4 2479 2005 2006 2004
4 2366 2014 2365 1998
4 2365 2273 2361 1953
4 2479 2366 2013 2012
4 2479 2117 2118 2092
4 2479 2089 2088 2087
4 2479 2091 2118 2090
4 2609 1152 2607 1143
4 2445 2443 2444 529
4 3426 2414 2420 2395
4 3423 2312 2353 2258
4 3426 2173 2172 2171
4 3426 2172 2173 2167
4 2479 2277 2275 2081
4 2479 2018 2020 1967
4 3467 1433 1500 1432
4 3426 2232 2221 2174
4 2414 2297 2298 2296
4 2401 529 2400 528
4 3588 2153 3427 2152
4 3792 2752 3575 2751
4 2443 2437 2391 2384
4 2456 2118 2127 2100
4 2430 2426 2427 2369
4 2443 2415 2437 2384
4 2456 2126 2127 2125
4 2420 2316 2414 2314
4 3571 2283 2284 2273
4 3475 3424 2347 2340
4 2479 2079 2078 2076
4 2414 2294 2299 2293
4 3523 2354 2284 2283
4 3523 2356 3423 2355
4 3523 2357 3423 2356
4 2422 529 2420 528
4 2479 2079 2366 2078
4 2413 2351 2401 2346
4 3475 3424 2339 2338
4 2446 2366 2080 2076
4 2445 530 2423 529
4 2476 2087 2118 2086
4 3541 2474 2478 2473
4 3541 2282 3419 2259
4 3571 2355 2361 2284
4 3475 2340 2347 2310
4 2420 2352 2367 2351
4 2413 2401 2408 2346
4 3810 2479 2529 2255
4 3872 3704 3775 3661
4 3475 3424 2348 2347
4 2401 2379 2383 2377
4 3423 2353 2272 2258
4 3475 3424 2384 2348
4 3872 1906 3661 1905
4 3869 2233 2206 1982
4 3585 2395 2233 527
4 3837 3831 3749 3668
4 3585 3499 1893 1892
4 3585 1867 3499 1866
4 2479 2003 2366 1996
4 2414 2238 2308 2234
4 2414 2287 2308 2237
4 2414 2298 2295 2292
4 2529 2446 2479 2275
4 2479 2255 2084 2040
4 2445 2423 2430 529
4 2398 2371 2397 2370
4 2420 2367 2323 2319
4 2450 2359 2058 2053
4 2414 2292 2325 2290
4 2398 2377 2396 2370
4 2398 2397 2377 2370
4 2398 2397 2371 2369
4 2429 2420 2422 2367
4 2443 2440 2441 2388
4 2398 2396 2377 2376
4 2398 2377 2397 2376
4 2430 2427 2426 528
4 2429 2422 2368 2367
4 3475 2415 2413 528
4 2437 2399 2435 529
4 2426 2371 2372 2369
4 2439 2398 2437 529
4 2437 2415 2432 2384
4 2399 2396 529 528
4 2399 529 2398 528
4 2399 2398 2396 528
4 2418 2415 2416 2384
4 2427 529 2426 528
4 2432 2419 2412 2384
4 3541 2476 2259 2255
4 2399 2396 2398 2376
4 2479 2114 2090 2089
4 1434 1369 1500 1319
4 2419 2418 2411 2384
4 1363 1360 1500 1303
4 3475 3424 2340 2339
4 3726 2313 3475 2311
4 3475 2384 2415 2349
4 3426 2420 2414 2314
4 3425 2292 2414 2291
4 2413 2396 2401 2351
4 2435 2434 2425 2387
4 3426 2414 2287 2199
4 3585 1774 3490 1773
4 2420 2413 2414 2351
4 3415 3401 3347 3081
4 3426 2287 2414 2237
4 2420 2367 2316 2314
4 3589 1775 3490 834
4 1360 1359 1500 1358
4 1360 1356 1500 1312
4 3475 2310 2347 2309
4 3475 3423 2366 2300
4 2410 529 2402 528
4 2429 2368 2370 2367
4 2479 2090 2118 2089
4 3425 2414 2352 2321
4 2437 2391 2436 2388
4 2479 2010 2011 2004
4 3552 302 303 296
4 3541 2474 2475 2456
4 3872 3839 1904 1903
4 3501 1871 3496 1870
4 3475 2446 3423 2444
4 2433 2403 2432 529
4 3604 2335 3475 2334
4 3661 3558 526 525
4 2479 2366 2003 2000
4 3425 2289 2414 2288
4 2443 2442 2441 529
4 3426 2314 2176 2175
4 2479 2366 2017 2013
4 3987 3833 3935 3614
4 2444 2415 2384 2353
4 2403 529 2396 528
4 2418 2416 2385 2384
4 3541 2455 2459 2454
4 2430 2426 529 528
4 2404 2403 2396 528
4 2522 2500 2505 2495
4 2404 2396 2401 528
4 2404 2396 2403 2377
4 2440 2437 2439 2388
4 2404 2401 2379 2374
4 2404 2379 2401 2377
4 2404 2401 2396 2377
4 2404 2378 2379 2377
4 2404 2403 2378 2377
4 2404 2374 2379 2373
4 2437 2434 2436 2425
4 2429 2423 2422 529
4 2443 2440 2437 529
4 2445 2441 2442 529
4 2443 2441 2440 529
4 2405 529 2404 528
4 2430 2398 2429 2370
4 2553 2552 2547 530
4 2522 2501 2500 2495
4 2430 2371 2398 2370
4 2435 2425 2432 2387
4 2406 2400 529 528
4 2406 529 2405 528
4 2444 2391 2392 2384
4 2406 2405 2404 528
4 2406 2401 2400 528
4 2406 2404 2401 528
4 2406 2400 2401 2374
4 2406 2401 2404 2374
4 2406 2374 2404 2373
4 2406 2404 2405 2373
4 3423 2353 2312 2306
4 2414 2307 2308 2295
4 3571 3423 2312 2306
4 2437 2435 2432 529
4 2432 2419 2428 2412
4 2414 2352 2321 2320
4 2443 2389 2391 2388
4 2429 2413 2420 2351
4 3609 2179 3426 2178
4 2410 2381 2401 2380
4 3425 2291 2414 2290
4 1360 1357 1500 1356
4 2410 2408 2407 528
4 3598 2221 2232 2174
4 2410 2401 2402 2380
4 2479 2102 2104 1967
4 2413 2350 2351 2346
4 2420 2352 2414 2323
4 2435 2399 2396 529
4 2420 2323 2414 2319
4 2479 2015 2076 1993
4 1363 1500 1319 1303
4 2429 2370 2396 2351
4 2413 2409 2350 2346
4 3475 2313 2334 2311
4 2479 2088 2476 2087
4 2437 2436 2391 2384
4 2445 2442 2443 529
4 2443 2437 2415 529
4 3541 2281 2282 2259
4 3423 2393 2446 2366
4 2446 2445 2444 529
4 2444 2415 2443 2384
4 2419 2411 2412 2384
4 2479 2085 2255 2040
4 2443 2442 2390 2389
4 3541 3419 2457 2456
4 3475 2301 3423 2300
4 2432 2424 2425 2421
4 2437 2432 2415 529
4 2418 2417 2416 529
4 2410 2381 2407 2346
4 2410 2407 2408 2346
4 2410 2401 2381 2346
4 2410 2408 2401 2346
4 2435 2432 2433 2387
4 3458 2629 3453 2622
4 2432 2431 2424 2421
4 2416 2402 2410 529
4 3571 3423 2360 2356
4 2418 2400 2401 529
4 2432 2428 2421 2412
4 2430 529 2429 528
4 2479 2082 2278 2081
4 2433 2396 2403 529
4 2437 2432 2435 2425
4 2431 2404 2405 529
4 3571 3423 2356 2355
4 2419 2400 2418 529
4 2428 2406 2419 529
4 3475 2337 2338 2336
4 2432 2404 2431 529
4 2439 2436 2438 2388
4 2432 2415 2419 2384
4 2435 2433 2432 529
4 2443 2441 2389 2388
4 2415 2408 2409 528
4 2444 2384 2392 2353
4 3614 3460 2608 2560
4 2431 2405 2428 529
4 2440 2427 2439 529
4 2417 2402 2416 529
4 2418 2417 2386 2385
4 2418 2416 2415 529
4 2418 2416 2417 2385
4 2419 2418 2415 529
4 3475 2444 2415 529
4 2479 2004 2003 1996
4 3467 1420 1500 1415
4 2432 2428 2419 529
4 2416 2410 2415 529
4 2415 2410 2407 528
4 2395 2226 2344 2232
4 2418 2385 2411 2384
4 2417 2401 2402 529
4 3541 3419 2479 2259
4 3642 3541 2478 2473
4 3614 3460 2607 1152
4 2427 2398 529 528
4 2445 2430 2441 529
4 2446 2366 2076 2075
4 2443 2437 2440 2388
4 2432 2431 2428 529
4 2443 2441 2442 2389
4 2418 2386 2411 2385
4 2415 529 2410 528
4 2451 2359 2450 2053
4 2479 2366 2079 2074
4 2479 2115 2116 2091
4 2476 2096 2255 2086
4 2479 2278 2277 2081
4 2456 2127 2121 2098
4 2520 2468 2503 2286
4 2479 2017 2018 2013
4 2456 2286 2281 2098
4 2457 2121 2455 2098
4 2457 2455 2286 2098
4 2457 2286 2456 2098
4 2457 2456 2121 2098
4 2459 2454 2455 2122
4 2504 2500 2503 2286
4 2459 2458 2452 2121
4 2459 2457 2458 2121
4 2459 2455 2457 2121
4 2459 2453 2123 2121
4 2459 2123 2455 2121
4 3541 2455 2460 2285
4 3554 3215 3216 3212
4 2460 2285 2455 2093
4 2501 2491 2493 2286
4 3630 2458 3419 2457
4 2656 2652 2654 2598
4 2553 2536 2537 530
4 3419 2259 2522 2255
4 3630 3521 3419 2458
4 2609 2555 2607 2554
4 2522 2259 2468 2255
4 2522 2507 2508 2506
4 2500 2485 2489 2286
4 2468 2467 2281 2280
4 2468 2286 2467 2280
4 3631 3242 3554 3240
4 2505 2485 2500 2286
4 2522 2513 2514 2510
4 3630 3419 2480 2456
4 3541 3419 2475 2474
4 2510 2502 2509 2286
4 3541 2459 3419 2454
4 2515 2471 2472 2286
4 2476 2259 2255 2095
4 2479 2081 2076 2009
4 2474 2125 2456 2120
4 2479 2084 2085 2040
4 2478 2119 2120 2118
4 2476 2255 2096 2095
4 2476 2281 2259 2095
4 2476 2086 2255 2085
4 2474 2124 2125 2120
4 2474 2473 2124 2120
4 2476 2088 2118 2087
4 2476 2118 2100 2095
4 2476 2456 2281 2100
4 2476 2118 2456 2100
4 2479 2085 2081 2009
4 2475 2126 2456 2125
4 2475 2456 2474 2125
4 2479 2084 2083 2082
4 3541 2457 2455 2286
4 2522 2515 2520 2502
4 2479 2084 2255 2083
4 2479 2255 2279 2082
4 2479 2018 2085 2009
4 2478 2473 2474 2120
4 2478 2477 2119 2118
4 2478 2476 2477 2118
4 2478 2474 2456 2120
4 2478 2120 2456 2118
4 2478 2456 2476 2118
4 2479 2103 2104 2102
4 2479 2366 2103 2102
4 2479 2366 2104 2103
4 2479 2111 2112 2110
4 2479 2450 2451 2359
4 2479 2448 2451 2447
4 2479 2449 2113 2112
4 2479 2117 2108 2107
4 2479 2447 2451 2117
4 2479 2448 2117 2110
4 2479 2113 2117 2107
4 2479 2448 2447 2117
4 2479 2117 2111 2110
4 2479 2117 2112 2111
4 2479 2449 2117 2113
4 2479 2117 2449 2112
4 3715 2260 2175 2174
4 3684 2460 2482 2285
4 2511 2506 2510 2286
4 3684 3521 2481 2455
4 2502 2500 2494 2286
4 2522 2503 2520 2468
4 3558 850 530 522
4 3521 3419 2459 2454
4 3541 2476 2478 2456
4 3586 2478 3541 2477
4 3585 1804 1891 1802
4 3421 2522 2495 2493
4 3614 2634 2635 1467
4 2493 2492 2486 2286
4 3252 3246 3247 3227
4 3541 3419 2459 2458
4 2612 2560 2610 2554
4 2610 2608 2557 2554
4 3419 2475 2480 2456
4 2514 2470 2471 2286
4 2522 2513 2510 2506
4 3244 2851 2858 2822
4 2493 2491 2492 2286
4 3218 2881 2980 2880
4 2508 2506 2507 2286
4 3540 3011 3408 3010
4 3541 2286 2455 2285
4 2509 2488 2463 2286
4 2494 2493 2486 2286
4 3537 3193 3199 3007
4 2512 2506 2511 2286
4 3287 2553 3284 1473
4 2503 2468 2281 2280
4 2501 2493 2494 2286
4 3419 2529 2536 2483
4 2980 2884 2931 2883
4 2609 1152 1143 1099
4 2612 1145 1101 1069
4 3744 785 3580 618
4 2505 2500 2504 2286
4 2501 2494 2500 2286
4 2501 2489 2491 2286
4 2501 2500 2489 2286
4 3638 2626 2627 1260
4 3421 2511 2522 2510
4 2502 2486 2487 2286
4 2502 2494 2486 2286
4 2553 2530 2536 530
4 2520 2466 2468 2286
4 2522 2514 2515 2502
4 2522 2504 2505 2500
4 2504 2484 2286 2285
4 2504 2286 2503 2285
4 2504 2482 2484 2285
4 2504 2503 2482 2285
4 3419 2460 2503 2285
4 2522 2502 2520 2500
4 2505 2484 2485 2286
4 2505 2504 2484 2286
4 3704 2075 3621 2074
4 3541 2259 2479 2255
4 3263 3205 3206 3203
4 3410 3227 3252 3226
4 2522 2511 2512 2506
4 3252 3247 3248 3227
4 2507 2461 2462 2286
4 2507 2506 2461 2286
4 3571 2364 2365 2362
4 3252 3225 3248 3201
4 2508 2462 2469 2286
4 2508 2507 2462 2286
4 3421 2502 2522 2494
4 2509 2487 2488 2286
4 2509 2502 2487 2286
4 2510 2509 2463 2286
4 2522 2502 2500 2494
4 2612 1100 2560 1094
4 2520 2515 2466 2286
4 2511 2463 2464 2286
4 2511 2510 2463 2286
4 2512 2465 2461 2286
4 2512 2461 2506 2286
4 2512 2464 2465 2286
4 2512 2511 2464 2286
4 2513 2506 2508 2286
4 2513 2510 2506 2286
4 2513 2469 2470 2286
4 2513 2508 2469 2286
4 2515 2514 2471 2286
4 2522 2504 2503 2495
4 2514 2502 2510 2286
4 2514 2510 2513 2286
4 2522 2500 2501 2494
4 2522 2520 2503 2500
4 3383 3382 3294 1472
4 2520 2503 2500 2286
4 2515 2502 2514 2286
4 3575 3091 3095 3090
4 3284 2553 3283 1473
4 3419 2536 2522 2503
4 3681 3406 3607 3215
4 2522 2503 2468 2281
4 2529 2479 2278 2277
4 2521 2499 2495 2483
4 3722 3109 3096 2762
4 2522 2282 2468 2259
4 3419 2522 2529 2255
4 2520 2500 2502 2286
4 2520 2502 2515 2286
4 3419 2529 2527 2479
4 2522 2521 2495 2483
4 3292 2553 3287 1473
4 2553 2533 2534 530
4 2655 2630 2601 2578
4 2526 2521 2525 2499
4 3638 3614 1468 1466
4 3445 1592 1593 1588
4 3258 2524 3256 530
4 2525 2521 2524 2499
4 2525 2517 2518 2499
4 2525 2524 2517 2499
4 2553 2537 2538 530
4 3373 1475 3358 1474
4 3256 2524 2525 530
4 2525 2524 2521 530
4 2526 2518 2519 2499
4 2526 2525 2518 2499
4 3274 3272 3253 1473
4 3241 2854 2803 2801
4 4084 3905 3977 3558
4 3274 3272 1473 530
4 2526 2525 2521 530
4 3558 521 414 410
4 2529 2446 2275 2031
4 3541 2255 2479 2085
4 3419 2282 2522 2259
4 3521 2459 2481 2454
4 3541 2281 2286 2280
4 3558 3494 1877 1876
4 3558 1886 1887 521
4 3558 3494 1887 1886
4 3541 3419 2458 2457
4 3419 2522 2282 2281
4 3630 2481 3521 2458
4 3541 2456 2286 2281
4 3419 2503 2522 2280
4 3419 2522 2281 2280
4 3684 2460 3521 2455
4 3541 2478 2474 2456
4 3419 2503 2286 2285
4 3419 2286 2503 2280
4 3586 2477 3541 2476
4 3541 3419 2455 2454
4 3541 2460 3419 2285
4 3541 2457 2459 2455
4 3521 2481 2459 2458
4 3293 3286 3245 3241
4 3294 3293 3245 3241
4 2612 1095 1101 1094
4 2535 2497 2498 2490
4 3433 3014 3310 2983
4 2536 2530 2529 530
4 2538 2535 2521 2498
4 2538 2536 2521 530
4 2549 2523 2524 2516
4 2536 2522 2503 2483
4 2536 2529 2522 530
4 3433 3408 2984 2980
4 2534 2496 2497 2490
4 2534 2533 2496 2490
4 2535 2534 2497 2490
4 2538 2535 2498 2490
4 3630 2457 3419 2456
4 2549 2524 2523 530
4 2553 2551 2552 530
4 3419 2536 2529 2522
4 2553 2539 2533 530
4 2538 2537 2536 530
4 2553 2534 2535 530
4 3419 2536 2503 2483
4 2536 2522 2521 530
4 2538 2521 2535 530
4 2538 2536 2537 2483
4 2536 2521 2522 2483
4 2538 2498 2532 2490
4 2553 2538 2539 530
4 3272 3269 3258 1473
4 2538 2537 2531 2483
4 2538 2521 2536 2483
4 2538 2521 2499 2498
4 2538 2499 2532 2498
4 2538 2499 2521 2483
4 2538 2532 2499 2483
4 2539 2535 2538 2490
4 2539 2538 2535 530
4 2539 2533 2534 2490
4 2539 2534 2535 2490
4 2539 2534 2533 530
4 2539 2535 2534 530
4 3274 2547 2548 530
4 2639 2638 2637 1467
4 2549 2541 2542 2499
4 2549 2517 2542 2516
4 2550 2544 2528 2498
4 3718 2364 3571 2363
4 3445 1568 1567 1563
4 2799 2774 2775 2768
4 3382 1473 3294 1472
4 3575 3175 1474 1447
4 2552 2545 2546 2543
4 2550 2535 2544 2498
4 2552 2550 2551 2543
4 2549 2524 2517 2516
4 2553 2544 2550 530
4 2549 2548 2541 2499
4 2548 2535 2521 530
4 2548 2521 2535 2498
4 2630 2602 2601 2578
4 2550 2528 2543 2498
4 2552 2551 2550 530
4 3558 1887 1882 521
4 2548 2499 2521 2498
4 2548 2541 2499 2498
4 2549 2521 2548 2499
4 3272 2523 3269 530
4 3274 2548 3272 530
4 2549 2521 2524 530
4 2549 2548 2521 530
4 2549 2524 2521 2499
4 2553 2535 2544 530
4 2549 2517 2524 2499
4 2549 2542 2517 2499
4 2552 2551 2545 2543
4 2550 2548 2535 2498
4 2550 2544 2535 530
4 2550 2535 2548 530
4 2550 2543 2541 2498
4 2550 2541 2548 2498
4 4168 4001 4003 3966
4 2552 2547 2548 2540
4 3495 1885 3494 1884
4 3058 3046 3001 2650
4 3358 3084 3085 3083
4 2616 2613 2612 1467
4 2552 2541 2546 2540
4 2552 2548 2541 2540
4 2552 2548 2550 2541
4 2552 2548 2547 530
4 2552 2550 2548 530
4 2552 2543 2546 2541
4 2552 2550 2543 2541
4 3614 1467 1102 1101
4 3575 2716 2632 2631
4 3567 3129 3119 3118
4 3571 2301 2302 2300
4 3267 3266 3252 3222
4 3495 1884 3494 1877
4 2629 2574 2627 2561
4 3575 2748 2756 2747
4 3099 1269 919 866
4 2740 2658 2659 2605
4 3638 3543 2649 2641
4 3575 3452 2738 2737
4 3013 2983 2984 2929
4 3445 1659 1658 1564
4 4007 3713 3927 3680
4 3585 526 3490 525
4 3105 2676 3099 2668
4 3638 1474 3614 1447
4 2618 2594 2595 2570
4 3575 2719 2720 1593
4 3558 1876 1877 521
4 2612 2610 2560 1467
4 3241 2881 2879 2841
4 3087 2723 2722 2660
4 2627 1487 2626 1483
4 3585 1867 1865 1771
4 3614 1467 1100 1099
4 2629 2620 2625 1467
4 2629 2625 2620 2567
4 3638 3453 2623 2619
4 2612 2554 2561 1094
4 3458 2621 3453 2620
4 2627 1260 2626 1201
4 2722 2665 2664 2663
4 2626 1201 1260 1169
4 3624 3542 3570 3451
4 465 785 464 443
4 3461 2615 3460 2614
4 3638 1592 2626 1260
4 3638 1483 2626 1169
4 2612 2560 2554 1094
4 2612 2561 1095 1094
4 2612 1101 1095 1069
4 2627 2626 1169 1116
4 2612 2559 2561 2558
4 3638 2627 1465 1463
4 2633 2616 2617 2565
4 2629 2620 2621 2568
4 3252 3199 3062 3008
4 2612 2558 2561 2554
4 3558 526 525 524
4 2910 2907 2872 2819
4 3638 2629 2628 1467
4 3575 3092 3087 2735
4 3461 2634 3460 2633
4 2616 2614 2613 1467
4 3614 2642 2643 1467
4 2625 2623 2619 1467
4 3540 3306 3408 3305
4 3100 1269 3099 1222
4 2722 2716 2631 2578
4 2841 2840 2839 2786
4 3576 3526 3479 3478
4 3453 1260 2627 1201
4 2658 2631 2652 2578
4 3525 1603 1602 1454
4 3638 2621 2622 1467
4 3575 2995 3090 2752
4 3575 3445 1470 1466
4 3688 3575 2716 2632
4 2739 2631 2658 2578
4 3691 2838 3664 2833
4 2627 1114 1167 1105
4 3533 2984 3013 2983
4 3575 3373 3175 3058
4 2609 2560 2607 1467
4 2609 1100 1099 1093
4 2609 2607 2560 2554
4 3558 3494 1886 1885
4 3571 2302 2365 2300
4 2627 1112 1467 1089
4 2609 1094 1100 1093
4 2609 2556 1094 1093
4 2609 1100 1467 1099
4 2609 2560 1467 1100
4 2609 2560 1100 1094
4 2609 2556 2554 1094
4 2609 2554 2560 1094
4 3718 3422 2363 2362
4 3461 2616 3460 2615
4 2616 2564 2565 2563
4 3569 835 286 285
4 2643 2639 2586 2584
4 3571 2365 2366 2015
4 3571 2366 2016 2015
4 3704 2076 3621 2075
4 2616 2615 2564 2563
4 2616 2562 2565 2561
4 2907 2870 2872 2817
4 2633 2617 2616 1467
4 3564 3071 3433 3070
4 3733 3467 1155 1153
4 3614 1102 1467 1096
4 3663 3558 1881 414
4 3951 3936 3695 3682
4 3456 2742 3455 2740
4 3638 2648 2618 1467
4 3638 2649 3543 2646
4 2648 2625 2647 2567
4 2648 2647 2625 1467
4 3554 3406 3215 3212
4 3575 2744 2739 2658
4 2658 2604 2605 2603
4 2658 2598 2605 2578
4 2655 2652 2631 2578
4 3575 3090 3095 2739
4 2655 2631 2630 2578
4 2629 2576 2577 2569
4 2626 1487 1455 1169
4 2627 1467 2626 1463
4 3638 1483 1463 1459
4 2629 2569 2577 2568
4 2656 2600 2603 2598
4 2629 2577 2574 2561
4 2627 2626 1465 1463
4 2627 2574 1114 1105
4 3638 3543 3453 2618
4 3575 2659 2740 2658
4 2627 2626 1487 1455
4 2623 2570 2571 2567
4 2623 2619 2570 2567
4 3454 3107 3452 2739
4 2658 2652 2598 2578
4 2629 2612 2627 1467
4 2624 2571 2572 2567
4 2624 2623 2571 2567
4 3638 3459 3593 3453
4 3458 2624 3453 2623
4 3638 1483 1467 1463
4 2629 2628 2627 2574
4 2629 2621 2569 2568
4 2627 1116 1169 1114
4 3558 521 407 406
4 3614 2636 2637 1467
4 3638 3453 2622 2621
4 2627 2626 1462 1459
4 2629 2622 2576 2569
4 2627 1169 1467 1167
4 2627 2574 2573 1116
4 2626 1455 1464 1169
4 3638 2628 3453 2627
4 2626 1463 1467 1169
4 3638 2626 1592 1169
4 2626 1464 1461 1169
4 3575 3087 2993 2723
4 2626 1465 1463 1169
4 2649 2646 2647 2593
4 2626 1461 1462 1169
4 2627 1465 2626 1459
4 2626 1459 1465 1169
4 2627 2612 2561 1069
4 2626 1462 1459 1169
4 2627 1167 1112 1105
4 2627 1467 1145 1089
4 2627 1467 2612 1145
4 2627 1089 1145 1069
4 2627 1145 2612 1069
4 2627 1105 1112 1088
4 2627 2574 1105 1088
4 2627 1088 1089 1069
4 2627 2574 1088 1069
4 3638 2624 2625 1467
4 3638 2627 1487 1455
4 3638 2625 3453 2620
4 3638 3453 2621 2620
4 3638 3453 2625 2624
4 3700 3638 3543 3459
4 3638 1487 1464 1455
4 3638 1462 1461 1459
4 3638 2627 1462 1459
4 3638 1462 2627 1461
4 3638 1464 1487 1461
4 3638 2627 1464 1461
4 2629 2622 2621 1467
4 2629 2568 2577 2567
4 2629 2620 2568 2567
4 2647 2625 2629 2567
4 2649 2647 2646 1467
4 3467 1416 1500 1414
4 2649 2637 2641 2584
4 2649 2593 2647 2577
4 2658 2656 2657 2603
4 2658 2603 2605 2598
4 3575 3105 3100 3099
4 3159 3110 3111 3109
4 3688 2723 2719 1206
4 3638 3543 2647 2646
4 3458 3453 2629 2628
4 3578 3260 3261 3252
4 3614 3519 3462 3460
4 2633 2565 2580 2561
4 2633 2616 2565 2561
4 2633 2566 2580 2565
4 2633 2617 2566 2565
4 3242 2855 2856 2853
4 3977 3661 3872 1906
4 3252 3227 3248 3225
4 3614 1473 3252 530
4 3410 3252 3265 3222
4 3614 1473 1578 1468
4 3638 2644 3614 2643
4 3533 3408 2984 2983
4 3638 2648 3543 2618
4 3282 2553 3281 1473
4 2910 2901 2904 2899
4 2910 2904 2901 2819
4 3810 2446 2081 2080
4 3614 3294 3293 1472
4 3830 3755 3779 3574
4 3740 2954 3218 2879
4 3558 1882 1883 521
4 4128 1151 3733 1135
4 2637 2584 2577 2561
4 2635 2633 2634 2580
4 2635 2581 2582 2580
4 2635 2634 2581 2580
4 2636 2635 2633 1467
4 2637 2577 2629 2561
4 2637 2629 2612 2561
4 3691 3664 2834 2833
4 3358 3035 3085 3034
4 4128 1380 3733 1379
4 3272 3258 3253 1473
4 3614 1474 1469 1447
4 4128 1500 1151 1135
4 2636 2633 2635 2580
4 2636 2582 2583 2580
4 2636 2635 2582 2580
4 3806 3797 3769 3742
4 2637 2612 2633 2561
4 2637 2633 2636 2580
4 2637 2633 2612 1467
4 2637 2636 2633 1467
4 3661 524 3585 523
4 3810 2446 2529 2031
4 3567 3129 3128 3120
4 2637 2580 2584 2561
4 2637 2633 2580 2561
4 2637 2583 2584 2580
4 2637 2636 2583 2580
4 3575 1702 3165 1485
4 3406 3297 3291 3271
4 3558 407 850 406
4 3415 3051 3058 3048
4 3638 1464 2627 1455
4 3044 3026 3027 3021
4 3218 2958 2964 2896
4 3744 424 1126 423
4 3638 3614 1471 1469
4 2643 2639 2642 2586
4 3567 3128 3412 3120
4 2645 2591 2592 2590
4 2645 2641 2588 2587
4 2639 2637 2638 2584
4 3614 2637 2638 1467
4 2908 2872 2815 2814
4 2639 2585 2586 2584
4 2639 2638 2585 2584
4 3580 787 785 397
4 3638 1471 3575 1469
4 3280 2553 3279 1473
4 3294 3218 2841 2840
4 3405 3401 1475 1472
4 2648 2619 2618 1467
4 3575 3165 3102 3097
4 3241 2869 2870 2868
4 2735 2684 2666 2665
4 2649 2641 2588 2584
4 2643 2589 2590 2586
4 2648 2625 2619 1467
4 3638 3614 2649 2646
4 2645 2588 2592 2587
4 2643 2586 2590 2584
4 2643 2642 2589 2586
4 3614 2560 2608 1467
4 3810 2529 2277 2275
4 2643 2642 2639 1467
4 3297 3252 3293 1473
4 3558 850 521 406
4 3433 3069 3070 3068
4 3575 3455 2659 2658
4 2645 2641 2640 1467
4 3575 2742 2744 2740
4 2645 2644 2591 2590
4 3977 3810 3704 3558
4 3661 3558 528 500
4 2643 2590 2588 2584
4 2643 2588 2641 2584
4 2643 2637 2639 2584
4 2643 2641 2637 2584
4 2643 2639 2637 1467
4 2643 2637 2641 1467
4 3599 3457 3575 3455
4 2645 2644 2643 1467
4 2645 2643 2641 1467
4 3558 1907 1911 521
4 2645 2590 2592 2588
4 2645 2641 2643 2588
4 3704 3475 3661 2446
4 2645 2643 2590 2588
4 3294 3218 2845 2841
4 3638 1468 3614 1467
4 3575 2657 2658 2656
4 2839 2835 2833 2780
4 3575 3358 3433 1474
4 2649 2588 2596 2584
4 2646 2596 2597 2593
4 2649 2641 2637 1467
4 3575 3165 3104 3103
4 2647 2577 2593 2567
4 2647 2629 2577 2567
4 2649 2596 2646 2593
4 2649 2596 2593 2577
4 2648 2593 2594 2567
4 2648 2647 2593 2567
4 2648 2594 2618 2570
4 2648 2618 2619 2570
4 2648 2619 2625 2567
4 2648 2594 2570 2567
4 2648 2570 2619 2567
4 2649 2584 2596 2577
4 2649 2637 2584 2577
4 2649 2647 2629 2577
4 2649 2629 2637 2577
4 2649 2637 2629 1467
4 2649 2629 2647 1467
4 3664 2838 3241 2833
4 3412 3144 3165 3109
4 2827 2799 2775 2768
4 2730 1702 2729 1269
4 2910 2908 2909 2902
4 3571 2362 2365 2361
4 2987 2928 2935 2650
4 3261 3225 3206 3205
4 3241 2956 2957 2921
4 3955 850 3663 424
4 3792 3089 3575 2995
4 2655 2653 2652 2598
4 3692 3608 3033 2980
4 3585 3499 3552 296
4 3456 2656 3455 2654
4 2656 2654 2600 2598
4 2658 2657 2604 2603
4 3638 2628 2627 1467
4 2658 2652 2656 2598
4 3458 2619 3453 2618
4 3456 2657 3455 2656
4 2655 2601 2598 2578
4 2655 2598 2652 2578
4 2655 2601 2599 2598
4 2655 2599 2653 2598
4 3585 3499 1899 1897
4 3638 2619 2623 1467
4 3688 3599 3575 3455
4 3638 2620 2621 1467
4 3792 3142 3115 3058
4 3575 2655 2652 2631
4 3575 3455 2657 2656
4 3638 2649 3614 2641
4 3824 3810 2275 2031
4 2722 2665 2663 2578
4 3688 3575 2632 2631
4 2722 2663 2716 2578
4 3445 1593 3432 1478
4 2716 2579 2632 2578
4 2735 2682 2733 2681
4 2720 1593 2719 1206
4 3087 2993 2723 2660
4 2722 2664 2717 2663
4 3445 1451 1443 1439
4 2731 2710 2711 2701
4 3432 1478 1614 1454
4 3099 2676 2675 2668
4 3576 3526 3480 3479
4 3575 3098 3094 3093
4 2739 2605 2708 2578
4 3099 919 3098 866
4 3575 2653 3455 2652
4 2728 1269 2725 1222
4 2724 2714 2679 2678
4 2724 2680 2714 2678
4 3095 2701 2702 2699
4 3575 2730 2728 2724
4 3087 3086 2994 2666
4 2722 2665 2718 2664
4 3575 2994 3445 2993
4 3575 2734 2735 1702
4 3575 2730 2729 2728
4 2740 2659 2606 2605
4 3107 2735 2739 2684
4 3575 2730 2732 1702
4 3105 2677 3100 2676
4 2720 2661 2719 2660
4 3244 3006 3007 2773
4 3241 2892 2884 2841
4 3575 3455 2658 2657
4 3568 2645 3543 2644
4 3575 2747 2756 2731
4 3977 3558 3661 1906
4 2744 2742 2743 2687
4 3090 2694 2697 2690
4 3575 3373 3058 3046
4 2744 2742 2687 2686
4 3241 2864 2868 2861
4 2864 2861 2863 2806
4 3090 2995 2695 2694
4 2953 2792 2845 2788
4 2752 2750 2692 2690
4 3192 3172 3173 1475
4 3165 3142 3097 3096
4 2835 2834 2833 2780
4 3412 3176 3170 3169
4 3607 3238 3212 3211
4 3152 3134 3109 3108
4 3101 2701 3095 2699
4 3433 3363 3383 1472
4 3575 2735 2722 2631
4 2735 2734 2733 2682
4 3638 1463 1465 1459
4 3575 1469 3165 1447
4 3575 3105 3106 1702
4 3452 2734 2733 1702
4 3445 1577 1590 1566
4 3452 1702 2730 1269
4 3397 3390 3391 1472
4 3575 3098 3099 1702
4 3722 3610 3142 3109
4 3575 2739 3101 2731
4 2839 2837 2784 2780
4 3445 2994 3432 2993
4 2735 2722 2631 2578
4 3533 3408 3301 3300
4 2844 2791 2790 2786
4 3575 2722 2718 2717
4 3454 3452 2732 2730
4 2739 2708 2702 2701
4 2910 2903 2904 2902
4 3241 2871 2872 2870
4 2731 2711 2708 2701
4 3614 1578 1102 1096
4 3575 3099 3098 3092
4 2993 2666 2670 2660
4 3052 2987 3046 2650
4 3614 2607 2609 1152
4 2841 2839 2775 2774
4 2955 2894 2892 2887
4 3298 3297 3293 1473
4 3363 3328 3352 3310
4 3413 3122 3127 3116
4 3454 3452 2735 2734
4 2910 2909 2903 2902
4 3087 918 3086 864
4 2735 2684 2683 2682
4 2735 2684 2682 2681
4 2739 2708 2736 2706
4 3575 3106 2724 1702
4 2739 2731 2708 2701
4 3087 2722 2735 2665
4 3575 2656 2658 2652
4 3575 3100 3105 1702
4 2739 2736 2737 2706
4 2739 2702 2708 2697
4 3614 1473 1468 1466
4 2907 2901 2897 2887
4 3575 2728 2729 1702
4 3218 2964 2910 2909
4 3454 3452 3109 2747
4 2907 2905 2900 2899
4 2729 1702 2728 1269
4 3106 2724 1269 1222
4 2725 1702 2724 1269
4 2725 1269 2724 1222
4 3454 3452 2755 2731
4 3575 3087 2994 2993
4 3087 2735 2666 2665
4 2722 2717 2716 2663
4 3087 2665 2666 2660
4 3241 2868 2870 2861
4 2723 2720 2719 2660
4 2722 2718 2717 2664
4 2720 1206 2719 1205
4 3575 3087 3445 3086
4 3092 3088 3087 2666
4 2721 1206 1205 864
4 2730 2680 2724 2678
4 2993 2669 2721 2662
4 3452 3160 3153 3109
4 3688 3575 2723 2722
4 2735 2665 2722 2578
4 2721 918 1206 864
4 2993 2670 2669 2662
4 2993 2662 2720 2660
4 3688 2719 2723 1593
4 2993 2670 2662 2660
4 3688 2719 1593 1206
4 2718 2665 2713 2664
4 3445 2993 3432 1593
4 2735 2684 2680 2678
4 2739 2707 2708 2706
4 2993 2720 2723 2660
4 3575 2993 3445 2721
4 3525 3099 3098 1702
4 3092 2668 2667 2666
4 2735 2684 2668 2666
4 2729 1269 2728 1222
4 2728 2726 2715 2714
4 2728 2726 2714 2680
4 2730 2729 2728 2680
4 2728 2725 2724 2714
4 3454 3109 2762 2747
4 2728 2715 2725 2714
4 2728 2714 2724 2680
4 2729 2727 2726 2680
4 2729 2726 2728 2680
4 2735 2733 2732 2681
4 2735 2732 2730 2680
4 3575 3105 3099 3092
4 3454 3452 2733 2732
4 2735 2684 2665 2578
4 3447 3445 1555 1554
4 2735 2680 2730 2678
4 2735 2684 2681 2680
4 2735 2681 2732 2680
4 3575 2721 3445 1593
4 2993 918 2721 864
4 2735 2684 2678 2668
4 3445 1582 1589 1577
4 3176 1475 3175 1474
4 3452 3160 3165 1702
4 2736 2708 2712 2706
4 2736 2711 2712 2708
4 2736 2731 2711 2708
4 3575 2658 2739 2631
4 3192 3177 3178 1475
4 2739 2738 2707 2706
4 2739 2731 2736 2708
4 3090 3089 2696 2695
4 3454 2737 3452 2736
4 2739 2737 2738 2706
4 2739 2708 2684 2578
4 2739 2708 2685 2684
4 3142 3115 3090 3089
4 3533 3011 3306 3010
4 2739 2684 2735 2578
4 3575 3092 3445 3088
4 3575 3455 2742 2740
4 2739 2689 2708 2605
4 3575 2735 2732 2730
4 3575 3087 2723 2722
4 3090 2745 2752 2690
4 2739 2697 2708 2689
4 3575 3099 3100 1702
4 2740 2606 2686 2605
4 3638 1487 2627 1483
4 2990 2987 2988 2935
4 3792 2995 3575 2752
4 3596 3047 3048 3034
4 2752 2750 2751 2692
4 2744 2687 2689 2686
4 3629 1533 1592 1260
4 2744 2743 2688 2687
4 2744 2688 2689 2687
4 2744 2740 2742 2686
4 2744 2658 2740 2605
4 2744 2740 2686 2605
4 2744 2739 2658 2605
4 3456 2740 3455 2659
4 3568 3458 3543 2618
4 2744 2686 2689 2605
4 3745 3580 3522 796
4 3165 3104 3109 3101
4 3270 3267 3268 3206
4 3575 2755 3452 2731
4 2747 2710 2731 2701
4 3101 2700 2701 2699
4 2747 2709 2710 2701
4 2747 2746 2709 2701
4 3445 1478 3432 1454
4 3452 1275 1276 1269
4 3575 3106 3105 2724
4 3411 3150 3165 3149
4 2752 2751 2693 2692
4 2752 2693 2694 2692
4 2752 2745 2750 2690
4 2750 2691 2692 2690
4 3792 3115 3142 3089
4 2750 2749 2691 2690
4 3090 2744 2745 2689
4 3090 2752 2694 2690
4 3792 3575 3790 3455
4 3090 2739 2744 2689
4 3090 2995 3089 2695
4 3452 3109 2747 2746
4 2756 2747 2748 2710
4 4365 4357 1576 1575
4 2756 2748 2741 2710
4 3159 3154 3110 3109
4 3295 2553 3292 1473
4 2755 2753 2754 2711
4 2756 2741 2753 2710
4 2756 2731 2747 2710
4 2756 2753 2755 2711
4 2756 2755 2731 2711
4 2756 2711 2731 2710
4 2756 2753 2711 2710
4 3241 2827 2826 2799
4 2908 2902 2819 2814
4 3145 3136 3140 3108
4 3241 2908 2910 2872
4 3467 1422 1500 1416
4 2907 2887 2892 2774
4 2923 2919 2907 2901
4 3218 2892 2965 2885
4 3147 3109 3146 3108
4 3109 3097 3096 2762
4 3412 3175 3176 3169
4 3165 3147 3160 3145
4 3452 3153 3160 1275
4 3575 2736 2739 2731
4 3575 3165 3452 2756
4 3614 1152 2609 1099
4 3405 1473 3382 1472
4 3454 2756 3452 2748
4 3452 3165 3109 2746
4 3452 2747 3165 2746
4 3452 2748 3165 2747
4 3575 2722 2717 2716
4 3454 2748 3452 2747
4 3241 3218 2957 2956
4 2921 2901 2914 2897
4 3241 2871 2870 2854
4 3085 3083 3084 3031
4 3241 2892 3218 2885
4 3792 3575 3058 3046
4 3218 2964 2911 2910
4 2907 2900 2901 2899
4 3218 2964 2920 2919
4 2921 2907 2901 2897
4 3115 3046 3058 2650
4 3241 2910 2907 2872
4 2907 2892 2775 2774
4 3241 2955 3218 2894
4 3554 3244 2779 2775
4 3520 3412 3413 3121
4 3218 2955 2965 2894
4 3241 3218 2954 2879
4 3374 1475 3192 1472
4 3241 2839 2835 2833
4 3520 3413 3143 3117
4 3241 2907 2960 2892
4 3241 2872 2871 2854
4 3664 3241 2835 2834
4 3495 1909 3494 1908
4 3690 3248 3252 3247
4 3218 2964 2923 2907
4 3109 2761 2762 2760
4 2799 2793 2794 2767
4 2828 2769 2777 2768
4 2828 2775 2779 2774
4 3241 2864 2863 2854
4 3216 3212 3215 2848
4 2779 2778 2776 2774
4 3977 3905 3810 3558
4 3810 2529 3558 2522
4 3691 3664 2838 2837
4 3987 3740 3833 3638
4 4094 3614 3462 3460
4 3218 2964 2955 2896
4 2839 2782 2835 2780
4 4066 3838 3745 3545
4 2844 2790 2843 2786
4 3691 3664 2837 2773
4 3378 3377 1475 1472
4 3005 2949 2950 2944
4 2841 2788 2787 2786
4 2841 2787 2840 2786
4 2839 2837 2775 2774
4 3810 2279 2255 2082
4 2907 2819 2901 2817
4 2881 2880 2879 2875
4 2799 2794 2768 2767
4 2861 2805 2802 2798
4 3241 2955 2894 2892
4 3241 2870 2907 2861
4 3241 2839 2842 2835
4 3244 2828 3241 2779
4 2910 2907 2901 2899
4 3241 2865 2864 2854
4 3805 3246 3252 3199
4 3274 3231 3273 3229
4 3756 2520 2522 2515
4 3987 3638 3614 2643
4 2801 2799 2800 2794
4 2801 2795 2797 2794
4 2801 2800 2795 2794
4 2861 2803 2805 2798
4 2910 2872 2908 2819
4 3554 3406 3239 3234
4 3001 3000 2951 2950
4 3241 2919 2956 2907
4 3241 2908 2872 2815
4 2861 2802 2806 2798
4 2868 2867 2812 2811
4 2861 2860 2804 2802
4 2861 2805 2860 2802
4 2870 2869 2816 2813
4 2839 2833 2837 2780
4 2861 2794 2806 2774
4 2861 2804 2806 2802
4 2861 2798 2806 2797
4 2861 2775 2799 2774
4 3241 2854 2800 2799
4 3125 2764 2765 2759
4 3241 2861 2860 2854
4 3358 3353 3079 3072
4 3241 2801 2861 2799
4 2910 2908 2902 2819
4 2868 2864 2866 2809
4 3241 2869 2868 2854
4 3241 2854 2805 2803
4 3740 3294 2845 2841
4 2910 2902 2904 2819
4 2884 2877 2881 2788
4 2861 2801 2803 2797
4 3218 2964 2907 2905
4 3241 2858 2831 2826
4 3241 2884 2883 2881
4 3241 2868 2867 2854
4 3241 2827 2858 2826
4 2907 2861 2870 2806
4 2839 2786 2784 2774
4 2861 2803 2798 2797
4 2872 2870 2871 2817
4 2870 2816 2817 2813
4 3306 3305 2968 2966
4 3793 1517 3472 1516
4 3614 2608 2610 1467
4 3247 3227 3246 3206
4 3270 3268 3252 3222
4 2907 2901 2887 2774
4 3241 2894 3218 2892
4 3241 2960 2955 2892
4 3241 2859 2854 2799
4 3217 3062 3206 2822
4 3218 2959 2964 2958
4 3199 3193 3062 3008
4 3241 2909 2910 2908
4 3241 2854 2860 2805
4 2859 2772 2793 2771
4 2828 2779 2776 2774
4 2828 2776 2769 2768
4 3241 2854 2832 2830
4 2827 2799 2768 2767
4 2827 2826 2799 2767
4 2828 2827 2775 2768
4 2828 2777 2827 2768
4 2828 2775 2774 2768
4 2828 2774 2776 2768
4 3206 3199 3193 3063
4 3396 3394 1475 1472
4 3242 3239 3240 2853
4 3410 3225 3252 3205
4 2859 2793 2799 2767
4 2859 2832 2772 2771
4 2859 2831 2832 2771
4 2832 2831 2830 2770
4 2832 2772 2771 2770
4 2832 2771 2831 2770
4 3554 3216 3217 3206
4 3241 2955 2960 2896
4 3358 3353 3350 3347
4 3218 2894 2965 2892
4 2835 2782 2781 2780
4 3824 3810 2096 2082
4 3241 3218 2909 2908
4 2910 2901 2907 2819
4 2835 2781 2834 2780
4 3554 3208 3210 3207
4 3987 2642 3614 2639
4 3554 3406 3063 3062
4 3833 3614 3638 3294
4 2837 2836 2775 2774
4 2841 2788 2786 2774
4 2839 2784 2837 2774
4 2839 2784 2786 2780
4 3458 2623 3453 2619
4 2837 2784 2783 2774
4 2837 2783 2836 2774
4 3824 3810 2278 2277
4 2838 2837 2833 2780
4 2838 2785 2784 2780
4 2838 2784 2837 2780
4 3935 3833 3752 3614
4 3461 2612 3460 2611
4 2844 2843 2839 2786
4 3241 2860 2861 2805
4 2841 2786 2839 2774
4 3790 3575 3457 3455
4 4096 4038 4063 3964
4 2907 2861 2806 2774
4 2842 2835 2839 2782
4 3833 3664 3294 2844
4 2842 2786 2789 2782
4 2842 2839 2786 2782
4 2843 2842 2839 2786
4 2843 2790 2789 2786
4 2843 2789 2842 2786
4 3664 3241 2842 2835
4 3664 3293 3241 3006
4 3833 3638 3740 3294
4 3501 1864 3496 256
4 3216 3215 2849 2848
4 2861 2799 2794 2774
4 3241 2866 2868 2864
4 3241 2826 2859 2799
4 3242 3240 2855 2853
4 3241 2831 2859 2826
4 3242 2853 2856 2851
4 3744 422 1126 421
4 3690 3578 3252 3201
4 3558 1880 1876 521
4 3242 3217 3239 2851
4 3241 2858 2854 2830
4 3631 3240 3554 3239
4 3241 2779 2828 2775
4 3241 2865 2866 2864
4 3241 2921 2960 2907
4 3241 2832 2831 2830
4 3241 2841 2840 2839
4 3664 3252 3293 3006
4 3410 3252 3263 3205
4 3217 3206 3216 2824
4 3006 2779 2775 2773
4 3210 3207 3208 2825
4 3380 3329 3379 3325
4 3217 3206 2824 2822
4 3006 2836 2837 2773
4 3006 2775 2836 2773
4 2859 2799 2826 2767
4 2859 2826 2831 2767
4 2859 2771 2793 2767
4 2859 2831 2771 2767
4 2861 2797 2806 2794
4 3241 2836 3006 2775
4 2861 2801 2797 2794
4 2861 2799 2801 2794
4 2892 2885 2884 2882
4 2870 2861 2868 2806
4 3241 3218 2961 2921
4 2870 2813 2817 2806
4 2863 2861 2862 2806
4 2868 2866 2867 2811
4 2863 2807 2808 2806
4 2863 2862 2807 2806
4 3241 2803 2861 2801
4 2864 2808 2809 2806
4 2864 2863 2808 2806
4 2870 2868 2869 2813
4 2868 2811 2813 2809
4 2866 2864 2865 2809
4 2868 2866 2811 2809
4 2866 2810 2811 2809
4 2866 2865 2810 2809
4 2868 2812 2813 2811
4 2868 2861 2864 2806
4 2868 2809 2813 2806
4 2868 2864 2809 2806
4 2870 2868 2813 2806
4 3241 2861 2907 2775
4 2887 2886 2885 2882
4 2872 2871 2818 2817
4 2872 2818 2819 2817
4 3298 3293 3294 1473
4 3540 3308 3305 3301
4 2907 2806 2901 2774
4 2960 2907 2921 2897
4 2884 2881 2841 2788
4 3213 2931 2980 2884
4 3218 2885 3213 2884
4 2884 2882 2878 2877
4 3192 3178 3172 1475
4 2960 2897 2890 2889
4 2960 2955 2892 2887
4 3529 3001 3005 3000
4 3241 2828 2827 2775
4 3109 3108 2761 2760
4 4022 3575 3792 3046
4 2908 2819 2872 2814
4 2884 2878 2883 2877
4 3740 2841 3685 2840
4 2879 2875 2874 2788
4 2884 2882 2877 2788
4 2881 2879 2841 2788
4 2881 2877 2876 2875
4 2881 2876 2880 2875
4 2881 2877 2875 2788
4 2881 2875 2879 2788
4 3740 3685 2954 2879
4 3218 2964 2908 2815
4 3614 2640 2641 1467
4 3278 1473 2553 530
4 3218 2964 2963 2962
4 2884 2883 2881 2877
4 3241 3218 2872 2854
4 2892 2884 2841 2788
4 2907 2872 2819 2817
4 3241 2956 2921 2907
4 2892 2887 2885 2882
4 2907 2870 2817 2806
4 2892 2841 2775 2774
4 2907 2817 2901 2806
4 3218 2965 3213 2885
4 2907 2775 2861 2774
4 3241 2863 2864 2861
4 3322 3033 3310 3014
4 3413 3412 3127 3126
4 2892 2788 2841 2774
4 2892 2887 2788 2774
4 2892 2882 2884 2788
4 2892 2887 2882 2788
4 3241 2827 2799 2775
4 3241 2863 2862 2854
4 2911 2905 2907 2899
4 2911 2907 2910 2899
4 2956 2917 2914 2901
4 2923 2906 2919 2901
4 3554 2779 3241 2775
4 3241 2892 2841 2775
4 2921 2914 2898 2897
4 3241 2805 2861 2803
4 3241 2862 2861 2854
4 2960 2959 2958 2891
4 3241 2835 2834 2833
4 2921 2913 2914 2912
4 3046 3005 3001 2650
4 2960 2895 2959 2891
4 3218 2854 2964 2815
4 2957 2914 2918 2912
4 3241 3218 2910 2909
4 2919 2906 2915 2901
4 2957 2921 2914 2912
4 2956 2907 2919 2901
4 2956 2919 2920 2915
4 2956 2914 2921 2901
4 3568 2641 3543 2640
4 2956 2921 2907 2901
4 3115 3058 2952 2650
4 3843 3700 3638 3543
4 3218 2964 2961 2921
4 3578 3259 3260 3252
4 3241 2910 2911 2907
4 2987 2933 2935 2928
4 3065 3036 3037 3014
4 3529 3002 3046 2987
4 3297 2553 3296 1473
4 3241 2961 3218 2960
4 3218 2961 2964 2960
4 3054 2932 2933 2928
4 3631 3407 3242 3240
4 3626 3433 3065 3036
4 3306 3299 2972 2965
4 3294 3241 2840 2839
4 3011 2974 2979 2973
4 3638 2625 2620 1467
4 3688 3599 3670 3575
4 3661 2446 3475 529
4 3912 3843 3638 3543
4 3847 3691 3833 2844
4 3218 2963 2964 2921
4 3054 3034 2986 2981
4 2987 2934 2935 2933
4 3051 3046 3048 2650
4 2980 2883 2931 2881
4 3014 2983 3013 2929
4 3792 3777 3115 3089
4 3175 3165 1474 1447
4 3575 3092 3088 3087
4 3293 3241 2843 2842
4 3426 2367 2420 2314
4 2980 2881 2931 2880
4 3638 2648 3614 2647
4 3241 2872 3218 2815
4 3540 3308 3306 3305
4 3529 3046 3005 3001
4 3174 3173 3168 3167
4 3218 2883 2980 2881
4 3575 3175 3091 3090
4 3001 2951 2952 2950
4 2998 2996 2940 2937
4 3452 2733 2732 1702
4 3241 3218 2955 2896
4 3002 2998 2942 2935
4 3638 1593 3445 1592
4 2998 2996 2997 2940
4 3575 3103 3104 3101
4 2987 2986 2934 2933
4 3649 3028 3415 2998
4 3575 3358 3373 3046
4 3005 3002 3004 2944
4 3575 3088 3445 3087
4 3740 3568 3543 2644
4 3722 3109 3142 3096
4 3792 3575 3142 3058
4 3539 3415 3081 2988
4 3058 3001 2952 2650
4 2996 2990 2992 2937
4 3412 3144 3109 3108
4 3683 3081 3074 2987
4 3033 3019 2984 2983
4 3733 1578 3467 1152
4 3465 1700 1239 1236
4 3175 3142 3095 3091
4 2953 2845 2841 2788
4 3740 3218 2980 2879
4 2954 2841 2879 2788
4 2954 2879 2874 2788
4 2954 2953 2841 2788
4 2954 2874 2873 2788
4 2954 2873 2953 2788
4 2960 2897 2895 2891
4 2955 2889 2888 2887
4 2955 2888 2894 2887
4 2960 2890 2896 2889
4 2960 2896 2955 2889
4 2956 2915 2917 2901
4 2956 2919 2915 2901
4 2956 2916 2917 2915
4 2956 2920 2916 2915
4 3218 2872 2854 2815
4 2957 2921 2956 2914
4 2957 2917 2918 2914
4 2957 2956 2917 2914
4 3241 2880 3218 2879
4 2960 2958 2896 2890
4 2960 2897 2891 2890
4 3241 2870 2869 2854
4 3554 3406 3217 3216
4 3213 2965 2931 2884
4 2960 2891 2958 2890
4 3218 2964 2956 2920
4 2960 2892 2907 2887
4 2960 2907 2897 2887
4 2960 2897 2889 2887
4 2960 2889 2955 2887
4 3213 2931 2965 2930
4 2961 2921 2898 2897
4 2961 2960 2921 2897
4 2962 2921 2957 2912
4 3299 2971 2972 2965
4 3306 2972 2976 2965
4 2963 2913 2921 2912
4 2963 2921 2962 2912
4 3578 3263 3410 3252
4 3540 3310 3408 3011
4 3567 3144 3412 3126
4 3529 3005 3046 3002
4 3241 2879 2954 2841
4 3413 3121 3143 3117
4 3364 3360 3358 1475
4 3165 3109 3103 3102
4 3413 3126 3127 3125
4 3374 3373 3175 1475
4 3218 2960 2964 2959
4 3399 3398 1475 1472
4 3218 2911 2964 2905
4 3241 2961 2960 2921
4 3533 3299 3306 3213
4 3529 3053 3054 3052
4 3529 2998 3002 2987
4 3411 3149 3165 3148
4 3408 3304 3300 3299
4 3127 3125 3126 2760
4 3369 3363 1475 1472
4 2992 2991 2938 2937
4 3320 3064 3068 3014
4 3533 3408 3306 3305
4 3584 3554 3407 3242
4 3213 2885 2965 2884
4 3415 3366 3373 3058
4 3213 2980 2931 2930
4 1324 1500 1304 1303
4 3213 2984 2980 2930
4 2980 2880 2931 2879
4 3568 3543 2645 2640
4 3303 3299 3213 2965
4 3295 3283 3253 1473
4 3305 2967 2968 2966
4 3051 3048 3034 2981
4 3540 3306 3308 3009
4 3085 3080 3083 3075
4 3033 3014 3019 2983
4 3533 3305 3306 3300
4 3218 2880 2980 2879
4 3584 3243 3554 3242
4 3533 3306 3011 2984
4 3294 1473 3293 1472
4 3757 3754 3717 3646
4 3740 2980 3685 2879
4 3011 2979 2974 2930
4 3013 2974 3011 2973
4 2998 2987 2990 2935
4 2990 2936 2937 2935
4 3575 2729 2730 1702
4 3575 3175 3095 3091
4 3361 3356 3352 3329
4 3218 2923 2964 2919
4 2990 2988 2936 2935
4 3683 2988 3081 2987
4 2998 2990 2996 2937
4 2992 2938 2939 2937
4 3001 2950 2952 2650
4 2998 2941 2942 2940
4 2992 2990 2991 2937
4 3445 3092 1702 1454
4 3087 2994 2993 2666
4 3525 1702 3094 1454
4 2994 2671 2670 2666
4 2994 2670 2993 2666
4 3005 3004 2949 2944
4 3575 3445 3092 1702
4 3575 2654 2656 2652
4 3090 2695 2697 2694
4 3792 3777 2752 2751
4 2996 2939 2940 2937
4 2996 2992 2939 2937
4 3294 2844 3241 2839
4 1434 1500 1431 1430
4 2998 2940 2942 2937
4 3002 2998 2999 2942
4 3529 3028 3418 3003
4 2998 2997 2941 2940
4 2998 2937 2942 2935
4 2998 2990 2937 2935
4 3165 3145 3160 3144
4 3575 2739 3107 2735
4 3393 3378 3340 3338
4 3529 3048 3051 3046
4 3004 2945 2949 2944
4 3218 2964 2965 2955
4 3002 2999 2943 2942
4 3413 3128 3125 3119
4 3452 2735 2734 1702
4 3002 2943 2944 2942
4 3279 2553 3278 1473
4 3672 2414 3536 2236
4 3529 3058 3046 3001
4 3005 3000 3001 2950
4 3358 3324 3353 3323
4 3002 2987 2998 2935
4 3002 2935 2944 2650
4 3002 2987 2935 2650
4 3177 3167 3171 3166
4 3054 3053 3034 2981
4 3413 3109 3127 3108
4 3004 3003 2945 2944
4 3004 3002 3003 2944
4 3411 3156 3165 3155
4 3054 3053 2932 2928
4 3005 2950 3001 2650
4 3294 3241 3245 3218
4 3005 2944 2950 2650
4 3005 3002 2944 2650
4 3052 3051 3034 2981
4 3062 3008 2821 2820
4 3244 2858 3241 2777
4 3062 2821 2822 2820
4 3244 3007 2820 2773
4 3206 3063 2823 2822
4 3216 2849 2850 2848
4 3217 2850 2851 2824
4 3244 2779 3006 2773
4 3244 2858 2779 2773
4 3241 2854 2859 2832
4 3678 3238 3607 3210
4 3248 3227 3247 3206
4 3217 2824 2851 2822
4 3554 3241 3007 3006
4 3244 2856 2858 2851
4 3206 3062 3063 2822
4 3062 3007 3008 2820
4 3216 3210 3212 2846
4 3206 2823 2824 2822
4 3239 3217 3234 2851
4 3241 2839 2837 2775
4 3271 3236 3237 3207
4 3241 2838 2837 2833
4 3664 3241 2834 2833
4 3217 3216 2850 2824
4 3433 3358 3359 1475
4 3306 3213 3299 2965
4 3241 2883 3218 2881
4 3011 2976 2979 2930
4 3310 3309 3307 3013
4 3010 2977 2978 2976
4 3010 3009 2977 2976
4 3011 2978 2979 2976
4 3011 3010 2978 2976
4 3013 3011 3012 2973
4 3013 2984 3011 2930
4 3013 3011 2974 2930
4 3013 2930 2974 2929
4 3013 2984 2930 2929
4 3358 3041 3042 3040
4 3433 3408 3014 2983
4 3014 2974 2975 2929
4 3014 3013 2974 2929
4 3520 3121 3413 3117
4 3562 3475 2300 2309
4 3412 3165 3175 3142
4 3294 3241 2844 2843
4 3529 3054 3058 2986
4 3558 526 524 500
4 3433 3070 3071 3065
4 3563 3529 3005 3000
4 3649 2998 3415 2997
4 3358 3056 3057 3045
4 1362 1361 1500 1360
4 3433 3310 3033 2984
4 3305 3301 2967 2966
4 3638 2645 3614 2644
4 3045 3039 3044 2985
4 3278 3274 1473 530
4 3575 2735 3087 2722
4 3256 3254 3253 1473
4 3192 3187 3188 1474
4 3218 2964 2962 2957
4 3533 3014 3408 2983
4 3678 3237 3210 3208
4 3373 3175 1475 1474
4 3614 2645 2640 1467
4 3614 1101 1578 1100
4 3374 3176 3192 1475
4 3833 3740 3685 2840
4 3683 3032 3539 2990
4 3309 3012 3657 3011
4 3080 3073 3075 3060
4 3278 2547 3274 530
4 3575 2732 2733 1702
4 3529 3003 3004 3002
4 3165 3149 3150 3145
4 3529 3415 3002 2999
4 3603 2414 3425 2296
4 3575 3452 3165 1702
4 3241 3218 2908 2815
4 3452 2732 2730 1702
4 3412 3176 3165 3161
4 3750 3672 3585 2414
4 3415 3048 3058 3047
4 3165 3142 3109 3097
4 3363 3352 3311 3310
4 3044 3042 3021 2989
4 3377 3376 1475 1472
4 3575 2738 2739 2737
4 3426 2395 2420 2344
4 3664 3241 3293 2842
4 3638 1469 3575 1447
4 3085 3077 3083 3031
4 3042 3041 3020 2989
4 3165 3157 3154 3147
4 3044 3021 3027 2989
4 3044 3040 3042 2989
4 3692 3033 3019 2984
4 3416 3056 3358 3055
4 3036 3022 3023 3014
4 3433 3408 3383 3310
4 3987 3847 3833 3740
4 3554 3063 3206 3062
4 3529 3415 2999 2998
4 3358 3079 3080 3067
4 3575 3089 3090 2995
4 3038 3033 3037 3014
4 3065 3037 3033 3014
4 3037 3023 3024 3014
4 3037 3036 3023 3014
4 3044 3043 3026 3021
4 3038 3025 3019 3014
4 3038 3019 3033 3014
4 3038 3024 3025 3014
4 3038 3037 3024 3014
4 3045 3035 3039 2982
4 3603 2299 2414 2298
4 3165 3150 3151 3145
4 4128 3766 1129 3622
4 3044 2989 3027 2985
4 3044 3039 3040 2985
4 3042 3040 3041 2989
4 3042 3020 3021 2989
4 3044 3042 3043 3021
4 3044 3040 2989 2985
4 3057 3045 3056 3029
4 3045 2985 3029 2982
4 3045 3039 2985 2982
4 3045 3027 3029 2985
4 3045 3044 3027 2985
4 3358 3054 3053 3034
4 3458 3453 2627 1201
4 3792 3058 3115 3046
4 3638 1592 1483 1169
4 3558 1914 1908 521
4 3433 3352 3417 3321
4 3529 3058 2987 2986
4 3165 3155 3157 3147
4 3046 2987 3002 2650
4 3046 3002 3005 2650
4 3175 3142 3091 3090
4 3052 2928 2987 2650
4 3048 3046 3047 2650
4 3048 2651 2926 2650
4 3048 3047 2651 2650
4 3529 3046 3052 2987
4 4364 768 767 179
4 3057 3045 3029 2982
4 3057 3056 3049 3029
4 3360 3359 3358 1475
4 3081 3054 3034 2986
4 3529 3051 3052 3046
4 3051 2926 2927 2650
4 3051 3048 2926 2650
4 3052 3046 3051 2650
4 3052 2927 2928 2650
4 3052 3051 2927 2650
4 3053 3052 3034 2981
4 3054 3052 3053 2928
4 3054 2986 2987 2933
4 3054 2933 2987 2928
4 3054 2987 3052 2928
4 3529 3052 3054 2987
4 3529 2988 2990 2987
4 3056 3045 3055 3029
4 3057 3049 3050 3029
4 3057 3029 3050 2982
4 3416 3067 3358 3066
4 3056 3030 3049 3029
4 3056 3055 3030 3029
4 3057 3035 3045 2982
4 3529 2990 2998 2987
4 3539 3032 2996 2992
4 3358 3045 3057 3035
4 3529 3415 2998 2997
4 3081 3074 2986 2981
4 3529 2987 3054 2986
4 3529 3058 3053 3052
4 3402 3388 3399 1472
4 3529 3058 3054 3053
4 3322 3315 3316 3013
4 3433 3363 3352 3311
4 3683 2990 3539 2988
4 3306 2968 2976 2966
4 3320 3319 3312 3014
4 3210 3207 2825 2824
4 3210 2825 2846 2824
4 3416 3072 3358 3067
4 3065 3018 3022 3014
4 3065 3022 3036 3014
4 3433 3037 3065 3036
4 3433 3070 3322 3068
4 3067 3057 3066 3050
4 3067 3059 3060 3050
4 3067 3066 3059 3050
4 3070 3068 3069 3014
4 3395 3378 3387 1472
4 3068 3064 3015 3014
4 3298 2553 3297 1473
4 3433 3352 3321 3311
4 3416 3353 3358 3072
4 3069 3015 3016 3014
4 3069 3068 3015 3014
4 3071 3018 3065 3014
4 3416 3066 3358 3057
4 3070 3016 3017 3014
4 3070 3069 3016 3014
4 3071 3065 3070 3014
4 3071 3017 3018 3014
4 3071 3070 3017 3014
4 3433 2984 3408 2983
4 3375 3372 1475 1472
4 3415 3028 2999 2998
4 3433 3310 2984 2983
4 3081 3074 2987 2986
4 4345 4330 812 637
4 3079 3067 3072 3060
4 3080 3067 3079 3060
4 3378 3377 3376 1475
4 1424 1500 1422 1414
4 3358 3057 3085 3035
4 3402 3399 1475 1472
4 3079 3072 3061 3060
4 3539 2991 3415 2990
4 3079 3061 3073 3060
4 3085 3034 3035 2981
4 3085 3078 3074 2981
4 3085 3057 3050 2982
4 3085 3050 3078 2982
4 3085 3083 3077 3075
4 3456 2658 3455 2657
4 3080 3079 3073 3060
4 3575 3373 3358 1474
4 3412 3127 3144 3108
4 3081 2986 3034 2981
4 3539 3032 2992 2991
4 3080 3067 3060 3050
4 3080 3060 3075 3050
4 3080 3057 3067 3050
4 3085 3077 3078 3075
4 3085 3078 3077 3031
4 3358 3044 3045 3039
4 3373 3358 3051 3048
4 3426 2420 2367 2344
4 3433 3358 1475 1474
4 3393 3376 3372 1475
4 3358 3081 3054 3034
4 3294 3241 3218 2840
4 3783 3576 3480 3479
4 3085 3081 3034 2981
4 3433 3322 3070 3065
4 2414 2234 2308 2235
4 3085 3057 3080 3050
4 3083 3080 3082 3075
4 3083 3076 3077 3075
4 3083 3082 3076 3075
4 3557 3520 3143 3117
4 3363 3361 3352 3329
4 3165 3148 3149 3144
4 3085 3074 3081 2981
4 3085 3075 3078 3050
4 3085 3080 3075 3050
4 3085 3035 2982 2981
4 3085 2982 3078 2981
4 3085 3035 3057 2982
4 3086 2672 2671 2666
4 3086 2671 2994 2666
4 3087 2722 2665 2660
4 3088 918 3087 864
4 3445 1450 1451 1436
4 3092 2735 2668 2666
4 3092 2667 3088 2666
4 3575 3165 3175 1447
4 3095 2698 2702 2697
4 3090 2752 2995 2694
4 3777 3455 3456 2742
4 3090 2697 2739 2689
4 3090 2696 2697 2695
4 3090 2690 2697 2689
4 3090 2745 2690 2689
4 3102 3095 3096 2702
4 3095 3090 3091 2697
4 3095 2739 2702 2701
4 3525 3094 3093 1454
4 3093 1702 3092 1454
4 3525 1613 1612 1454
4 3094 1702 3093 1454
4 3098 2675 2674 2673
4 3575 2725 2728 1702
4 3447 3445 1556 1555
4 3098 2674 3094 2673
4 3095 3091 2698 2697
4 3095 2702 2739 2697
4 3095 2739 3090 2697
4 3575 3175 3096 3095
4 3102 2702 2705 2699
4 4364 183 181 180
4 3103 3101 3095 2699
4 3575 3455 2740 2659
4 3102 3096 3097 2703
4 3099 2675 3098 2668
4 3098 3093 3092 2668
4 3098 3094 3093 2673
4 3098 2675 2673 2668
4 3098 2673 3093 2668
4 3099 3098 3092 2668
4 3105 3100 3099 2676
4 3105 2678 2676 2668
4 3105 2730 2724 2678
4 3105 2735 2730 2678
4 3105 1269 3100 1222
4 3105 1702 3100 1269
4 3106 1702 3105 1269
4 3105 2678 2677 2676
4 3101 2747 2731 2701
4 3101 2731 2739 2701
4 3101 2739 3095 2701
4 3102 3095 2702 2699
4 3102 2704 2705 2703
4 3102 3097 2704 2703
4 3102 2703 2705 2702
4 3102 3096 2703 2702
4 3103 3095 3102 2699
4 3575 3105 2730 2724
4 3104 2700 3101 2699
4 3104 3101 3103 2699
4 3445 1595 1589 1584
4 3105 3099 3092 2668
4 3105 2735 2678 2668
4 3105 3092 2735 2668
4 3575 2733 2734 1702
4 3106 2724 2679 2678
4 3106 3105 2724 2678
4 3107 2739 2685 2684
4 3454 3452 2734 2733
4 3638 3575 1471 1470
4 3152 3133 3134 3108
4 3109 3102 3097 2762
4 3452 3160 1702 1276
4 3625 3567 3129 3125
4 3413 3412 3109 3108
4 3109 2762 2747 2746
4 4364 181 4360 180
4 3109 3103 3102 2762
4 3109 3101 2762 2746
4 3109 3104 3103 2762
4 3452 3160 1276 1275
4 3109 3101 3104 2762
4 3454 3452 3107 2735
4 3147 3145 3146 3109
4 3452 2756 3165 2748
4 3575 2728 2725 2724
4 3638 3445 3575 1466
4 3177 1475 3176 1474
4 3116 2762 2947 2760
4 3281 2553 3280 1473
4 3401 3358 3373 1475
4 3116 3109 2762 2760
4 3127 3108 3109 2760
4 3413 3412 3142 3109
4 3575 3101 2747 2731
4 3142 3091 3090 2946
4 3122 3112 3113 2947
4 3413 3121 3122 3116
4 3142 3090 3115 2946
4 3165 3156 3157 3155
4 3412 3124 3123 3122
4 3413 3125 3127 3122
4 3413 3128 3412 3125
4 3557 3520 3413 3143
4 3121 3112 2948 2757
4 3122 3116 3121 2947
4 3121 2948 3112 2947
4 3143 3117 3121 2757
4 3122 3121 3112 2947
4 3122 2947 3113 2760
4 3122 3116 2947 2760
4 3122 3113 2765 2760
4 3125 3122 2765 2760
4 3122 2765 3113 2759
4 3123 3118 3119 2758
4 3123 3119 3122 2759
4 3123 3113 3114 2759
4 3123 3122 3113 2759
4 3123 2759 3114 2758
4 3123 3119 2759 2758
4 3792 3777 3089 2995
4 3142 3095 3091 2946
4 3125 2765 3122 2759
4 3125 3122 3119 2759
4 3625 3130 3127 3126
4 3126 2765 2766 2760
4 3126 3125 2765 2760
4 3127 3109 3116 2760
4 3127 3116 3122 2760
4 3127 3122 3125 2760
4 3128 2763 2764 2759
4 3128 3120 2763 2759
4 3128 3119 3120 2759
4 3128 2764 3125 2759
4 3128 3125 3119 2759
4 3454 2736 3452 2731
4 3625 3144 3567 3126
4 3411 3165 3151 3145
4 3413 3412 3126 3125
4 3165 3109 3102 3097
4 3149 3145 3144 3109
4 3411 3151 3165 3150
4 3454 3452 2730 1222
4 3165 3154 3157 3152
4 3165 3144 3160 3109
4 3165 1469 1485 1447
4 3142 3109 3097 3096
4 3575 3165 2756 2748
4 4364 768 4360 767
4 3412 3144 3127 3126
4 3160 3144 3145 3109
4 3411 3165 3157 3152
4 3143 3121 2948 2757
4 3143 2948 3121 2947
4 3143 3121 3116 2947
4 3411 3155 3165 3147
4 3160 3111 3153 3109
4 3154 3152 3110 3109
4 3529 2999 3002 2998
4 3374 3175 3176 1475
4 3155 3109 3147 3108
4 3294 3293 3241 2843
4 3358 3066 3067 3057
4 3152 3134 3110 3109
4 3192 1485 1475 1474
4 3452 1269 2730 1222
4 3411 3159 3165 3154
4 3146 3109 3145 3108
4 3160 3159 3111 3109
4 3177 3176 3165 1474
4 3638 1483 1592 1468
4 3157 3155 3156 3109
4 3146 3141 3137 3108
4 3146 3140 3141 3108
4 3146 3145 3140 3108
4 3411 3157 3165 3156
4 3575 3103 3101 3095
4 3614 1100 1152 1099
4 3165 3146 3147 3145
4 3147 3146 3137 3108
4 3558 1910 1879 521
4 3148 3109 3144 3108
4 3148 3130 3131 3127
4 3148 3144 3130 3127
4 3148 3127 3131 3108
4 3148 3144 3127 3108
4 3149 3144 3148 3109
4 3149 3139 3135 3108
4 3175 3169 3142 3058
4 3149 3109 3148 3108
4 3149 3131 3139 3108
4 3149 3148 3131 3108
4 3411 3147 3165 3146
4 3150 3149 3135 3108
4 3525 3432 3445 3088
4 3150 3109 3149 3108
4 3150 3145 3149 3109
4 1324 1320 1500 1303
4 3151 3136 3145 3108
4 3151 3135 3136 3108
4 3151 3150 3135 3108
4 3151 3145 3109 3108
4 3151 3109 3150 3108
4 3151 3145 3150 3109
4 3575 3097 3102 3096
4 3159 3147 3154 3109
4 3575 3452 2737 2736
4 3452 3107 2735 1702
4 3452 1276 1702 1269
4 3452 3165 3160 3109
4 3454 3452 2756 2755
4 3165 1485 1474 1447
4 3155 3138 3132 3108
4 3157 3133 3152 3108
4 3157 3152 3154 3109
4 3155 3137 3138 3108
4 3155 3147 3137 3108
4 3792 3142 3575 3089
4 3413 3127 3412 3108
4 3156 3109 3155 3108
4 3156 3155 3132 3108
4 3575 3142 3090 3089
4 3157 3152 3109 3108
4 3157 3109 3156 3108
4 3157 3132 3133 3108
4 3157 3156 3132 3108
4 3157 3154 3147 3109
4 3157 3147 3155 3109
4 3567 3126 3412 3125
4 3177 3172 3167 3166
4 2446 2393 3423 2392
4 3557 3414 3520 3117
4 3412 3170 3176 3161
4 4364 183 182 181
4 3192 3174 3189 1475
4 3740 3543 3638 2644
4 3160 3145 3147 3109
4 3160 3147 3159 3109
4 3364 3363 3360 1475
4 3614 1578 1152 1100
4 3165 3149 3145 3144
4 3165 3159 3160 3147
4 3192 3176 3177 1475
4 4127 4049 4059 3934
4 3358 3051 3048 3034
4 3575 3142 3175 3090
4 4128 1128 3766 1127
4 3384 3361 3363 3329
4 3294 2844 3293 2843
4 4128 3733 1151 1150
4 3575 3095 3101 2739
4 3681 3238 3216 3215
4 3306 2972 3299 2966
4 3638 1487 1483 1459
4 3623 2414 3603 2293
4 3358 3039 3045 3035
4 3575 2655 2631 2630
4 3358 3083 3085 3080
4 3165 3154 3159 3147
4 3445 1590 1593 1478
4 3192 3165 1485 1474
4 3192 3164 3165 1474
4 3192 3163 3164 1474
4 3413 3412 3122 3121
4 3358 3353 3347 3083
4 3252 2521 2522 530
4 3165 3109 3104 3103
4 3165 3101 3109 2746
4 3412 3123 3124 3118
4 3614 2607 2560 1467
4 3358 3067 3080 3057
4 3413 3116 3127 3109
4 3575 3101 3165 2746
4 3412 3124 3122 3121
4 3412 3175 3169 3142
4 3413 3122 3123 3119
4 3174 3173 3172 1474
4 3412 3165 3142 3109
4 3192 1475 3189 1474
4 3176 3175 3165 1474
4 3413 3143 3121 3116
4 3192 3186 3187 1474
4 3177 3170 3171 3161
4 3177 3176 3170 3161
4 3413 3125 3122 3119
4 3358 3052 3051 3034
4 3657 3310 3540 3011
4 3175 3142 3096 3095
4 3575 3165 2747 2746
4 3175 3142 3165 3096
4 3369 3362 3363 1472
4 3614 2609 2607 1467
4 3372 3361 3362 1472
4 3760 3583 3605 3438
4 3173 1475 3172 1474
4 3664 3293 2843 2842
4 3174 1475 3173 1474
4 3174 3172 3173 3167
4 3188 3187 3180 3179
4 3192 3173 3174 1475
4 3358 3085 3081 3034
4 3433 3417 3322 3321
4 3376 3375 3372 1475
4 3433 3363 3311 3310
4 3529 3058 3052 3051
4 3413 3412 3123 3122
4 3412 3161 3165 3144
4 3412 3176 3175 3165
4 3188 3187 3186 1474
4 3177 3165 3176 3161
4 3186 3165 3164 1474
4 3192 3190 3191 1474
4 3178 3172 3177 3166
4 3178 3172 1475 1474
4 3178 1475 3177 1474
4 3178 3177 3172 1474
4 3186 3177 3165 1474
4 3186 3172 3177 1474
4 3186 3172 3174 3167
4 3186 3174 3179 3167
4 3188 3186 3187 3179
4 3192 3191 3186 1474
4 3188 3180 3181 3179
4 3186 3174 3172 1474
4 3182 3174 3168 3167
4 3182 3179 3174 3167
4 3184 3182 3179 3174
4 3184 3183 3182 3174
4 3186 3162 3164 3161
4 3186 3179 3162 3161
4 3186 3177 3172 3167
4 3186 3164 3165 3161
4 3186 3165 3177 3161
4 3186 3171 3177 3167
4 3186 3179 3171 3167
4 3186 3177 3171 3161
4 3186 3171 3179 3161
4 3192 3188 3163 1474
4 3188 3163 3164 3158
4 3188 3164 3162 3158
4 3188 3162 3181 3158
4 3188 3164 3163 1474
4 3188 3186 3164 1474
4 3188 3164 3186 3162
4 3188 3179 3181 3162
4 3188 3186 3179 3162
4 3192 3189 3190 1474
4 3191 3190 3186 1474
4 3189 1475 3174 1474
4 3190 3174 3186 1474
4 3190 3189 3174 1474
4 3190 3183 3184 3174
4 3190 3189 3183 3174
4 3190 3184 3179 3174
4 3190 3179 3186 3174
4 3191 3186 3190 3179
4 3191 3184 3185 3179
4 3191 3190 3184 3179
4 3679 2522 3532 2513
4 3756 2522 2520 2468
4 3206 3205 3204 3203
4 3199 3193 3008 3007
4 3206 3201 3197 3196
4 3199 3193 3063 3062
4 3261 3225 3252 3201
4 3263 3252 3261 3205
4 3261 3252 3225 3205
4 3532 2513 2522 2508
4 3267 3224 3232 3206
4 3261 3259 3260 3206
4 3263 3261 3206 3205
4 3261 3260 3259 3252
4 3258 3256 3253 1473
4 3406 3291 3297 3286
4 3244 3217 3242 2851
4 3216 3212 2848 2846
4 3212 3210 3211 2846
4 3241 2884 2881 2841
4 3241 2885 3218 2884
4 3681 3233 3406 3217
4 3554 3234 3239 3217
4 3210 3206 3207 2824
4 3216 2848 2850 2846
4 3210 2829 2846 2825
4 3684 2482 2460 2455
4 3210 3208 2829 2825
4 3212 3211 2847 2846
4 3216 2846 2850 2824
4 3241 2799 2861 2775
4 3270 3235 3236 3206
4 3554 3406 3212 3211
4 3241 2892 2885 2884
4 3216 3210 2846 2824
4 3216 3206 3210 2824
4 3239 2852 2853 2851
4 3212 2847 2848 2846
4 3218 2964 2909 2908
4 3241 2884 3218 2883
4 3241 2907 2911 2905
4 3218 2964 2957 2956
4 3241 2831 2858 2830
4 3533 3011 3013 2984
4 3636 3601 3409 3302
4 3303 2970 2971 2969
4 3283 2553 3282 1473
4 3433 1475 3363 1472
4 3303 2971 3299 2965
4 3554 3406 3207 3206
4 3244 2820 2858 2773
4 3239 3234 2852 2851
4 3241 2837 2839 2833
4 3241 3218 2911 2910
4 3241 2960 2958 2896
4 3241 2958 3218 2896
4 3241 3218 2907 2905
4 3241 2832 2859 2831
4 3554 3241 3006 2775
4 3241 2841 2839 2775
4 3241 2862 2863 2861
4 3241 2841 3218 2840
4 3241 2867 2868 2866
4 3241 2911 3218 2905
4 3631 3407 3554 3242
4 3318 3317 3312 3014
4 3690 3252 3248 3201
4 3607 3211 3406 3210
4 3406 3252 3007 3006
4 3261 3202 3206 3200
4 3225 3206 3205 3204
4 3225 3209 3206 3204
4 3227 3219 3220 3206
4 3227 3226 3219 3206
4 3226 3209 3219 3206
4 3226 3225 3209 3206
4 3227 3225 3226 3206
4 3270 3268 3235 3206
4 3248 3201 3206 3196
4 3406 3233 3234 3217
4 3433 3408 3310 3014
4 3433 3383 3408 3294
4 3272 2548 2549 530
4 3987 3740 3638 2644
4 3241 2800 2801 2799
4 3358 3082 3083 3080
4 3691 3664 2835 2834
4 3271 3270 3207 3206
4 3362 3356 3357 3352
4 3445 1481 1590 1478
4 3358 3055 3056 3045
4 3558 1914 3494 1908
4 3554 3244 3241 2779
4 4028 1914 3977 1913
4 3252 3199 3007 3006
4 3252 3199 3008 3007
4 3271 3270 3236 3207
4 3279 3278 3274 1473
4 3271 3270 3252 3222
4 3681 3216 3406 3215
4 3244 3242 2856 2851
4 3242 3239 2853 2851
4 3554 3210 3216 3206
4 3241 2907 2892 2775
4 3406 3286 3293 3241
4 3554 3240 3242 3239
4 3584 3244 3554 3243
4 3678 3607 3271 3208
4 3554 3008 3062 3007
4 3241 2858 2827 2777
4 3241 2827 2828 2777
4 3241 2872 2907 2870
4 3244 2857 2858 2856
4 3241 2837 2836 2775
4 3833 2844 3294 2839
4 3554 3406 3206 3063
4 3241 2838 3006 2837
4 3241 2837 3006 2836
4 3241 2854 2801 2800
4 3241 2881 3218 2880
4 3241 2960 2959 2958
4 3241 2959 3218 2958
4 3241 2960 3218 2959
4 3241 2923 2919 2907
4 3241 3218 2923 2907
4 3241 2923 3218 2919
4 3241 2920 2956 2919
4 3241 3218 2920 2919
4 3241 3218 2956 2920
4 3241 2957 2962 2921
4 3241 3218 2962 2957
4 3241 2866 2865 2854
4 3241 2867 2866 2854
4 3241 2844 2843 2839
4 3241 2954 2953 2841
4 3241 2954 3218 2953
4 3241 2962 2963 2921
4 3241 2963 3218 2921
4 3241 3218 2963 2962
4 3241 2953 2845 2841
4 3241 2845 3218 2841
4 3241 2953 3218 2845
4 3244 3217 2851 2822
4 3554 3062 3244 3007
4 3244 3006 2779 2775
4 3244 2858 2828 2779
4 3244 3241 2828 2777
4 3244 2828 2858 2777
4 3244 3243 2857 2856
4 3244 3242 3243 2856
4 3244 3007 3062 2820
4 3244 3062 3217 2822
4 3554 3406 3234 3217
4 3554 3217 3244 3062
4 3244 2822 2858 2820
4 3244 3062 2822 2820
4 3636 3409 3303 3302
4 3246 3194 3206 3193
4 3246 3206 3199 3193
4 3679 2515 2522 2514
4 3247 3195 3206 3194
4 3247 3206 3246 3194
4 3248 3196 3206 3195
4 3248 3206 3247 3195
4 3248 3225 3206 3201
4 3248 3225 3227 3206
4 3256 3254 1473 530
4 3258 2523 2524 530
4 3495 1880 3494 1879
4 3554 3007 3244 3006
4 3977 1911 3558 1907
4 3254 2521 3253 530
4 3253 2521 3252 530
4 3253 3252 1473 530
4 3272 3269 1473 530
4 3575 3452 3107 2739
4 3256 3254 3250 3249
4 3254 2525 2526 530
4 3406 3293 3252 3006
4 3254 2526 2521 530
4 3258 3256 1473 530
4 3256 2525 3254 530
4 3254 3253 1473 530
4 3256 3250 3251 3249
4 3258 3251 3255 3249
4 3256 3253 3254 3249
4 3258 3256 3251 3249
4 3258 3253 3256 3249
4 3269 2523 3258 530
4 3272 2549 2523 530
4 3274 3253 3272 3249
4 3259 3198 3206 3197
4 3259 3206 3201 3197
4 3260 3200 3206 3198
4 3260 3206 3259 3198
4 3532 2522 2512 2506
4 3261 3206 3260 3200
4 3261 3206 3225 3201
4 3261 3259 3206 3201
4 3269 3258 1473 530
4 3272 3253 3258 3249
4 3272 3258 3269 3255
4 3410 3226 3252 3225
4 3410 3264 3252 3227
4 3410 3264 3265 3252
4 3263 3203 3206 3202
4 3263 3206 3261 3202
4 3268 3232 3235 3206
4 3270 3268 3267 3252
4 3264 3220 3221 3206
4 3264 3227 3220 3206
4 3266 3223 3224 3206
4 3266 3265 3223 3206
4 3265 3221 3223 3206
4 3265 3264 3221 3206
4 3266 3265 3264 3252
4 3266 3264 3265 3206
4 3267 3266 3224 3206
4 3270 3236 3207 3206
4 3268 3267 3232 3206
4 3267 3266 3264 3252
4 3267 3264 3266 3206
4 3267 3246 3252 3227
4 3267 3252 3264 3227
4 3267 3246 3227 3206
4 3267 3227 3264 3206
4 3554 3406 3210 3208
4 3406 3271 3208 3207
4 3554 3406 3062 3008
4 3554 3406 3008 3007
4 3271 3199 3063 3062
4 3271 3199 3206 3063
4 3271 3063 3252 3062
4 3271 3252 3199 3062
4 3271 3252 3246 3199
4 3271 3246 3206 3199
4 3271 3252 3267 3246
4 3271 3270 3267 3252
4 3271 3246 3267 3206
4 3271 3267 3270 3206
4 3272 3258 3255 3249
4 3272 3255 3262 3249
4 3272 3257 3262 3255
4 3272 3269 3257 3255
4 3274 3249 3273 3231
4 3281 3280 3229 3228
4 3274 3253 3249 3231
4 3274 3229 3273 3228
4 3274 3272 3262 3249
4 3274 3262 3273 3249
4 3278 2553 2547 530
4 3554 3242 3244 3217
4 3406 3293 3297 3252
4 3734 2414 3623 2295
4 3283 3253 3274 3231
4 3279 3274 3278 3228
4 3278 3274 3273 3228
4 3278 3273 3275 3228
4 3567 3120 3412 3119
4 3281 3280 3279 1473
4 3281 3279 3274 1473
4 3280 3276 3229 3228
4 3281 3279 3280 3228
4 3281 3229 3274 3228
4 3281 3274 3279 3228
4 3373 3358 3048 3047
4 3283 3230 3231 3229
4 3283 3282 3230 3229
4 3283 3282 3281 1473
4 3283 3281 3282 3229
4 3283 3274 3253 1473
4 3283 3281 3274 1473
4 3283 3231 3274 3229
4 3283 3274 3281 3229
4 3533 3013 3014 2983
4 3406 3239 3234 3233
4 3295 3292 3288 3231
4 3310 3309 3013 3012
4 3297 3289 3291 3249
4 3554 3241 3406 3007
4 3296 2553 3295 1473
4 3297 3295 3253 1473
4 3292 3287 3285 3277
4 3292 3285 3288 3277
4 3292 3284 3283 1473
4 3433 3294 3408 3218
4 3297 3296 3295 1473
4 3295 3292 3283 1473
4 3292 3287 3284 1473
4 3297 3295 3289 3249
4 3297 3271 3252 3222
4 3295 3288 3289 3231
4 3297 3291 3271 3222
4 3295 3253 3283 3231
4 3295 3283 3292 3231
4 3292 3284 3287 3277
4 3292 3283 3284 3231
4 3292 3284 3277 3231
4 3292 3277 3288 3231
4 3554 3239 3242 3217
4 3554 3406 3211 3210
4 3433 2984 3033 2980
4 3875 3528 3573 3468
4 3361 3356 3329 3327
4 3406 3007 3241 3006
4 3406 3241 3293 3006
4 3607 3238 3211 3210
4 3607 3212 3406 3211
4 3554 3006 3244 2775
4 3406 3252 3008 3007
4 3554 3406 3208 3207
4 3554 3212 3216 3210
4 3554 3406 3216 3215
4 3406 3252 3062 3008
4 3406 3271 3207 3206
4 3406 3252 3271 3063
4 3406 3271 3206 3063
4 3406 3252 3063 3062
4 3688 1593 3670 1206
4 3358 3043 3044 3042
4 3603 2414 2299 2293
4 3558 1905 1906 521
4 3404 1475 3400 1472
4 3575 3445 1485 1469
4 3404 3358 3401 1475
4 3638 2645 3543 2640
4 3533 3010 3306 3009
4 3415 3028 3003 3002
4 3358 3040 3044 3039
4 3415 3028 3002 2999
4 3433 3310 3322 3033
4 3445 1592 1483 1468
4 3792 3777 2995 2752
4 3895 3834 3849 3821
4 3297 3253 3252 1473
4 3295 3249 3253 3231
4 3295 3289 3249 3231
4 3297 3296 3290 3289
4 3297 3290 3291 3289
4 3406 3297 3293 3286
4 3297 3295 3296 3289
4 3406 3297 3271 3252
4 3297 3253 3295 3249
4 3297 3252 3253 3222
4 3297 3253 3249 3222
4 3297 3249 3291 3222
4 3383 3328 3408 3245
4 3383 3245 3408 3294
4 3306 2976 2972 2966
4 3306 3300 3305 2966
4 3657 3309 3310 3012
4 3372 3369 1475 1472
4 2446 3423 2444 2392
4 3306 3010 3011 2976
4 3305 3300 3301 2966
4 3358 3353 3080 3079
4 3303 3302 2970 2969
4 3303 3214 3302 2969
4 3303 3213 3214 2965
4 3433 3383 3294 1472
4 3533 3408 3300 3299
4 3303 2969 2971 2965
4 3303 3214 2969 2965
4 3408 3304 3301 3300
4 3533 3408 3013 3012
4 3306 3009 3010 2976
4 3306 3299 3300 2966
4 3306 2976 3011 2930
4 3306 3011 2984 2930
4 3306 2984 3213 2930
4 3408 3294 3245 3218
4 3306 2965 2976 2930
4 3306 3213 2965 2930
4 3657 3540 3308 3010
4 3657 3011 3540 3010
4 3657 3012 3310 3011
4 3310 3014 3033 2983
4 3311 3310 3307 3013
4 3310 3033 2984 2983
4 3378 3339 3340 3338
4 3358 3053 3052 3034
4 3403 3402 1475 1472
4 3638 3614 2645 2640
4 3415 3373 3051 3048
4 3575 3445 1471 1470
4 3496 1864 307 256
4 3318 3316 3317 3013
4 3311 3014 3310 3013
4 3318 3317 3014 3013
4 3398 3397 1475 1472
4 3575 2750 2752 2745
4 3319 3318 3312 3014
4 3314 3015 3064 3014
4 3314 3064 3313 3014
4 3603 2297 2414 2296
4 3403 3381 3402 1472
4 3320 3313 3064 3014
4 3320 3312 3313 3014
4 3321 3311 3307 3013
4 3321 3307 3315 3013
4 3322 3321 3315 3013
4 3382 3298 3294 1473
4 3322 3318 3014 3013
4 3322 3014 3321 3013
4 3322 3310 3311 3014
4 3433 3383 3363 3310
4 3626 3037 3433 3036
4 3358 3353 3082 3080
4 3320 3068 3318 3014
4 3320 3318 3319 3014
4 3322 3311 3321 3014
4 3321 3014 3311 3013
4 3322 3316 3318 3013
4 3415 3373 3052 3051
4 3433 3322 3417 3318
4 3405 1475 3374 1472
4 3322 3065 3033 3014
4 3322 3070 3065 3014
4 3322 3068 3070 3014
4 3322 3318 3068 3014
4 3358 3054 3081 2986
4 3396 3385 3394 1472
4 3529 3058 3051 3048
4 3367 3363 3364 1475
4 3363 3359 3360 1475
4 3404 3403 3398 1475
4 3376 3355 3375 1472
4 3358 3341 3353 3324
4 3402 3381 3388 1472
4 3378 3376 3377 3338
4 3433 3417 3319 3318
4 3433 3065 3037 3033
4 3362 3361 3356 3352
4 3740 2953 3685 2845
4 3373 3358 3047 3046
4 3540 3304 3308 3301
4 3384 3382 3383 1472
4 3558 521 408 407
4 3638 1468 3445 1466
4 3540 3408 3304 3301
4 3398 3396 3397 3343
4 3540 3010 3408 3009
4 3399 3388 3389 1472
4 3539 3032 2991 2990
4 3433 3319 3320 3318
4 3393 3358 3364 3324
4 3395 3392 3377 1472
4 3375 3355 3361 1472
4 3358 3042 3044 3040
4 3396 3391 3385 1472
4 3433 3320 3417 3064
4 3358 3072 3079 3067
4 3373 3358 3052 3051
4 3416 3057 3358 3056
4 3358 3353 3083 3082
4 3415 2987 3058 2986
4 3395 3387 3386 1472
4 3358 3350 3353 3341
4 3396 3394 3393 1475
4 3433 3322 3318 3068
4 3386 3335 3336 3327
4 3363 3361 3362 3352
4 3397 3391 3396 1472
4 3382 3380 3381 1472
4 3433 3417 3320 3319
4 2414 2308 2236 2235
4 3394 3386 3393 1472
4 3372 3362 3369 1472
4 3393 3340 3341 3338
4 3375 3361 3372 1472
4 3394 3385 3386 1472
4 3376 3372 3375 3338
4 3393 3386 3387 1472
4 3540 3305 3408 3301
4 3369 3363 3367 1475
4 3529 3418 3005 3004
4 3372 3367 3369 3365
4 3372 3369 3367 1475
4 3392 3355 3376 1472
4 3408 3328 3383 3310
4 3360 3358 3359 3323
4 3533 3408 3014 3013
4 3364 3358 3360 3323
4 3363 3362 3361 1472
4 3372 3369 3368 3365
4 3359 3353 3354 3323
4 3359 3358 3353 3323
4 3433 3322 3065 3033
4 3363 3329 3352 3328
4 3533 3408 3011 3010
4 3421 2512 2522 2511
4 3405 3404 3400 1472
4 3361 3336 3356 3327
4 3361 3355 3333 3332
4 3361 3333 3356 3332
4 3445 1481 1478 1477
4 3576 3526 3481 3480
4 3386 3361 3336 3331
4 3361 3356 3336 3331
4 3395 3386 3387 3331
4 3361 3332 3356 3331
4 3408 3310 3014 3013
4 3433 3311 3322 3310
4 3608 3433 3033 2980
4 3533 3301 3305 3300
4 3636 3409 3304 3303
4 3408 3310 3012 3011
4 3408 3310 3013 3012
4 3533 3408 3012 3011
4 3540 3408 3306 3009
4 3533 3408 3305 3301
4 3540 3308 3010 3009
4 3533 3408 3010 3009
4 3533 3306 3408 3009
4 3393 3341 3358 3324
4 3398 3396 3393 1475
4 3372 3367 3364 1475
4 3563 3001 3529 3000
4 3372 3365 3370 3324
4 3375 3370 3371 3338
4 3404 3403 1475 1472
4 3372 3370 3341 3324
4 3376 3375 1475 1472
4 3372 3368 3370 3365
4 3393 3364 3358 1475
4 3384 3329 3363 3328
4 3372 3367 3365 3324
4 3375 3372 3370 3338
4 3384 3380 3382 1472
4 3372 3341 3370 3338
4 3372 3364 3367 3324
4 3392 3376 3377 1472
4 3404 3398 3345 3341
4 3539 2996 3415 2992
4 3575 3455 2743 2742
4 3621 2248 2300 2078
4 3529 3415 3003 3002
4 3828 3729 3736 3706
4 3415 3373 3358 3052
4 3415 3052 3058 3051
4 3529 3058 2988 2987
4 3539 2992 3415 2991
4 3433 3218 3408 2980
4 3415 3053 3058 3052
4 3415 3358 3053 3052
4 3415 3373 3401 3358
4 3585 3552 834 296
4 3539 2990 3415 2988
4 3529 3058 2990 2988
4 3415 3054 3058 3053
4 3415 3358 3054 3053
4 3415 2990 3058 2988
4 3415 2988 3058 2987
4 3415 3358 3081 2986
4 3415 3054 3358 2986
4 3415 3081 2988 2987
4 3415 3081 2987 2986
4 3386 3385 3335 3327
4 3398 3396 3343 3341
4 3395 3361 3392 1472
4 3388 3380 3384 1472
4 3390 3388 3389 3325
4 3396 3393 3394 3341
4 3393 3378 1475 1472
4 3393 3387 3378 1472
4 3393 3372 3376 3338
4 3378 3377 3339 3338
4 3405 3373 3374 1475
4 3533 3012 3013 3011
4 3405 3400 3401 1472
4 3533 3300 3306 3299
4 3383 3328 3363 3310
4 3380 3379 3330 3325
4 3395 3377 3378 1472
4 3385 3334 3335 3327
4 3398 3389 3390 1472
4 3388 3381 3380 1472
4 3433 3359 3363 1475
4 3403 3399 3398 1475
4 3381 3380 3330 3325
4 3386 3336 3361 3327
4 3398 3397 3344 3343
4 3388 3380 3381 3325
4 3401 3400 1475 1472
4 3391 3390 3385 1472
4 3529 3004 3005 3002
4 3405 3403 3404 1472
4 3384 3363 3383 3328
4 3399 3389 3398 1472
4 3384 3361 3329 3327
4 3384 3329 3380 3325
4 3384 3327 3329 3325
4 3393 3372 3341 3324
4 3394 3393 1475 1472
4 3384 3363 3361 1472
4 3384 3383 3363 1472
4 3390 3389 3388 1472
4 3404 3345 3350 3341
4 3404 3349 3350 3345
4 3390 3361 3384 3327
4 3393 3378 3376 1475
4 3390 3386 3385 1472
4 3390 3385 3386 3327
4 3397 3396 1475 1472
4 3398 3344 3345 3343
4 3393 3364 3372 3324
4 3392 3361 3355 1472
4 3387 3336 3337 3331
4 3387 3386 3336 3331
4 3388 3384 3380 3325
4 3404 3398 3393 1475
4 3393 3376 3378 3338
4 3404 3403 3349 3345
4 3398 3390 3397 1472
4 3393 3341 3372 3338
4 3403 3402 3348 3346
4 3404 3398 3403 3345
4 3405 3401 3373 1475
4 3393 3372 3364 1475
4 3390 3384 3361 1472
4 3390 3388 3384 1472
4 3390 3361 3386 1472
4 3403 3402 3399 1475
4 3403 3382 3381 1472
4 3398 3397 3396 1475
4 3390 3386 3361 3327
4 3390 3327 3384 3325
4 3390 3384 3388 3325
4 3390 3326 3327 3325
4 3390 3389 3326 3325
4 3398 3393 3396 3341
4 3404 3401 3400 1475
4 3391 3334 3385 3327
4 3391 3385 3390 3327
4 3398 3343 3345 3341
4 3395 3386 3361 1472
4 3392 3332 3361 3331
4 3392 3355 3361 3332
4 3395 3361 3386 3331
4 3395 3392 3361 3331
4 3396 3342 3343 3341
4 3396 3394 3342 3341
4 3404 3393 3398 3341
4 3415 3358 3401 3081
4 3405 3382 3403 1472
4 3400 3350 3351 3347
4 3401 3085 3347 3081
4 3401 3358 3085 3081
4 3404 3350 3358 3341
4 3404 3393 3358 1475
4 3401 3085 3358 3084
4 3401 3347 3085 3084
4 3401 3358 3347 3083
4 3401 3084 3358 3083
4 3401 3347 3084 3083
4 3403 3348 3349 3346
4 3403 3398 3399 3345
4 3403 3399 3402 3346
4 3403 3346 3349 3345
4 3403 3399 3346 3345
4 3404 3358 3393 3341
4 3404 3350 3400 3347
4 3404 3400 3401 3347
4 3404 3358 3350 3347
4 3404 3401 3358 3347
4 3554 3206 3217 3062
4 3411 3148 3165 3144
4 3411 3165 3161 3144
4 3413 3119 3123 3118
4 3413 3123 3412 3118
4 3413 3412 3119 3118
4 3413 3120 3128 3119
4 3413 3412 3120 3119
4 3413 3412 3128 3120
4 3520 3414 3121 3117
4 3520 3414 3124 3121
4 3520 3124 3412 3121
4 3415 3373 3048 3047
4 3415 3047 3058 3046
4 3415 3058 3373 3046
4 3415 3373 3047 3046
4 3433 3037 3038 3033
4 3603 2298 2414 2297
4 3564 3433 3417 3068
4 3977 1913 3558 1912
4 3433 3321 3322 3311
4 3563 3529 3418 3005
4 3529 3418 3004 3003
4 3529 3415 3028 3003
4 3642 2474 3541 2473
4 3642 3419 3541 2474
4 3679 2514 2522 2513
4 3532 2507 2522 2506
4 3523 2354 2283 2273
4 3571 2312 3423 2258
4 3718 3422 3617 2363
4 3467 1409 1500 1329
4 3467 1411 1500 1410
4 1395 1374 1500 1372
4 3426 2395 2235 2234
4 3426 2235 2236 2232
4 3426 2236 2395 2232
4 3426 2395 2236 2235
4 3430 3427 2150 2149
4 3430 2158 2159 2152
4 3430 3427 2159 2158
4 3430 2160 2162 2159
4 3430 3427 2160 2159
4 3430 2151 2152 2150
4 3430 3427 2151 2150
4 3430 3427 2152 2151
4 3430 2155 2158 2152
4 3430 2161 2162 2160
4 3547 2160 3427 2157
4 3430 2153 2155 2152
4 3430 3427 2153 2152
4 3430 3427 2155 2153
4 3430 2156 2158 2155
4 3430 3427 2156 2155
4 3430 3427 2158 2156
4 3547 3431 2160 2157
4 3547 2162 3430 2161
4 3432 1218 1593 1216
4 3466 1634 1231 1230
4 3432 1235 1231 1230
4 3432 1235 1634 1234
4 3432 1634 1257 1234
4 3432 1634 1593 1257
4 3432 1593 1634 1478
4 3432 1231 1634 1230
4 3432 1634 1235 1230
4 3433 3318 3320 3068
4 3433 3068 3320 3064
4 3433 3417 3068 3064
4 3623 2295 2414 2294
4 3564 3069 3433 3068
4 3750 3536 3672 2414
4 1356 1313 1500 1312
4 3467 1412 1500 1411
4 1363 1362 1500 1360
4 1424 1500 1414 1401
4 3613 1593 1537 1536
4 3710 1592 1585 1574
4 3534 1592 1572 1569
4 3613 1593 1542 1541
4 3450 3442 3449 3438
4 3537 3199 3252 3006
4 3602 3508 3560 3507
4 3683 3539 3081 2988
4 4077 3829 3861 3763
4 3960 3902 3910 3856
4 3450 3444 3443 3442
4 3450 3443 3449 3442
4 3450 3443 3444 3439
4 3451 3449 3450 3443
4 3451 3448 3449 3443
4 4128 1525 1518 1125
4 4196 3992 4087 3929
4 3451 3443 3450 3439
4 3451 3444 3440 3439
4 3451 3450 3444 3439
4 3795 3787 3786 3530
4 3898 3680 3738 3574
4 3702 3620 3640 3441
4 3451 3442 3443 3436
4 3451 3448 3443 3442
4 3451 3440 3443 3439
4 3451 3437 3442 3436
4 3451 3448 3437 3436
4 3451 3438 3442 3437
4 3451 3448 3438 3437
4 3451 3448 3442 3438
4 3575 3165 3103 3102
4 3456 2654 3455 2652
4 3456 3455 2653 2652
4 3720 2723 1206 1205
4 3688 3455 3575 2653
4 4100 3740 3638 3608
4 3629 1533 1260 1175
4 3670 1593 1534 1206
4 3720 3688 2716 2632
4 3568 2649 3543 2641
4 3458 2622 3453 2621
4 3686 1980 2141 1979
4 3692 3033 2984 2980
4 3543 3458 3453 2618
4 3568 2647 3543 2646
4 3568 3543 2649 2646
4 3686 2141 1980 1975
4 3740 2845 3685 2841
4 3691 3664 2842 2835
4 3461 2607 3460 1143
4 3495 1886 3494 1885
4 4184 4136 4131 3921
4 3663 3558 414 410
4 4291 3768 3771 3712
4 3716 3663 1883 1881
4 3733 3519 1578 1152
4 3464 1702 1062 1061
4 3464 1702 1060 1036
4 3464 1702 1061 1060
4 3466 1634 1235 917
4 3466 1235 1634 1230
4 3950 3858 3583 3518
4 3416 3055 3358 3045
4 3485 737 726 682
4 3485 726 737 687
4 3601 3214 3533 3213
4 3936 3828 3736 3706
4 3533 2884 2980 2883
4 3542 3438 3450 3437
4 3873 3804 3768 3735
4 4066 790 3506 184
4 3576 3526 3484 3483
4 3883 3837 3849 3831
4 3936 3736 3828 3729
4 4077 3763 630 627
4 3744 618 3580 616
4 4099 3763 4077 628
4 3571 2016 2300 2015
4 3984 3580 793 792
4 3489 3488 3487 3484
4 3779 3725 3748 3697
4 3927 3713 3738 3680
4 3533 2980 3218 2883
4 3489 3484 3481 3480
4 3489 3484 3482 3481
4 3988 3941 3793 3635
4 3534 1592 1574 1573
4 3490 841 838 837
4 3490 838 805 803
4 3585 1761 1756 726
4 3585 1762 1763 726
4 3585 1768 1765 1762
4 3585 1760 1761 726
4 3661 402 403 307
4 3585 3500 1788 1787
4 3490 808 838 803
4 3490 805 804 803
4 3490 809 808 803
4 3491 3490 841 826
4 3491 841 3490 837
4 3492 510 700 504
4 3492 701 700 510
4 3663 3558 3494 1887
4 3844 3650 3676 3644
4 3888 3585 3499 3498
4 3502 3499 1898 1890
4 3661 3585 527 500
4 3502 1891 3499 1804
4 3869 1805 3585 1801
4 3869 3672 3848 1982
4 4084 3558 3977 3494
4 3585 835 3490 834
4 3499 296 1865 255
4 3502 3499 1890 1888
4 3672 3662 1982 1980
4 3948 3661 3497 3496
4 3501 1869 3496 1868
4 3536 2235 2308 2234
4 3501 1868 3496 1863
4 3501 3496 1864 1863
4 3502 3499 1888 1867
4 3672 2206 1984 1980
4 3502 3499 1867 1866
4 3502 3499 1865 255
4 3502 3499 1866 1865
4 3503 1791 3500 1790
4 3503 2141 2147 1793
4 3503 2147 3500 1793
4 3503 1792 3500 1791
4 3503 1793 3500 1792
4 3555 834 275 273
4 3769 622 3744 618
4 3913 3816 3868 3798
4 3511 3484 3510 3483
4 3553 3484 3511 3483
4 3980 3845 3747 3643
4 3760 3624 3605 3583
4 3793 3570 1526 1525
4 3511 3488 3510 3487
4 3768 3761 3736 3735
4 3511 3487 3510 3484
4 3511 3507 3509 3489
4 3749 3668 3653 3645
4 3511 3489 3509 3488
4 3511 3509 3510 3488
4 3793 3570 1524 1523
4 3529 2996 2998 2990
4 3529 2997 2998 2996
4 3529 3415 2997 2996
4 3529 3047 3048 3046
4 3529 3058 3047 3046
4 3529 3058 3048 3047
4 3529 2992 2996 2990
4 3529 3415 2996 2992
4 3529 2991 2992 2990
4 3529 3415 2992 2991
4 3529 3058 3415 2990
4 3529 3415 2991 2990
4 3580 392 3522 391
4 3576 3526 3489 3484
4 3791 3666 3660 3648
4 3576 3511 3526 3477
4 3745 795 3506 794
4 4111 4088 3693 3648
4 3583 3573 3570 3518
4 3547 3431 2161 2160
4 3547 2161 3430 2160
4 3547 3430 3427 2160
4 3946 3624 3628 3570
4 3674 3484 3553 3483
4 3844 3813 3699 3676
4 4128 1500 3467 1380
4 3977 1912 3558 1911
4 3664 3006 2837 2773
4 3740 3294 2841 2840
4 3833 3664 3752 3252
4 3977 3704 3661 3558
4 3833 3294 3740 2840
4 3833 3752 3614 3252
4 3598 2232 2175 2174
4 3598 2179 2221 2177
4 3598 2199 2287 2175
4 3598 2232 2287 2199
4 3598 3426 2178 2177
4 3598 2178 2179 2177
4 3598 3426 2221 2179
4 3598 3426 2232 2221
4 3598 2176 2199 2175
4 3598 2232 2176 2175
4 3598 2232 2199 2176
4 3598 3426 2179 2178
4 3720 3688 2718 2717
4 3688 3575 2655 2653
4 3720 3688 2717 2716
4 3720 3688 2631 2630
4 3813 3699 3747 3627
4 3602 3509 3560 3508
4 3602 3580 3560 3509
4 3602 3553 3510 3509
4 3602 3510 3580 3509
4 3602 3553 3511 3510
4 3602 3511 3580 3510
4 3602 3511 3553 3489
4 3602 3553 3580 3489
4 3602 3580 3511 3489
4 3467 1500 1418 1395
4 3726 3604 3475 2322
4 3605 3583 3518 3438
4 3910 3856 3883 3837
4 3937 3855 3928 3825
4 4077 3952 3944 3763
4 3606 3579 897 889
4 3606 3579 3473 897
4 3607 3238 3215 3212
4 3607 3215 3406 3212
4 3678 3210 3607 3208
4 3607 3210 3406 3208
4 3607 3406 3271 3208
4 3681 3217 3406 3216
4 4100 3638 3740 3543
4 3792 3046 3115 2650
4 3609 2314 3426 2174
4 3609 3426 2221 2174
4 3609 2180 2178 2177
4 3609 2178 3426 2177
4 1430 1500 1429 1401
4 3467 1413 1500 1412
4 3667 2177 3426 2169
4 3737 3116 3413 3109
4 3722 2946 2947 2762
4 3722 3096 2946 2762
4 3610 3413 3142 3109
4 3611 699 698 510
4 3611 698 3492 510
4 3612 2166 3598 2165
4 3612 3429 3598 2166
4 3612 2165 3598 2164
4 3656 1593 1541 1540
4 3656 1593 3613 1541
4 3614 3460 2635 2634
4 3614 2612 2613 1467
4 3614 3460 2612 2611
4 3614 2617 2633 1467
4 3614 3460 2634 2633
4 3614 2613 2614 1467
4 3614 3460 2613 2612
4 3614 2616 2617 1467
4 3614 3460 2633 2617
4 3614 2614 2615 1467
4 3614 3460 2614 2613
4 3614 2615 2616 1467
4 3614 3460 2617 2616
4 3614 3460 2615 2614
4 3614 3460 2616 2615
4 3615 3430 3547 2162
4 3615 2162 3547 2161
4 3615 3547 3431 2161
4 3945 3919 3890 3876
4 4214 3838 4066 3545
4 3616 3600 3545 3531
4 3952 3925 3484 3483
4 4236 4083 4147 4046
4 3783 3576 3484 3483
4 3814 3707 3693 3648
4 3814 3759 3709 3708
4 3745 3673 3709 3545
4 3617 2365 3571 2364
4 3718 3422 2362 2357
4 3793 3703 3721 3640
4 3984 3763 786 785
4 3832 3753 3438 3437
4 4037 3932 3709 3689
4 3875 3788 3618 3528
4 3793 3570 1500 1499
4 1434 1395 1500 1369
4 3625 3127 3144 3126
4 3625 3130 3144 3127
4 4209 3887 4187 3742
4 3916 3744 3844 3644
4 3980 3813 3747 3627
4 3762 3730 3561 3549
4 3894 3821 3851 3671
4 4079 3942 3993 3643
4 3628 3449 3624 3448
4 3720 3688 2632 2631
4 3715 2221 2180 2174
4 2180 2169 3667 2168
4 2180 2177 3667 2169
4 2180 3667 2173 2168
4 2345 2272 3647 2258
4 2354 3647 2345 2272
4 3631 3554 3406 3239
4 3631 3240 3239 3233
4 3631 3239 3406 3233
4 1369 1363 1500 1319
4 3579 3467 3572 1422
4 3467 1500 1434 1432
4 3632 105 3485 99
4 3632 3548 3485 105
4 3633 3589 115 101
4 3633 3589 3527 115
4 3740 3218 2953 2845
4 3744 418 785 383
4 3955 3556 620 619
4 3955 3893 3913 3868
4 4010 3955 619 617
4 4128 1370 3570 1342
4 3647 2354 3523 2273
4 4058 3981 3745 3673
4 3873 3776 3785 3770
4 4128 1516 1520 1125
4 3744 383 785 382
4 3976 3757 3717 3650
4 3975 3964 3957 3923
4 3908 3831 3749 3561
4 4059 3963 4001 3903
4 4018 3725 3999 3637
4 3840 3793 1527 1526
4 4265 3840 1523 1522
4 4274 4266 4239 4220
4 3927 3857 3738 3713
4 3640 3620 3618 3441
4 3636 3302 3533 3214
4 3636 3533 3601 3214
4 3636 3601 3302 3214
4 3636 3408 3533 3299
4 3636 3533 3303 3299
4 3636 3303 3304 3299
4 3636 3304 3408 3299
4 3642 3541 3420 2478
4 3642 2480 2474 2473
4 3642 2480 3419 2474
4 1326 1500 1324 1323
4 1326 1324 1500 1304
4 1329 1500 1325 1322
4 3744 3580 635 615
4 3647 2273 3523 2272
4 3760 3624 3651 3605
4 4036 3910 3850 3846
4 3841 3806 3835 3802
4 3841 3835 3806 3769
4 3844 3717 3676 3650
4 3908 3883 3849 3831
4 3862 3773 3510 3509
4 3806 3739 3754 3717
4 3744 785 3556 381
4 3744 3556 382 381
4 3822 3794 3772 3695
4 3873 3785 3817 3733
4 3955 420 3744 419
4 3769 3699 3717 3676
4 4128 3733 3467 1141
4 3907 3644 3747 3634
4 4066 3745 791 790
4 3814 3707 3709 3689
4 3783 3576 3479 3478
4 3407 3240 3631 3233
4 3649 2997 3415 2996
4 3649 3415 3539 2996
4 3649 3539 3032 2996
4 3678 3237 3238 3210
4 3681 3233 3217 3216
4 3681 3238 3233 3216
4 3914 3891 3868 3816
4 3822 3695 3772 3682
4 3976 3754 3757 3646
4 3921 3883 3895 3849
4 4010 850 3556 610
4 4016 3855 3937 3825
4 4150 4138 4140 4107
4 3727 3699 3634 3627
4 3936 3828 3706 3695
4 4128 1141 1500 1140
4 3817 3785 3780 3733
4 3916 3789 3813 3773
4 3806 3754 3769 3717
4 3835 3802 3806 3799
4 3652 3481 3553 3480
4 3749 3653 3730 3645
4 3836 3471 3544 3441
4 4099 3602 3580 3560
4 4033 3573 3471 3468
4 4174 1378 3846 1376
4 3655 3579 863 862
4 3655 3579 3606 863
4 3907 3892 3580 3489
4 3946 3820 3653 1369
4 3411 3160 3165 3159
4 3659 2150 2149 2144
4 3659 2149 2205 2144
4 3659 2150 2205 2149
4 3358 3047 3046 3034
4 3925 3783 3484 3483
4 3999 3959 3962 3940
4 3829 3787 3795 3530
4 3783 3576 3482 3481
4 3696 3660 3666 3545
4 3753 3721 3702 3640
4 4134 4053 4074 4002
4 3779 3778 3748 3725
4 3890 3876 3791 3666
4 4134 4014 3971 3924
4 3984 3580 3745 793
4 3970 3965 3660 3648
4 3840 3472 3793 1526
4 4002 3918 3971 3890
4 3836 3762 3645 3561
4 4272 4265 1500 1499
4 3769 3699 3676 3650
4 4221 4182 4082 3978
4 3915 3836 3762 3645
4 3892 3744 3580 635
4 3869 3848 1806 1805
4 3872 3839 1906 1905
4 3869 1983 3848 1800
4 3869 3848 1807 1806
4 3763 3580 787 786
4 4159 3988 3574 1500
4 3981 3707 3814 3673
4 3860 3783 3481 3480
4 3738 3725 3713 3697
4 3814 3708 3707 3677
4 3745 785 626 624
4 4067 3971 4041 3930
4 3945 3696 3876 3600
4 3845 3698 3742 3658
4 3773 3728 3643 3577
4 4221 4197 4182 4143
4 3789 3698 3747 3658
4 3837 3834 3831 3782
4 4291 3936 3951 3712
4 3907 3674 3892 3577
4 3749 3645 3730 3561
4 4073 4004 4035 4000
4 3953 3753 3911 3436
4 3793 1361 3451 1360
4 3675 3635 3640 3620
4 4224 4200 4170 4120
4 3677 3673 3669 3545
4 3677 3660 3648 3545
4 3677 3666 3660 3545
4 3677 3669 3666 3545
4 3890 3751 3842 3666
4 3863 3702 3743 3640
4 3678 3237 3208 3207
4 3678 3208 3271 3207
4 3678 3271 3237 3207
4 3805 3690 3252 3247
4 3985 3970 3965 3919
4 4147 4046 3696 3660
4 3680 3574 3587 3535
4 3680 3587 3637 3535
4 3680 3637 3574 3535
4 3880 3702 3852 3675
4 4002 3918 3890 3842
4 3684 2481 2482 2455
4 3642 3420 2480 2473
4 2481 3630 2480 2457
4 2480 2457 3630 2456
4 2481 2458 3630 2457
4 3308 3011 3657 3010
4 3309 3657 3308 3011
4 3684 2482 2503 2285
4 3684 2503 2460 2285
4 2354 2273 3647 2272
4 3687 3525 3591 876
4 3688 3456 3455 2653
4 3720 2723 3688 1206
4 4149 3725 4095 3697
4 3693 3677 3689 3666
4 3814 3545 3745 3531
4 3965 3945 3660 3648
4 4093 3970 3660 3648
4 3961 3944 3854 3829
4 3897 3863 3793 3743
4 3795 3783 3576 3530
4 3898 3738 3748 3574
4 3693 3677 3666 3648
4 3691 3664 2843 2842
4 3691 3664 2844 2843
4 3987 3972 2643 2642
4 3987 3972 2644 2643
4 3833 3691 3664 2844
4 3740 3218 2954 2953
4 3623 2294 2414 2293
4 3829 3530 3576 3526
4 3814 3709 3759 3689
4 3693 3677 3648 3545
4 3693 3689 3677 3545
4 3788 3721 3703 3640
4 3734 2308 2414 2307
4 3425 2296 2414 2289
4 4013 3982 3914 3816
4 4128 3467 3733 1380
4 3768 3736 3761 3733
4 3993 3916 3884 3646
4 4128 1500 1379 1378
4 3769 623 3744 622
4 3835 3806 3769 3742
4 3846 3733 3771 1378
4 3955 3551 3663 850
4 3785 3776 3780 3770
4 4061 4054 3976 3887
4 3937 3811 3928 3784
4 4235 850 4010 610
4 3955 3556 850 424
4 4168 4045 4001 3973
4 4180 4137 3914 3891
4 3757 3717 3650 3646
4 3952 3925 3483 3482
4 4088 3660 4048 3648
4 3783 3576 3483 3482
4 3788 3743 3640 3618
4 4152 4095 4149 4039
4 3927 3857 3713 3697
4 3725 3697 3637 3574
4 3753 3517 3442 3438
4 3857 3840 3779 3574
4 3753 3517 3437 3436
4 4007 3927 3909 3901
4 4009 3985 3945 3919
4 3769 3727 3717 3699
4 3744 3727 3699 3644
4 3845 3698 3747 3643
4 3744 3676 3699 3650
4 4050 3877 3882 3815
4 4082 3955 4016 3855
4 3769 3744 623 621
4 3744 3741 3727 3644
4 3892 3744 635 615
4 3806 3757 3742 3739
4 4257 4254 4242 4231
4 3862 3789 3827 3773
4 4128 1527 3570 1526
4 3730 3546 3549 3544
4 3834 3821 3782 3723
4 4284 4174 3936 3828
4 4195 4157 4146 4078
4 3805 3247 3252 3246
4 3951 3706 3794 3695
4 3917 3865 3894 3850
4 3733 1155 3467 1149
4 4026 4010 4021 3975
4 3933 3865 3894 3821
4 3861 3787 3829 3530
4 3940 3897 3900 3881
4 3898 3748 3778 3574
4 3753 3702 3675 3640
4 3753 3721 3743 3702
4 3955 3663 3551 424
4 3932 3759 3709 3689
4 3763 3580 785 628
4 3984 791 3745 790
4 3863 3852 3793 3743
4 3788 3618 3528 3468
4 3833 3294 2840 2839
4 3977 3704 3824 3621
4 4028 1912 3977 1911
4 3775 3704 3562 3475
4 3705 952 3432 922
4 3705 3566 3432 952
4 3893 3823 3871 3784
4 4113 4104 4110 4089
4 4202 4082 3978 3769
4 3955 3556 3744 620
4 4168 3771 3934 3733
4 3954 3931 3817 3701
4 3926 3879 3922 3877
4 4168 4110 3969 3785
4 3785 3780 3771 3770
4 4016 3955 3937 3855
4 3928 3798 3823 3784
4 3823 3798 3811 3784
4 3794 3706 3772 3695
4 3745 3545 626 625
4 3745 3669 3673 3545
4 3745 626 785 625
4 3708 3707 3677 3673
4 4304 4301 4294 4280
4 4122 4091 4119 4015
4 3748 3725 3738 3697
4 3708 3673 3677 3545
4 3814 3693 3759 3648
4 3919 3890 3791 3666
4 3791 3751 3774 3545
4 3709 3689 3677 3666
4 3709 3677 3708 3666
4 4077 628 3763 627
4 3709 3677 3689 3545
4 3709 3708 3677 3545
4 3774 3751 3669 3545
4 3791 3689 3709 3666
4 3709 3673 3708 3545
4 3711 3556 124 121
4 3711 3556 3524 124
4 3871 3823 3811 3784
4 4180 3914 4013 3904
4 4003 3966 4001 3963
4 4168 4045 3467 1377
4 3712 3701 3695 3682
4 3712 3701 3706 3695
4 3771 3712 3706 3695
4 4128 1150 1500 1149
4 4128 1500 1380 1379
4 4091 3959 4069 3900
4 3713 3680 3637 3574
4 3713 3637 3697 3574
4 3927 3574 3725 3535
4 3713 3637 3680 3587
4 3952 3925 3783 3487
4 3738 3680 3713 3574
4 3857 3853 3830 3779
4 3945 3876 3660 3648
4 3898 3713 3680 3587
4 3740 3218 3433 2980
4 3740 3294 3433 3218
4 4155 4102 4139 4090
4 3793 3538 3570 1521
4 3857 3807 3853 3779
4 3516 220 682 90
4 3516 682 3485 90
4 3716 3663 410 409
4 3716 3663 409 408
4 3716 417 3663 407
4 3716 3663 408 407
4 3718 3617 3571 2364
4 3718 2362 3571 2361
4 3718 3571 3423 2361
4 3718 2362 2361 2357
4 3718 2361 3423 2357
4 3719 861 3467 857
4 3719 3581 3467 861
4 3720 3456 3688 2653
4 3720 3688 2723 2722
4 3720 3688 2655 2653
4 3720 3688 2722 2718
4 3743 3702 3721 3640
4 3874 3861 3786 3763
4 3740 3638 3433 3294
4 3740 3433 3608 2980
4 4145 4066 4053 4014
4 3812 3751 3677 3669
4 3722 3096 3095 2946
4 3722 3095 3142 2946
4 3722 3096 3142 3095
4 3902 3837 3883 3831
4 3980 3773 3728 3643
4 3908 3849 3834 3831
4 3744 423 1126 422
4 3950 3836 3915 3544
4 3725 3637 3595 3535
4 4044 3793 3753 3675
4 4200 4057 4010 3955
4 3830 3778 3755 3574
4 3748 3738 3725 3574
4 3814 3677 3707 3669
4 4041 4002 4009 3971
4 3738 3713 3725 3574
4 3793 3472 1521 1516
4 4134 4053 4014 3924
4 3840 3793 1524 1523
4 4266 4222 4239 4220
4 4077 3944 3961 3829
4 3779 3748 3738 3713
4 3874 3861 3787 3786
4 3919 3890 3876 3791
4 3725 3713 3697 3574
4 4129 4118 4097 4081
4 4131 4064 3933 3894
4 4021 3893 3855 3825
4 3744 622 785 618
4 4013 3982 3990 3914
4 4168 4121 4153 4043
4 3949 3907 3602 3580
4 3883 3856 3849 3837
4 3789 3744 3747 3644
4 3789 3698 3674 3652
4 3789 3674 3698 3658
4 3744 3676 3650 3644
4 3744 3699 3676 3644
4 4128 1500 1372 1342
4 4128 1500 1524 1128
4 3817 3761 3794 3736
4 4267 4207 4185 4105
4 3873 3817 3804 3735
4 3922 3879 3891 3816
4 4128 1524 1523 1522
4 3849 3837 3834 3831
4 3883 3849 3856 3821
4 3944 3795 3867 3783
4 3814 3759 3545 3531
4 3783 3576 3481 3480
4 3929 3763 3899 3731
4 3967 3952 3484 3483
4 3781 315 835 311
4 4047 3837 3979 3653
4 3947 3933 3894 3821
4 3771 1382 3733 1381
4 3907 3789 3892 3674
4 3884 3754 3806 3739
4 3771 3768 3770 3761
4 4168 1377 3467 1375
4 3976 3757 3741 3727
4 3817 3761 3712 3701
4 3955 418 3744 383
4 3772 3695 3701 3682
4 4054 3717 3699 3676
4 3771 3712 3695 3682
4 3828 3733 3729 3706
4 3831 3782 3765 3668
4 3768 3735 3736 3729
4 4291 3804 3776 3768
4 4130 3968 3986 3682
4 4142 4127 4092 3969
4 3768 3736 3733 3729
4 4291 4267 3761 3712
4 3737 3413 3610 3109
4 3737 3610 3722 3109
4 3737 3116 3109 2762
4 3737 3109 3722 2762
4 3737 2947 3116 2762
4 3737 3722 2947 2762
4 3817 3772 3794 3761
4 3757 3739 3741 3727
4 3990 3904 3879 3877
4 3744 3727 3741 3699
4 3799 3674 3658 3484
4 3764 3742 3757 3739
4 3997 3937 3982 3928
4 3892 616 3744 615
4 3769 3650 3754 3646
4 3893 3868 3816 3798
4 3757 3739 3727 3717
4 4035 4000 4004 3983
4 3962 3852 3880 3832
4 3999 3713 3940 3680
4 3793 1524 3570 1499
4 3753 3640 3675 3635
4 3857 3725 3779 3697
4 4015 3941 3988 3703
4 4136 4042 3921 3883
4 3907 3744 3789 3644
4 3892 3747 3802 3698
4 3745 3709 3689 3545
4 3745 3709 3707 3689
4 3745 3707 3708 3673
4 3745 3708 3709 3673
4 3745 3709 3708 3707
4 3745 3545 3600 3531
4 3745 3689 3693 3545
4 3745 3707 3693 3689
4 3745 3600 3616 3531
4 3814 3693 3707 3689
4 3745 3696 3600 3545
4 3745 3696 3707 3600
4 3745 3693 3648 3545
4 3745 3693 3707 3648
4 3745 3660 3696 3545
4 3745 3707 3696 3660
4 3745 3648 3660 3545
4 3745 3707 3660 3648
4 3907 3789 3747 3644
4 4266 4171 4220 4152
4 3748 3738 3713 3697
4 3907 3892 3789 3744
4 4291 4267 4185 4105
4 3838 3774 3745 3545
4 3774 3673 3745 3669
4 3791 3693 3689 3666
4 4173 4124 4139 4090
4 3898 3830 3800 3778
4 4066 3745 789 788
4 3876 3842 3751 3666
4 3941 3897 3793 3721
4 4041 3930 4009 3919
4 3751 3666 3669 3545
4 3810 3803 3597 2522
4 3810 2255 2096 2082
4 3980 3643 3728 3577
4 3892 3826 3802 3769
4 3885 3761 3873 3735
4 3754 3650 3717 3646
4 3754 3676 3717 3650
4 3857 3779 3748 3738
4 3793 1521 3570 1516
4 3791 3708 3759 3666
4 4069 3881 3897 3863
4 3892 618 3744 616
4 3893 3871 3825 3811
4 3821 3765 3782 3723
4 3783 3576 3487 3484
4 3814 3759 3693 3689
4 3814 3707 3745 3673
4 3984 629 785 624
4 3783 3576 3489 3487
4 3814 3745 3616 3531
4 3760 3628 3624 3583
4 3760 3628 3651 3624
4 3858 3549 3544 3439
4 3760 3628 3583 3570
4 4033 3820 3570 3528
4 3946 3820 3858 3549
4 3946 3724 3628 3448
4 3950 3760 3665 3583
4 4099 3560 3580 3477
4 4033 3915 3946 3820
4 3884 3806 3742 3739
4 4224 4138 4176 4010
4 4168 4098 4121 4070
4 3822 3794 3817 3772
4 3762 3549 3561 3546
4 4036 3762 3946 3549
4 3950 3665 3760 3651
4 3946 3570 1363 1362
4 3763 3580 789 788
4 3984 3580 790 789
4 3932 3709 3759 3708
4 3943 3938 3814 3677
4 3984 3580 791 790
4 4058 3745 3545 626
4 3928 3904 3914 3891
4 3955 621 3769 620
4 3873 3804 3785 3776
4 3817 3761 3804 3735
4 3974 3895 3960 3821
4 3931 3903 3870 3822
4 3858 3518 3444 3439
4 3858 3544 3518 3439
4 3858 3782 3765 3549
4 3858 3544 3583 3518
4 3767 2147 2163 1979
4 3767 3582 3430 2147
4 3767 3686 3582 2147
4 3767 2141 2147 1979
4 3767 3686 2141 1979
4 3767 3686 2147 2141
4 3780 3761 3736 3733
4 4174 4128 3733 1378
4 3831 3668 3765 3665
4 3804 3761 3768 3735
4 4079 3769 3884 3744
4 3826 3806 3802 3769
4 4250 4115 4190 3835
4 3771 3729 3733 3706
4 3771 3768 3733 3729
4 3771 3712 3735 3706
4 3771 3735 3729 3706
4 3771 3768 3735 3712
4 3771 3735 3768 3729
4 3794 3736 3729 3706
4 3772 3706 3701 3695
4 3817 3780 3804 3736
4 3772 3706 3712 3701
4 3772 3712 3761 3701
4 4258 4047 4215 3979
4 3772 3735 3761 3712
4 3817 3804 3761 3736
4 3794 3729 3735 3706
4 3907 3892 3744 3580
4 3892 3698 3826 3658
4 3789 3698 3652 3643
4 3789 3747 3698 3643
4 4009 3971 3985 3930
4 4066 791 3506 790
4 3876 3791 3696 3660
4 3869 2233 3672 2206
4 3873 3761 3817 3735
4 3956 3903 3870 3859
4 3957 3926 3913 3882
4 3804 3780 3785 3776
4 3882 3877 3818 3815
4 4110 4097 4108 4081
4 4156 3999 3738 3680
4 3778 3748 3725 3574
4 3778 3725 3755 3574
4 3779 3755 3778 3725
4 3876 3791 3693 3689
4 4009 4002 3985 3971
4 4125 4074 4067 4002
4 3898 3587 3680 3574
4 3793 1500 3570 1361
4 3840 1527 3472 1526
4 3941 3703 3793 3635
4 4149 4095 3725 3535
4 3853 3807 3830 3779
4 3779 3755 3725 3574
4 3804 3780 3776 3761
4 3990 3904 3922 3879
4 3904 3882 3891 3815
4 3804 3780 3761 3736
4 3969 3776 3896 3770
4 3780 3770 3776 3761
4 4190 4115 4010 3922
4 3780 3771 3770 3761
4 3780 3768 3761 3733
4 3780 3771 3768 3733
4 3780 3768 3771 3761
4 4136 3883 3921 3849
4 4227 4151 4184 4136
4 4019 3489 3478 3477
4 3863 3852 3743 3702
4 3814 3708 3709 3707
4 3875 3635 3793 3451
4 3836 3645 3749 3561
4 3897 3743 3793 3721
4 3795 3576 3783 3477
4 4037 3932 3693 3648
4 3984 793 3745 792
4 3788 3618 3620 3517
4 3875 3620 3635 3451
4 3875 3703 3635 3620
4 3788 3517 3451 3436
4 3788 3451 3618 3436
4 3788 3618 3517 3436
4 3907 3565 3577 3553
4 3949 3907 3580 3553
4 3892 3747 3698 3658
4 3862 3510 3553 3509
4 4079 3942 3892 3744
4 3862 3553 3602 3509
4 3876 3812 3774 3751
4 3791 3600 3696 3545
4 3791 3696 3666 3545
4 3791 3666 3696 3660
4 3876 3774 3791 3751
4 3876 3696 3791 3600
4 3792 2751 3575 2750
4 3792 3777 2751 2750
4 3792 3575 3455 2743
4 3792 2750 3575 2749
4 3792 3777 2750 2749
4 3792 2743 3455 2742
4 3792 3455 3777 2742
4 3792 3777 2743 2742
4 3792 2744 3575 2743
4 3792 3777 2744 2743
4 3792 2749 3575 2745
4 3792 3777 2749 2745
4 3792 2745 3575 2744
4 3792 3777 2745 2744
4 3793 3570 3451 1361
4 3793 1360 3451 1359
4 3875 3570 3618 3451
4 3875 3618 3788 3451
4 3875 3793 3635 3570
4 3793 1500 1359 1358
4 3793 1500 1358 1357
4 3988 3703 3941 3635
4 4044 3753 3953 3451
4 3793 3753 3675 3635
4 4044 3793 1359 1358
4 3793 3635 3620 3451
4 3793 3620 3675 3451
4 3793 3635 3675 3620
4 3794 3761 3772 3735
4 3794 3735 3712 3706
4 3794 3712 3772 3706
4 3794 3735 3772 3712
4 4061 3887 3976 3764
4 3968 3951 3794 3695
4 3960 3837 3902 3831
4 3861 3787 3786 3763
4 4091 3999 4069 3959
4 3795 3731 3783 3530
4 3795 3786 3731 3530
4 3860 3763 3783 3731
4 3861 3829 3787 3763
4 3944 3867 3795 3787
4 4037 3992 3958 3874
4 4048 4037 3693 3648
4 3796 3580 397 395
4 3796 3654 3580 395
4 3797 3744 3769 621
4 4199 3780 3736 3729
4 4086 4054 3699 3676
4 3955 3744 3797 621
4 4190 4180 4157 4115
4 3797 3741 3757 3739
4 3914 3891 3816 3798
4 3884 3742 3845 3739
4 4187 4132 4180 3904
4 3955 3556 424 423
4 4199 4142 4127 4049
4 3806 3757 3797 3742
4 4010 3955 3556 850
4 3887 3799 3835 3742
4 3868 3816 3818 3815
4 4291 4226 3804 3768
4 4128 1379 3733 1378
4 4076 3994 3922 3879
4 3907 3652 3674 3577
4 3865 3856 3851 3821
4 3949 3827 3602 3560
4 3845 3802 3747 3698
4 4036 3846 3946 1370
4 3910 3856 3850 3846
4 3946 3570 1364 1363
4 3930 3890 3919 3666
4 3965 3945 3696 3660
4 3840 1524 3793 1499
4 3981 3745 3814 3545
4 3857 3779 3830 3755
4 3970 3696 3965 3600
4 4265 3840 1500 1499
4 3998 3830 3898 3755
4 3909 3853 3840 3807
4 3924 3838 3918 3812
4 3999 3953 3940 3911
4 3801 3433 3038 3033
4 3801 3038 3433 3037
4 3801 3433 3626 3037
4 3826 3799 3674 3658
4 3845 3806 3802 3799
4 3980 3942 3845 3643
4 4224 4057 4138 4010
4 4030 4021 4026 4010
4 3806 3741 3797 3739
4 3806 3769 3797 3741
4 3806 3727 3739 3717
4 3806 3769 3727 3717
4 4202 4190 4010 3886
4 3806 3741 3739 3727
4 3806 3769 3741 3727
4 4009 3930 3985 3919
4 3857 3779 3738 3713
4 3876 3709 3791 3689
4 4009 3919 3945 3876
4 4020 3927 4007 3901
4 4067 4053 4041 4002
4 3808 2311 3475 2310
4 3808 3726 3475 2311
4 3808 2310 3475 2309
4 3809 1586 1592 1532
4 3809 3710 1592 1586
4 3809 1592 1533 1532
4 4030 4017 4026 3964
4 3955 424 3744 423
4 4072 4043 4070 4034
4 4163 4141 4113 4104
4 3873 3804 3817 3785
4 3913 3893 3823 3798
4 4085 4055 4025 3986
4 3891 3882 3818 3815
4 4318 577 785 574
4 4095 4020 4039 4007
4 3876 3791 3660 3648
4 3876 3616 3791 3545
4 3942 3884 3845 3739
4 3844 3813 3644 3634
4 3946 3624 3570 3451
4 4079 3942 3744 3644
4 4079 3892 3942 3802
4 3814 3616 3745 3600
4 3814 3745 3707 3600
4 3814 3759 3616 3600
4 3814 3660 3707 3648
4 3814 3759 3660 3648
4 3814 3707 3696 3600
4 3814 3696 3759 3600
4 3814 3696 3707 3660
4 3814 3759 3696 3660
4 3980 3577 3728 3565
4 3823 3816 3811 3798
4 4348 4336 4327 4302
4 4164 4121 4153 4118
4 4250 4195 4103 4078
4 4168 4070 4121 4043
4 3955 3744 621 620
4 4059 4027 4024 3973
4 3955 3744 3556 383
4 4197 4143 4117 3699
4 3913 3882 3868 3818
4 3966 3939 3956 3859
4 4099 3489 4019 3477
4 4099 3580 3489 3477
4 3920 3508 3507 3477
4 3920 3526 3819 3477
4 3819 3576 3530 3526
4 4033 3583 3573 3570
4 3915 3583 3544 3518
4 3836 3820 3546 3544
4 3820 3762 3561 3546
4 3836 3546 3561 3470
4 3908 3782 3834 3730
4 4036 3730 3653 3645
4 3862 3827 3789 3747
4 4184 4136 4151 4131
4 4054 3717 3727 3699
4 3828 3771 3695 3682
4 4179 4154 4123 4096
4 3989 3934 3864 3859
4 4010 3556 3955 614
4 3956 3939 3903 3859
4 3888 3750 3869 3585
4 3824 2081 3810 2031
4 3869 1806 3585 1805
4 3824 3621 3704 2080
4 3824 3704 3810 2080
4 3824 3810 2081 2080
4 4010 3955 3923 3913
4 4127 3934 3771 3733
4 3893 3816 3823 3798
4 3955 3797 3769 621
4 3825 3823 3816 3811
4 3893 3871 3855 3825
4 4299 4287 4256 4251
4 3916 3650 3844 3646
4 4026 4010 3964 3957
4 4030 4021 4010 3923
4 4137 4068 4117 4061
4 4059 4049 3989 3934
4 3826 3799 3802 3487
4 3826 3488 3674 3487
4 3826 3674 3799 3487
4 3826 3698 3799 3658
4 3892 3747 3744 3644
4 3826 3802 3799 3698
4 4029 3943 3981 3814
4 3932 3759 3693 3648
4 4111 3696 4088 3660
4 3854 3829 3795 3576
4 4147 4111 3696 3600
4 3962 3880 3852 3675
4 4156 3999 4119 3959
4 3890 3842 3876 3666
4 4289 4253 1495 1490
4 4135 3998 4023 3830
4 4274 4266 1498 1306
4 3909 3857 3830 3755
4 3909 3857 3853 3830
4 4169 3574 4149 3535
4 3908 3561 3730 3546
4 3880 3832 3852 3743
4 4044 3941 3959 3900
4 3962 3880 3940 3878
4 3962 3940 3959 3900
4 3944 3854 3829 3795
4 3962 3881 3900 3852
4 3880 3753 3675 3517
4 4159 3898 4135 3840
4 4291 4267 4278 4240
4 3980 3747 3789 3643
4 3895 3834 3821 3782
4 3834 3730 3782 3549
4 4201 4163 4113 4104
4 3955 423 3744 422
4 4223 4195 4180 4157
4 3915 3544 3836 3471
4 4033 3760 3583 3570
4 3915 3518 3544 3471
4 4036 3910 3902 3837
4 3950 3915 3760 3583
4 4130 3986 3995 3682
4 4036 3946 3858 3549
4 4036 3950 3724 3651
4 3837 3765 3782 3668
4 3950 3583 3858 3544
4 3862 3602 3827 3507
4 3876 3693 3791 3648
4 4145 787 788 184
4 4155 4102 4075 4060
4 3924 3838 3812 3774
4 3876 3842 3812 3751
4 4261 179 4259 178
4 4145 4074 4125 182
4 4094 3987 3935 3614
4 3977 3810 3824 3704
4 3948 3872 3661 3496
4 3869 3848 1801 1800
4 3857 3840 3853 3807
4 3840 3778 3830 3574
4 3840 3800 3830 3778
4 3840 3830 3779 3574
4 3840 3830 3800 3779
4 3841 3769 3797 3742
4 3841 3797 3835 3742
4 3841 3835 3769 3742
4 3955 3556 423 422
4 3945 3616 3876 3545
4 3876 3812 3838 3774
4 3866 3790 3792 3575
4 4100 3912 3638 3543
4 3844 3644 3699 3634
4 3844 3676 3699 3644
4 3844 3634 3699 3627
4 3844 3699 3813 3627
4 3844 3813 3634 3627
4 3845 3799 3802 3698
4 3845 3742 3799 3658
4 3892 3747 3789 3744
4 3980 3789 3773 3643
4 3942 3845 3806 3802
4 3942 3845 3884 3806
4 3942 3892 3845 3802
4 3951 3936 3706 3695
4 3933 3856 3865 3821
4 3987 3972 3740 2644
4 3977 3839 3704 3621
4 3847 2844 3833 2839
4 3847 3833 2840 2839
4 3847 3833 3685 2840
4 3972 3847 3740 3685
4 3847 3833 3740 3685
4 4193 3974 4042 3960
4 4025 3968 3951 3706
4 4291 4284 3771 3770
4 4221 3841 3978 3797
4 3894 3865 3851 3821
4 3894 3723 3821 3671
4 3856 3651 3628 3624
4 3851 3821 3723 3671
4 4128 1517 3570 1516
4 3851 3849 3837 3723
4 3881 3852 3863 3702
4 3852 3832 3793 3743
4 3863 3852 3832 3793
4 4007 3909 3927 3840
4 4007 3927 3725 3535
4 3909 3779 3857 3755
4 3945 3876 3693 3689
4 3971 3918 3930 3890
4 3930 3918 3919 3890
4 3857 3779 3725 3574
4 4037 3693 3932 3689
4 3932 3696 3759 3660
4 3932 3660 3759 3648
4 3955 3556 418 383
4 3955 3855 3871 3823
4 3955 3871 3893 3823
4 4010 3926 3957 3886
4 3955 3556 619 617
4 3910 3856 3651 3628
4 3856 3851 3849 3837
4 4128 1500 3570 1499
4 3910 3902 3883 3856
4 3910 3851 3671 3651
4 3910 3856 3851 3651
4 4036 3950 3946 3724
4 3856 3821 3849 3723
4 3856 3849 3851 3723
4 3856 3851 3821 3723
4 4149 3725 3595 3535
4 3857 3800 3807 3779
4 3857 3840 3800 3779
4 3857 3840 3807 3800
4 3858 3549 3820 3544
4 4033 3820 3946 3570
4 3858 3820 3836 3544
4 3950 3915 3583 3544
4 4117 4086 3699 3676
4 3928 3891 3798 3784
4 3904 3891 3879 3815
4 3963 3954 3931 3903
4 3893 3816 3868 3815
4 3955 3556 419 418
4 3905 3803 3810 3558
4 4028 3494 3977 1914
4 3977 1914 3558 1913
4 3860 3783 3795 3731
4 3944 3787 3829 3763
4 3860 3786 3763 3731
4 3860 3795 3786 3731
4 3867 3860 3795 3787
4 3860 3795 3787 3786
4 4077 630 3984 629
4 3941 3721 3793 3703
4 3862 3827 3602 3580
4 3862 3773 3728 3510
4 3862 3773 3827 3728
4 3862 3728 3827 3565
4 3862 3511 3553 3510
4 3862 3565 3553 3511
4 3862 3728 3511 3510
4 3862 3728 3565 3511
4 3878 3832 3753 3442
4 3898 3595 3587 3574
4 3898 3830 3778 3755
4 4159 3574 3840 1500
4 3962 3940 3881 3878
4 3962 3880 3878 3832
4 4219 4147 4196 4111
4 3955 3556 422 421
4 4005 3870 3989 3859
4 3923 3913 3893 3823
4 3913 3868 3893 3798
4 4003 4001 3991 3963
4 4072 4001 4040 3991
4 4223 4195 4157 4146
4 4168 3966 4003 3934
4 4080 4024 4056 3969
4 3904 3879 3877 3815
4 4128 1155 3733 1149
4 3968 3951 3695 3682
4 3867 3783 3860 3479
4 3932 3693 3759 3689
4 3925 3860 3867 3786
4 4156 3738 3898 3680
4 3925 3783 3487 3484
4 4077 3952 3489 3488
4 3925 3860 3786 3763
4 3867 3860 3787 3786
4 3964 3957 3923 3913
4 3893 3879 3816 3815
4 4162 4150 4154 4107
4 4097 4040 4080 4027
4 4264 4234 4179 4154
4 4038 4026 3964 3957
4 4010 3955 3913 3868
4 3948 3872 3775 3661
4 3869 1808 3585 1807
4 3869 3848 1808 1807
4 3869 3499 3585 1804
4 3872 1905 3661 1904
4 3872 3839 1905 1904
4 3977 3494 3558 1914
4 3869 3585 1808 1802
4 3869 1808 3848 1802
4 3869 3502 3499 1804
4 3869 3848 3502 1804
4 3869 1804 3585 1803
4 3869 3848 1804 1803
4 3869 1803 3585 1802
4 3869 3848 1803 1802
4 4005 3822 3870 3695
4 4168 3467 1578 1368
4 3896 3873 3785 3770
4 4057 3955 4030 3923
4 4142 3906 4092 3817
4 3871 3823 3825 3811
4 4304 4292 4279 4264
4 3893 3868 3879 3815
4 3871 3825 3823 3816
4 3871 3823 3855 3816
4 3871 3855 3825 3816
4 3872 1903 3661 1902
4 3872 3839 1903 1902
4 3888 3585 3869 3499
4 3872 3661 3496 1896
4 3872 1902 3661 1901
4 3872 3839 1902 1901
4 3872 3496 3501 1896
4 3872 3501 3839 1896
4 3872 1901 3661 1896
4 3872 3839 1901 1896
4 4199 3873 3817 3733
4 4199 3780 4127 3733
4 4195 4143 4103 4078
4 4250 4209 4180 3994
4 4059 3969 3896 3889
4 3990 3904 3877 3815
4 4026 3957 3868 3818
4 4115 4076 4010 3922
4 4339 4324 4325 4298
4 4030 3955 4021 3923
4 4077 629 3984 624
4 3958 3854 3944 3795
4 3984 792 3745 791
4 3932 3861 3854 3829
4 3875 3640 3703 3620
4 3875 3788 3640 3620
4 3875 3788 3703 3640
4 3875 3517 3620 3451
4 3875 3788 3517 3451
4 3875 3788 3620 3517
4 3876 3791 3774 3545
4 3876 3774 3838 3545
4 3876 3791 3616 3600
4 4007 3927 3713 3697
4 4114 3696 4112 3600
4 4171 4169 4152 4149
4 3970 3693 3965 3648
4 4152 4095 4039 4007
4 4007 3927 3738 3680
4 4066 3745 3506 791
4 4011 3901 3909 3755
4 3955 3556 421 420
4 3887 3835 3764 3742
4 3885 3817 3873 3761
4 3877 3868 3818 3815
4 4010 3556 614 613
4 3911 3832 3437 3436
4 3925 3860 3482 3481
4 3940 3911 3878 3697
4 4044 3953 4012 3451
4 3940 3878 3713 3697
4 4044 1500 1357 1356
4 3896 3804 3873 3776
4 4059 3889 3896 3885
4 3922 3891 3904 3816
4 4234 4162 4179 4154
4 3990 3914 3928 3904
4 3894 3865 3856 3851
4 4257 4213 4249 4201
4 3955 421 3744 420
4 4176 4140 3926 3886
4 3880 3753 3743 3702
4 3880 3743 3852 3702
4 3880 3753 3793 3743
4 3880 3793 3832 3743
4 3880 3832 3793 3753
4 4046 3944 3952 3925
4 3999 3940 3713 3697
4 3898 3778 3840 3574
4 3898 3800 3840 3778
4 4077 3961 3861 3829
4 3940 3878 3880 3753
4 4046 3996 3952 3944
4 4138 4026 4050 3926
4 4315 4299 4256 4251
4 4209 3978 4187 3887
4 4148 4063 4052 4017
4 4021 3893 3955 3855
4 4010 3955 620 619
4 3908 3834 3849 3730
4 3908 3749 3730 3561
4 3884 3769 3754 3646
4 3916 3844 3813 3644
4 3892 635 3580 634
4 3884 3650 3769 3646
4 3884 3844 3650 3646
4 3884 3844 3744 3650
4 3884 3744 3699 3650
4 3884 3699 3769 3650
4 3884 3744 3797 3699
4 3884 3797 3769 3699
4 3884 3769 3797 3744
4 4068 4061 3976 3764
4 4092 3817 3822 3794
4 3891 3818 3868 3816
4 4168 4032 4003 4001
4 4202 3955 4082 3769
4 3889 3817 3885 3761
4 4208 4177 4110 4089
4 3969 3785 3896 3771
4 3994 3990 3922 3879
4 4320 4309 4306 4294
4 4017 3964 3975 3923
4 4072 4003 3991 3966
4 4021 3975 3923 3893
4 4021 3975 3893 3811
4 3955 3556 420 419
4 4026 4010 3957 3886
4 3957 3882 3913 3818
4 4059 4024 4001 3973
4 3955 3893 3871 3855
4 4118 4110 4104 4097
4 3891 3816 3798 3784
4 3976 3757 3764 3742
4 3976 3797 3757 3742
4 3937 3871 3811 3784
4 3969 3896 3785 3770
4 4057 4030 3955 3855
4 4070 4056 4040 4027
4 4199 3817 3794 3736
4 4045 3733 3467 1377
4 4113 4080 4089 4056
4 4199 3794 4142 3736
4 3965 3696 3945 3600
4 4014 3930 3971 3924
4 4024 3885 3896 3873
4 4190 3926 3922 3886
4 4010 3975 3964 3957
4 3955 419 3744 418
4 3892 3674 3826 3488
4 3892 3489 3553 3488
4 3892 3553 3674 3488
4 3892 3577 3674 3553
4 4036 3653 3762 3645
4 3892 3674 3789 3658
4 3892 3826 3674 3658
4 4038 4026 3957 3868
4 4291 3771 3936 3712
4 3933 3865 3856 3850
4 4128 4042 4047 3895
4 3936 3828 3695 3682
4 3902 3883 3856 3821
4 3951 3936 3736 3706
4 3933 3895 3856 3821
4 4151 4042 4136 3883
4 3925 3786 3787 3763
4 4159 4135 3898 3574
4 4119 3959 4091 3900
4 4044 4015 3999 3988
4 3911 3863 3878 3832
4 4087 4029 4058 3981
4 4134 3924 3971 3918
4 3927 3725 3857 3697
4 3909 3901 3779 3755
4 4095 3725 4007 3697
4 4289 1498 4285 1497
4 4167 4152 4124 4039
4 3927 3857 3725 3574
4 4222 4169 4171 4149
4 3921 3902 3895 3883
4 3968 3794 3951 3706
4 4128 1518 1517 1516
4 4142 4092 4127 4049
4 4142 3817 4092 3794
4 4092 4005 3989 3859
4 4199 3817 3780 3733
4 4005 3794 3822 3695
4 3931 3870 3903 3859
4 4207 4158 4105 4073
4 4187 3978 4132 3887
4 3907 3789 3674 3652
4 3949 3580 3862 3553
4 3907 3634 3747 3627
4 3907 3747 3789 3627
4 3907 3728 3577 3565
4 3949 3634 3907 3627
4 3907 3643 3652 3577
4 3907 3789 3652 3643
4 3907 3773 3643 3577
4 3907 3773 3789 3643
4 3907 3728 3773 3577
4 3949 3827 3862 3580
4 3908 3831 3834 3782
4 3908 3730 3749 3653
4 3908 3749 3831 3653
4 3908 3765 3782 3730
4 3908 3831 3782 3765
4 3908 3665 3730 3653
4 3908 3765 3730 3665
4 3908 3831 3765 3665
4 3908 3668 3665 3653
4 3908 3831 3668 3653
4 3908 3668 3831 3665
4 3909 3901 3857 3779
4 4145 785 786 184
4 4181 4139 4155 4102
4 4075 4060 3840 3800
4 4066 789 790 184
4 4060 3807 4006 3800
4 4036 3668 3837 3653
4 3910 3851 3856 3837
4 4128 3933 4042 3895
4 4036 3902 3960 3837
4 4128 1520 3570 1125
4 4036 3762 3730 3645
4 4036 3910 3960 3902
4 3910 3851 3723 3671
4 3910 3851 3837 3723
4 3910 3723 3834 3671
4 3910 3834 3837 3671
4 3910 3837 3834 3723
4 4022 3596 3575 3046
4 4022 3866 3792 3575
4 3942 3806 3884 3802
4 3947 3821 3894 3723
4 4092 4005 4049 3989
4 3936 3771 3828 3712
4 3974 3960 3856 3821
4 4278 3865 3917 3850
4 4060 4006 3840 3800
4 4109 4051 4093 3970
4 4259 4203 4109 4041
4 3930 3924 3919 3918
4 3965 3693 3945 3648
4 4039 4007 4020 3927
4 3965 3945 3693 3689
4 3945 3876 3616 3600
4 4134 3971 4002 3918
4 4099 3783 3952 3763
4 4099 3783 3763 3731
4 4099 4077 3952 3489
4 4019 3920 3507 3477
4 4099 3783 3731 3530
4 4099 3952 4077 3763
4 4099 3952 3783 3489
4 4099 3731 3920 3530
4 4019 3478 3526 3477
4 4019 3489 3479 3478
4 4019 3526 3920 3477
4 3933 3856 3895 3846
4 3993 3980 3916 3646
4 3980 3813 3789 3747
4 3921 3849 3895 3834
4 3980 3773 3916 3728
4 3922 3893 3879 3816
4 3922 3879 3893 3868
4 4010 3893 3955 3868
4 3922 3868 3877 3815
4 3922 3877 3879 3815
4 3922 3879 3868 3815
4 3922 3877 3868 3818
4 4010 3922 3955 3893
4 3922 3882 3877 3818
4 4010 3926 3882 3868
4 4070 4040 4034 4027
4 4164 4121 4118 4108
4 3957 3868 3913 3816
4 4107 4071 4038 4026
4 4059 4001 4034 3973
4 4123 4096 4063 3964
4 4149 3840 4095 3574
4 4102 4090 4039 4020
4 4006 3909 3840 3807
4 4006 3853 3909 3807
4 3925 3867 3787 3786
4 4048 3660 4037 3648
4 4046 3992 3996 3958
4 3926 3922 3882 3877
4 3926 3922 3886 3882
4 4148 4120 4133 4052
4 4302 4300 4275 4237
4 4010 3913 3926 3868
4 3926 3913 3882 3868
4 4030 4021 4017 3964
4 4071 4050 4038 4026
4 3927 3909 3901 3857
4 4007 3840 3927 3574
4 4149 4039 4095 4020
4 3927 3853 3857 3840
4 3927 3909 3853 3840
4 3927 3909 3857 3853
4 3976 3757 3797 3741
4 3928 3811 3825 3784
4 4049 3989 3934 3864
4 4082 3955 3797 3769
4 4142 4092 4049 3989
4 3955 3855 3823 3816
4 3938 3874 3932 3861
4 3952 3783 3925 3763
4 4093 3970 3696 3660
4 4095 4007 3713 3697
4 4214 4066 4145 785
4 4165 180 4144 179
4 4175 4171 4155 4124
4 4102 4020 4060 4006
4 4250 4190 3841 3835
4 3931 3822 3817 3772
4 3931 3822 3906 3817
4 4078 4031 3997 3937
4 3931 3772 3817 3701
4 4097 4081 4080 4040
4 3952 3489 3488 3487
4 3932 3759 3696 3600
4 3961 3958 3861 3854
4 4037 4029 3992 3874
4 3932 3616 3759 3600
4 3932 3545 3759 3531
4 3938 3829 3932 3759
4 3938 3861 3932 3829
4 4077 3944 3829 3763
4 3932 3759 3616 3531
4 3933 3895 3821 3765
4 4004 3933 3947 3821
4 4121 4110 4108 4081
4 4168 4089 4056 4024
4 4013 3994 3990 3982
4 3987 3972 3847 3740
4 3987 2643 3614 2642
4 4158 4105 4073 3995
4 3936 3712 3828 3682
4 4128 1518 3570 1517
4 4042 3902 3921 3883
4 4103 4082 4078 4031
4 4250 4180 4076 3994
4 3997 3937 3928 3784
4 4223 4143 4195 4117
4 3938 3751 3759 3677
4 4069 3959 3941 3900
4 4072 4034 4040 4001
4 4337 4224 4326 4176
4 3966 3956 3939 3934
4 4021 3975 4010 3923
4 4057 4030 4026 4010
4 4072 3966 3991 3956
4 4059 3973 3889 3885
4 3988 1500 3840 1499
4 4077 3899 3929 3763
4 4156 3748 3898 3738
4 4012 3451 3953 3448
4 3967 3952 3961 3484
4 4156 3595 4023 3535
4 3941 3900 3940 3897
4 4018 3953 3999 3725
4 4008 3449 3448 3436
4 3942 3747 3634 3627
4 3980 3813 3916 3789
4 3980 3789 3916 3773
4 3942 3892 3744 3644
4 3942 3747 3644 3634
4 3980 3747 3942 3627
4 3942 3747 3892 3644
4 3942 3845 3892 3747
4 3999 3940 3962 3880
4 3945 3876 3890 3842
4 3945 3876 3838 3545
4 4057 4010 3955 3923
4 4145 786 787 184
4 3965 3616 3945 3545
4 3965 3945 3616 3600
4 4216 4171 4167 4152
4 4203 183 4165 182
4 3945 3842 3838 3812
4 3945 3838 3876 3812
4 3945 3876 3842 3812
4 4033 3628 3760 3570
4 3950 3858 3836 3544
4 3946 3724 3651 3628
4 3946 3651 3760 3628
4 4033 3573 3583 3471
4 4033 3471 3915 3468
4 4291 3804 4240 3776
4 3949 3565 3907 3553
4 3949 3789 3827 3627
4 3949 3907 3789 3627
4 3949 3862 3565 3553
4 3949 3862 3827 3565
4 3949 3827 3728 3565
4 3949 3728 3907 3565
4 3949 3827 3789 3773
4 3949 3789 3907 3773
4 3949 3827 3773 3728
4 3949 3773 3907 3728
4 4036 3946 3820 3653
4 4036 3820 3762 3653
4 4036 3665 3668 3653
4 3950 3836 3858 3820
4 3950 3915 3836 3820
4 3950 3915 3946 3724
4 4128 3570 1519 1123
4 3950 3858 3946 3820
4 3950 3946 3915 3820
4 4036 3724 3910 3651
4 4036 3820 3946 3762
4 3951 3712 3936 3682
4 4042 3960 3974 3895
4 4284 3850 3917 3846
4 4197 4086 4054 3727
4 3986 3968 3695 3682
4 4210 4128 4174 3846
4 3993 3942 3980 3643
4 4048 4037 4029 3992
4 4088 3696 4048 3660
4 3952 3925 3787 3763
4 3952 3787 3944 3763
4 3952 3925 3867 3787
4 3952 3867 3944 3787
4 3952 3925 3944 3867
4 3953 3897 3881 3863
4 3953 3881 3940 3878
4 3953 3940 3911 3878
4 3953 3881 3878 3863
4 3953 3878 3911 3863
4 3954 3931 3906 3817
4 4059 3934 3939 3903
4 4059 4001 3963 3954
4 4059 3989 4049 3954
4 4107 4071 4096 4038
4 4097 4034 4027 3973
4 3955 3904 3891 3816
4 3955 3928 3937 3855
4 3982 3914 3816 3798
4 3955 3816 3891 3784
4 3955 3904 3928 3891
4 3955 3891 3928 3784
4 3955 3811 3798 3784
4 3955 3798 3816 3784
4 3955 3811 3816 3798
4 3955 3825 3811 3784
4 3955 3825 3816 3811
4 3955 3825 3855 3816
4 3955 3928 3825 3784
4 3955 3928 3855 3825
4 3991 3956 3963 3903
4 4108 4098 4081 4072
4 4348 4336 4302 4300
4 4168 4089 4024 3969
4 4059 3906 3969 3889
4 4121 4098 4110 4081
4 4089 4056 4024 3969
4 4026 3957 3926 3886
4 4021 3893 3825 3811
4 4021 3923 3955 3893
4 4030 4026 4021 3964
4 4048 3693 4037 3689
4 3958 3874 3861 3854
4 3961 3854 3861 3829
4 4077 3763 3984 630
4 3967 3961 3952 3944
4 4037 3660 3932 3648
4 4044 3793 3675 3451
4 3988 3840 3793 1499
4 3999 3953 3911 3725
4 3960 3837 3831 3749
4 4085 3995 4055 3986
4 3974 3856 3895 3821
4 3960 3895 3902 3821
4 3960 3902 3856 3821
4 3962 3863 3852 3832
4 3962 3878 3863 3832
4 3962 3863 3881 3852
4 3962 3878 3881 3863
4 4179 4162 4133 4120
4 4331 4328 4299 1368
4 4169 3725 4149 3697
4 4160 4109 4112 4093
4 4093 3616 3970 3531
4 3965 3945 3838 3545
4 3970 3616 3545 3531
4 3965 3945 3919 3890
4 3970 3616 3965 3545
4 4269 4238 3595 3535
4 3965 3945 3842 3838
4 3965 3945 3890 3842
4 4003 3966 3939 3934
4 4030 4021 3955 3855
4 4234 4232 4204 4179
4 4231 4217 4213 4191
4 3967 3958 3961 3854
4 3967 3961 3944 3854
4 4111 4088 3696 3600
4 4037 3932 3696 3600
4 4058 3981 4029 3943
4 3984 3763 3580 789
4 4087 3992 4029 3899
4 4046 3992 3899 3874
4 4077 3861 3874 3763
4 4174 3733 3846 1378
4 4079 3802 3806 3769
4 4085 4065 4055 3995
4 4291 3761 3735 3712
4 4130 3772 3701 3682
4 4059 3896 4024 3885
4 4142 3736 3794 3706
4 4221 4197 4054 3741
4 4098 4081 4072 4040
4 3969 3906 3931 3822
4 3969 3954 3931 3906
4 4289 4285 4253 1490
4 4006 3807 3840 3800
4 4145 4066 787 786
4 3970 3965 3838 3545
4 4112 4093 3838 3545
4 4093 4051 3985 3970
4 3970 3965 3919 3890
4 3970 3965 3842 3838
4 4093 3970 3985 3919
4 3970 3965 3890 3842
4 4297 1308 1306 1280
4 4144 4125 4067 3971
4 4220 4169 3725 3637
4 4102 4039 4060 4020
4 4041 3971 4009 3930
4 4212 4160 4194 4114
4 4059 3969 4024 3896
4 4183 4126 4174 4106
4 4180 4013 3994 3990
4 4064 4035 4004 3983
4 4227 4198 4184 4151
4 3991 3966 3963 3956
4 4003 3991 3966 3963
4 4138 3922 3926 3879
4 4054 3976 3717 3650
4 3976 3764 3835 3742
4 3976 3835 3797 3742
4 3976 3887 3835 3764
4 3976 3835 3841 3797
4 4068 3887 4061 3764
4 3976 3887 3841 3835
4 4291 4267 4226 4185
4 4054 3976 3741 3727
4 4197 4086 4143 4061
4 4086 3717 4054 3676
4 3978 3841 3887 3835
4 4128 1525 3570 1518
4 4128 1519 1129 1128
4 4128 1370 3946 1369
4 4042 3933 3921 3895
4 4128 1155 1149 1127
4 4184 4065 4062 3983
4 3980 3634 3813 3627
4 3980 3942 3634 3627
4 3980 3644 3813 3634
4 3980 3916 3813 3644
4 4079 3884 3806 3802
4 3993 3916 3980 3644
4 3993 3884 3754 3646
4 3981 3943 3938 3814
4 3981 3814 3759 3545
4 3981 3814 3938 3759
4 4037 3943 3938 3932
4 4058 4029 4048 3943
4 4132 3764 4068 3739
4 3990 3982 3928 3914
4 4187 3887 3764 3742
4 4000 3947 3894 3671
4 4083 3967 4077 3961
4 3984 785 630 627
4 3984 630 3763 627
4 3984 3763 785 627
4 3984 787 3745 786
4 3984 3763 787 786
4 3984 789 3745 788
4 3984 3763 789 788
4 4087 3929 3992 3899
4 3984 788 3745 787
4 3984 3763 788 787
4 4046 3958 3996 3944
4 4147 3696 4111 3660
4 4088 4048 3693 3648
4 4126 4085 4025 3986
4 4174 3846 4128 1376
4 4207 4158 4185 4105
4 4182 4082 4103 4016
4 4158 4062 4130 3995
4 4094 3987 3614 3460
4 3987 3614 3460 2635
4 3987 2639 3614 2638
4 3987 3972 2639 2638
4 4084 3558 3494 3463
4 3987 3460 3461 2635
4 3987 3461 3972 2635
4 3987 2636 3614 2635
4 3987 3972 2636 2635
4 3987 2638 3614 2637
4 3987 3972 2638 2637
4 3987 2637 3614 2636
4 3987 3972 2637 2636
4 4122 4091 4069 3998
4 4159 3840 3988 1500
4 4069 3900 3897 3881
4 4122 4119 4091 4023
4 4135 4023 4101 3830
4 4135 4023 3998 3574
4 4161 4122 4015 3941
4 4127 3934 3969 3771
4 4059 3934 3989 3859
4 4089 3969 3785 3770
4 4059 4027 3973 3885
4 4267 4207 4226 4185
4 4016 3825 3937 3811
4 4013 3914 3990 3904
4 3990 3928 3955 3904
4 4123 4096 4107 4071
4 4003 3934 3939 3864
4 4154 4107 4123 4096
4 3991 3903 3931 3822
4 3991 3963 3931 3903
4 4029 3899 3992 3874
4 4079 3892 3802 3769
4 4079 3806 3884 3769
4 3993 3884 3916 3844
4 3993 3643 3980 3577
4 4005 3956 3870 3859
4 3994 3955 3990 3928
4 4010 3955 3922 3816
4 4250 4202 4190 4180
4 4146 3997 4013 3982
4 3994 3990 3982 3928
4 4326 4170 4150 4140
4 4176 4010 4138 3886
4 4010 3957 3926 3913
4 4105 4073 4000 3947
4 4130 4025 3986 3968
4 4042 3921 3902 3895
4 3996 3952 3967 3483
4 4196 4087 3984 3929
4 4088 3693 4048 3689
4 4077 3984 4058 624
4 4037 3932 3938 3874
4 3996 3944 3958 3854
4 3996 3958 3967 3854
4 3996 3967 3944 3854
4 3996 3958 3992 3874
4 4219 3944 3925 3867
4 4077 3952 3961 3944
4 4187 3887 4132 3764
4 4195 4078 4146 3997
4 4146 3997 3982 3928
4 4086 4054 3727 3699
4 4199 4127 3771 3733
4 4197 4086 4061 4054
4 3998 3595 3898 3574
4 3998 3713 3898 3587
4 3998 3898 3595 3587
4 4156 3778 3898 3748
4 3998 3595 3574 3535
4 3998 3637 3713 3587
4 3998 3898 3713 3680
4 4037 3709 3932 3708
4 3999 3725 3911 3697
4 3999 3911 3940 3697
4 4044 3793 1358 1357
4 4135 3840 3898 3800
4 4210 4189 4004 4000
4 4079 3892 3769 3744
4 4267 4207 4105 4073
4 4128 1128 1525 1125
4 4001 3963 3956 3903
4 4001 3963 3966 3956
4 4245 4229 4233 4173
4 4229 4167 4173 4124
4 4066 788 789 184
4 4066 3745 790 789
4 4059 3954 3969 3906
4 4291 4185 4226 3768
4 4184 4131 4064 3983
4 4128 1527 1526 1522
4 4092 3822 4005 3794
4 4102 4011 4006 3909
4 4169 3725 3637 3595
4 4160 4114 4112 4109
4 4155 4090 4152 4075
4 4281 4263 4214 4194
4 4067 4002 4041 3971
4 4020 3927 3901 3857
4 4008 3959 3940 3900
4 4044 1500 3793 1357
4 4044 3999 4012 3959
4 4044 3832 3911 3753
4 4012 3959 4008 3900
4 4044 3940 4012 3897
4 4044 3897 3953 3863
4 4277 180 4261 179
4 4145 4066 786 785
4 4095 3713 4007 3680
4 4229 4216 4173 4167
4 4051 3985 3970 3965
4 4203 4165 4160 4067
4 4066 3745 787 786
4 4166 4114 3545 3531
4 4010 3926 3886 3882
4 4010 3922 3893 3868
4 4202 4010 3955 3769
4 4202 4082 4182 3978
4 4010 3922 3904 3816
4 4010 3904 3955 3816
4 4010 3868 3882 3818
4 4010 3922 3868 3818
4 4010 3922 3990 3904
4 4202 4010 3990 3904
4 4010 3994 3990 3922
4 4010 3882 3922 3818
4 4010 3886 3922 3882
4 4090 4020 4011 3901
4 4165 182 4125 181
4 4311 1500 3574 1314
4 4285 1497 4274 1496
4 4139 4090 4102 4011
4 4265 1524 3840 1499
4 4311 3840 3574 1500
4 4169 3840 4149 3574
4 4259 178 4203 177
4 4095 3574 4007 3535
4 4265 3472 3840 1527
4 4012 3999 4008 3959
4 4018 3940 3953 3881
4 4018 4008 3953 3436
4 4044 4012 3940 3900
4 4012 3897 3940 3881
4 4012 3940 4008 3881
4 4044 3574 3988 1500
4 4012 4008 3940 3900
4 4156 3725 3697 3637
4 4012 3595 4008 3587
4 4156 3999 3637 3587
4 4013 3982 3997 3937
4 4250 3978 4209 3887
4 4054 3976 3650 3646
4 4223 4195 4143 4103
4 4180 3914 3904 3891
4 4054 3976 3727 3717
4 4158 4062 4073 4035
4 4093 3970 3616 3600
4 4014 3930 3924 3919
4 4091 3900 4069 3881
4 4156 4008 4018 3587
4 4031 4016 3997 3937
4 4031 4016 3937 3811
4 4221 3887 3978 3841
4 4070 4027 4043 4024
4 4017 3923 3975 3893
4 4138 4026 3926 3886
4 4154 4107 4096 4038
4 4057 4030 4010 3923
4 4247 4237 4235 4228
4 4026 3926 3882 3877
4 4026 3926 3957 3882
4 4026 4010 3975 3964
4 4026 3975 4021 3964
4 4021 3975 4017 3964
4 4303 4276 4282 4260
4 4018 4008 3940 3881
4 4018 3959 3999 3940
4 4018 4008 3959 3940
4 4018 4008 3999 3959
4 4018 3450 3449 3436
4 4018 3449 4008 3436
4 4156 4012 4008 3587
4 4044 3863 3911 3832
4 4044 3863 3832 3793
4 4044 3953 3911 3863
4 4044 3940 3941 3900
4 4099 4019 3920 3731
4 4019 3479 3526 3478
4 4019 3489 3480 3479
4 4019 3480 3526 3479
4 4019 3489 3481 3480
4 4019 3481 3526 3480
4 4019 3489 3526 3481
4 4168 4110 4121 4098
4 4164 4153 4129 4118
4 4081 4072 4040 3991
4 4069 3900 3941 3897
4 4023 3998 3574 3535
4 4156 4119 3898 3778
4 4023 3595 3998 3535
4 4023 3998 3595 3587
4 4122 3988 4015 3941
4 4168 4024 4059 3969
4 4032 3934 4003 3864
4 4129 4081 4097 4040
4 4043 4027 4034 4024
4 4059 4024 4027 3885
4 4231 4217 4230 4213
4 4168 3969 3934 3771
4 4080 4027 4056 4024
4 4072 4070 4040 4034
4 4158 4073 4062 3995
4 4198 4193 4151 4042
4 4028 1911 3977 1907
4 4028 1907 3977 1906
4 4028 3839 3977 3621
4 4028 3977 3824 3621
4 4028 3872 3839 1906
4 4028 3977 3872 1906
4 4028 3872 3977 3839
4 4037 3932 3874 3854
4 4037 3943 4029 3874
4 4037 3696 3932 3660
4 4037 3938 3943 3874
4 4113 4104 4080 4024
4 4052 4017 4021 3975
4 4264 4234 4204 4179
4 4247 4192 4228 4133
4 4205 4153 4178 4121
4 4197 4086 3727 3699
4 4197 4061 4143 3978
4 4072 4070 4043 4003
4 4032 4003 4001 3991
4 4080 4040 4056 4027
4 4033 3946 3628 3570
4 4033 3946 3760 3628
4 4033 3760 3946 3651
4 4033 3583 3518 3471
4 4033 3518 3915 3471
4 4033 3583 3915 3518
4 4033 3950 3760 3651
4 4033 3950 3915 3760
4 4033 3946 3724 3651
4 4033 3946 3915 3724
4 4033 3724 3950 3651
4 4033 3915 3950 3724
4 4096 4052 4063 4038
4 4034 4024 4027 3973
4 4080 4024 3969 3896
4 4097 4034 4040 4027
4 4168 1375 3467 1374
4 4098 4070 4056 4040
4 4168 1374 3467 1368
4 4129 4118 4104 4097
4 4168 3934 4059 3903
4 4081 3991 4040 3963
4 4158 4062 4035 3983
4 4130 3951 3968 3682
4 4193 4047 4128 4042
4 4126 4055 4116 4025
4 4036 3730 3762 3549
4 4036 3671 3665 3651
4 4036 3910 3671 3651
4 4036 3858 3950 3665
4 4036 3858 3665 3549
4 4036 3730 3665 3653
4 4036 3765 3668 3665
4 4036 3782 3837 3765
4 4036 3665 3730 3549
4 4036 3671 3765 3665
4 4036 3782 3765 3671
4 4036 3910 3837 3671
4 4036 3834 3782 3671
4 4036 3837 3834 3671
4 4036 3834 3837 3782
4 4111 3660 4088 3648
4 4037 3616 3932 3600
4 4196 4111 4147 4087
4 4058 3745 626 624
4 4037 3932 3616 3531
4 4046 3992 3929 3899
4 4037 3545 3932 3531
4 4077 4058 3545 626
4 4050 4026 3882 3877
4 4050 3926 4026 3877
4 4335 4305 4317 4303
4 4211 4188 4205 4153
4 4138 4010 4026 3886
4 4071 4050 4026 3882
4 4208 4177 4201 4163
4 4095 4007 3725 3535
4 4043 4024 4034 3973
4 4340 4320 4306 610
4 4145 4066 788 787
4 4175 4167 4171 4124
4 4203 181 4165 180
4 4145 4053 4074 182
4 4051 4009 4002 3985
4 4203 4160 4109 4041
4 4128 3570 1527 1522
4 4136 3933 4131 3921
4 4128 3946 3653 1369
4 4070 4034 4043 4027
4 4059 3954 3963 3903
4 4168 4045 4032 4001
4 4156 4119 4023 3998
4 4044 4012 3595 3535
4 4156 3998 4023 3587
4 4044 3897 4012 3881
4 4044 3953 3897 3881
4 4044 4018 3953 3881
4 4044 4008 4012 3953
4 4044 4018 4008 3953
4 4044 4012 4008 3881
4 4044 4008 4018 3881
4 4168 3934 4045 3733
4 4045 4024 4043 3973
4 4072 4070 4003 3966
4 4072 4032 4001 3991
4 4072 3956 3991 3903
4 4046 3899 3996 3874
4 4046 3996 3992 3874
4 4087 4077 4058 3545
4 4083 3967 3961 3616
4 4064 3947 3933 3894
4 4128 1523 3570 1522
4 4128 1524 3570 1523
4 4128 1526 1525 1522
4 4128 1140 1500 1139
4 4128 4042 3933 3921
4 4128 1518 1516 1125
4 4128 1526 3570 1525
4 4047 4042 3979 3895
4 4048 3696 4037 3660
4 4058 3984 3745 624
4 4087 4048 4029 3992
4 4048 4029 4037 3943
4 4048 3545 4037 3531
4 4077 4058 626 624
4 4048 4037 3696 3600
4 4048 4037 3616 3531
4 4048 3616 4037 3600
4 4059 3903 3939 3859
4 4092 3906 3822 3817
4 4049 3954 3989 3870
4 4049 3989 4005 3870
4 4199 3780 3817 3736
4 4049 3931 3954 3870
4 4142 3794 4092 3706
4 4127 3969 4059 3954
4 4199 3969 3896 3771
4 4361 845 849 820
4 4141 4129 4104 4097
4 4093 3970 3545 3531
4 4066 3745 788 787
4 4265 1524 1499 904
4 4246 4212 4214 4194
4 4066 3924 4014 3838
4 4134 4053 4066 4014
4 4120 4052 4030 4021
4 4150 4140 4138 3879
4 4188 4168 4153 4045
4 4138 3879 3926 3877
4 4155 4102 4060 4006
4 4203 179 4165 178
4 4102 4090 4020 4011
4 4155 4102 4090 4075
4 4262 4233 4206 4181
4 4195 4180 4157 4078
4 4068 3764 3976 3757
4 4221 4143 4209 3978
4 4291 3735 3768 3712
4 4055 3995 4025 3986
4 4168 4153 4121 4110
4 4168 3785 3969 3771
4 4118 4108 4097 4081
4 4104 4097 4080 4027
4 4213 4191 4163 4141
4 4188 4045 3733 3467
4 4057 4052 4050 4038
4 4057 4038 4050 4026
4 4256 4251 4211 4188
4 4120 4052 4057 4030
4 4063 4026 4017 3964
4 4063 3964 4017 3923
4 4063 4052 4057 4038
4 4058 3932 4037 3545
4 4058 4037 4048 3545
4 4058 4048 4037 3943
4 4058 3943 4037 3932
4 4058 3759 3932 3545
4 4058 3981 3759 3545
4 4058 3938 3943 3932
4 4058 3981 3943 3938
4 4058 3938 3932 3759
4 4058 3981 3938 3759
4 4059 3931 3903 3859
4 4059 3931 3954 3903
4 4059 3864 3934 3859
4 4059 3939 3864 3859
4 4059 3939 3934 3864
4 4059 3989 3870 3859
4 4059 3989 3954 3870
4 4059 3870 3931 3859
4 4059 3954 3931 3870
4 4295 4288 4262 4245
4 4095 3840 4007 3574
4 4169 4152 4149 4039
4 4124 4039 4090 4020
4 4068 3978 4061 3887
4 4061 3978 4054 3887
4 4127 4059 3969 3934
4 4063 4038 4057 4026
4 4063 4057 4052 4030
4 4063 4026 4030 4017
4 4063 4057 4030 4026
4 4063 4030 4021 4017
4 4063 4021 4052 4017
4 4063 4030 4052 4021
4 4064 3917 3947 3894
4 4131 3894 3933 3865
4 4128 1519 3570 1129
4 4128 3467 1500 1141
4 4183 4116 4126 4055
4 4128 1525 1524 1522
4 4128 1500 1376 1373
4 4126 4085 4055 4025
4 4065 4035 4062 3983
4 4184 4004 4065 3983
4 4093 3970 3838 3545
4 4166 3616 4114 3531
4 4114 4112 4051 3985
4 4066 3930 4014 3919
4 4214 581 785 580
4 4066 3971 4014 3930
4 4125 182 4074 181
4 4169 4149 3725 3595
4 4259 4203 4212 4160
4 4112 3616 4093 3531
4 4259 180 4203 179
4 4203 180 4165 179
4 4262 4248 4233 4229
4 4165 4145 4125 183
4 4212 4194 4166 4114
4 4157 4115 4076 4013
4 4197 4117 4086 3699
4 4069 3959 4044 3941
4 4069 4044 3988 3941
4 4069 3999 4044 3959
4 4069 4044 3999 3988
4 4072 4034 4001 3973
4 4098 4072 4070 4040
4 4110 4089 3969 3785
4 4168 3771 3733 1381
4 4168 4153 4045 4043
4 4273 4254 4257 4231
4 4204 4179 4186 4123
4 4133 4052 4120 4021
4 4168 4110 4113 4104
4 4140 3926 4138 3922
4 4138 3926 4050 3877
4 4122 4069 3941 3897
4 4254 4217 4231 4191
4 4072 4043 4045 4032
4 4072 4043 4034 3973
4 4072 4045 4043 3973
4 4072 4003 4032 3991
4 4072 4043 4032 4003
4 4072 4001 4045 3973
4 4072 4032 4045 4001
4 4073 4062 4065 4035
4 4126 3986 4025 3968
4 4109 4051 4041 4009
4 4165 181 4144 180
4 4261 178 4259 177
4 4134 4014 4066 3971
4 4144 181 4125 180
4 4145 788 4066 184
4 4293 4274 1308 1307
4 4312 4277 4246 4212
4 4233 4206 4181 4173
4 4321 4312 4212 4160
4 4152 4090 4124 4039
4 4149 3574 4095 3535
4 4288 4262 4248 4206
4 4277 4261 4109 4051
4 4171 4149 4152 4095
4 4202 4157 4180 4082
4 4076 3994 4013 3982
4 4209 4187 4180 3990
4 4076 3994 3982 3928
4 4077 3958 3874 3861
4 4077 3961 3958 3861
4 4077 3961 3967 3958
4 4111 3616 4088 3600
4 4083 3961 4077 3488
4 4083 4046 3996 3967
4 4103 4082 4031 4016
4 4197 4054 3741 3727
4 4079 3884 3844 3744
4 4079 3884 3993 3844
4 4079 3744 3916 3644
4 4079 3916 3993 3644
4 4079 3993 3980 3644
4 4079 3980 3993 3942
4 4079 3844 3916 3744
4 4079 3993 3916 3844
4 4079 3942 3644 3634
4 4079 3644 3980 3634
4 4079 3980 3942 3634
4 4164 4121 4098 4070
4 4096 4050 4052 4038
4 4208 4177 4089 4056
4 4113 4104 4089 4080
4 4251 4208 4188 4168
4 4104 4027 4080 4024
4 4164 4141 4129 4104
4 4163 4141 4104 4097
4 4254 4242 4231 4217
4 4098 4056 4080 4040
4 4202 3955 4010 3904
4 4202 4082 3955 3937
4 4250 3978 3887 3835
4 4082 4016 3955 3937
4 4157 4146 4115 4013
4 4083 3996 4046 3899
4 4083 4046 3984 3929
4 4083 3984 4077 3929
4 4083 3958 3996 3874
4 4083 3967 3996 3958
4 4083 3996 3899 3874
4 4083 3899 4077 3874
4 4083 4077 3958 3874
4 4083 4077 3967 3958
4 4083 4046 3929 3899
4 4083 3929 4077 3899
4 4131 3921 3933 3895
4 4241 4183 4198 4116
4 4184 4085 4065 4004
4 4085 4004 4000 3983
4 4085 4065 4004 3983
4 4085 4035 4065 3983
4 4157 4146 4013 3982
4 4197 4117 4143 4086
4 4147 4046 4083 3967
4 4196 4088 4111 4087
4 4111 4088 3616 3531
4 4147 3660 4111 3648
4 4088 4048 3696 3600
4 4147 3996 4046 3967
4 4219 3944 4046 3925
4 4088 3616 4048 3600
4 4088 4048 3616 3531
4 4088 3545 4048 3531
4 4088 4058 4048 3545
4 4147 3696 3996 3600
4 4088 4048 4058 4029
4 4147 4046 3996 3696
4 4088 4087 4048 4029
4 4153 4045 4043 4032
4 4110 4089 4104 4080
4 4110 4104 4097 4080
4 4217 4213 4191 4163
4 4177 4080 4113 4056
4 4177 4113 4089 4056
4 4159 3840 4135 3800
4 4161 4122 4119 4015
4 4091 3999 4015 3988
4 4122 4069 3999 3988
4 4122 4069 4091 3999
4 4156 4044 4012 3595
4 4156 3713 3999 3680
4 4156 4023 3595 3587
4 4199 4127 4142 3969
4 4199 3817 4142 3794
4 4199 3771 3785 3733
4 4127 4049 4092 4005
4 4114 4112 4109 4051
4 4112 4093 4109 4051
4 4112 4093 3918 3838
4 4311 1500 1310 1280
4 4093 3842 3918 3838
4 4093 3970 3842 3838
4 4112 4093 4051 3985
4 4093 3890 3918 3842
4 4093 3970 3890 3842
4 4093 3919 3918 3890
4 4093 3970 3919 3890
4 4149 4020 4011 4006
4 4269 4220 4238 3574
4 4149 4020 4095 4011
4 4095 3909 4007 3840
4 4149 4011 4095 4006
4 4095 4006 4011 3909
4 4095 4011 4020 3901
4 4095 4020 4007 3901
4 4095 4007 3909 3901
4 4095 3909 4011 3901
4 4096 4071 4050 4038
4 4138 4057 4050 4026
4 4096 4038 3964 3957
4 4251 4208 4110 4089
4 4098 4080 4081 4040
4 4098 4089 4080 4056
4 4153 4118 4110 4104
4 4286 4273 4257 4231
4 4098 3966 4072 3956
4 4098 4070 4072 3966
4 4099 3576 3526 3489
4 4099 3526 4019 3489
4 4099 3576 3783 3530
4 4099 3507 3560 3477
4 4099 4019 3507 3477
4 4099 4019 3560 3507
4 4099 3920 4019 3526
4 4099 3819 3576 3530
4 4099 3920 3819 3530
4 4099 3576 3819 3526
4 4099 3819 3920 3526
4 4122 4091 4015 3988
4 4119 4091 4023 3998
4 4122 4069 3988 3941
4 4156 3898 3998 3680
4 4156 4012 4044 3999
4 4156 3697 3713 3637
4 4156 3637 3998 3587
4 4156 3999 3713 3697
4 4156 3713 3998 3637
4 4156 4119 3998 3898
4 4102 4075 4060 4039
4 4102 4090 4075 4039
4 4125 4002 4067 3971
4 4284 4210 4174 3846
4 4184 4064 4004 3983
4 4215 4193 4198 4116
4 4174 4106 3951 3936
4 4105 4062 4073 3995
4 4126 4085 4106 4055
4 4106 4055 4062 3995
4 4106 4062 4105 3995
4 4106 4065 4062 4055
4 4106 4085 4065 4055
4 4183 4126 4106 4055
4 4186 4154 4179 4120
4 4140 4138 3926 3886
4 4168 4059 4024 4001
4 4177 4113 4110 4089
4 4201 4163 4177 4113
4 4141 4040 4097 4034
4 4165 183 4125 182
4 4239 4220 4222 4169
4 4360 4352 4307 4281
4 4315 4168 4256 1578
4 4168 3969 4059 3934
4 4168 4110 4089 3969
4 4148 4052 4096 4050
4 4110 4097 4081 4080
4 4168 4059 4001 3903
4 4168 4001 3956 3903
4 4168 3956 3934 3903
4 4147 3616 4111 3600
4 4147 3996 3967 3600
4 4111 3545 4088 3531
4 4147 3967 3616 3600
4 4147 3616 4083 3531
4 4147 3967 4083 3616
4 4147 4111 3616 3531
4 4111 4058 4088 3545
4 4147 4083 3545 3531
4 4111 4087 4088 4029
4 4111 4088 4058 4029
4 4112 4093 3985 3919
4 4112 4093 3919 3918
4 4114 4112 3918 3838
4 4352 764 4346 763
4 4121 4118 4108 4097
4 4121 4110 4118 4097
4 4153 4118 4121 4110
4 4313 4270 4287 4249
4 4204 4192 4186 4179
4 4217 4178 4191 4164
4 4331 4315 1578 1368
4 4214 4109 4160 4053
4 4166 4114 3616 3600
4 4114 4112 3985 3919
4 4114 3919 3924 3918
4 4114 4112 3919 3918
4 4166 4112 3838 3545
4 4166 4114 4112 3545
4 4180 4132 4137 4068
4 4146 4078 4031 3997
4 4190 4010 4076 3994
4 4268 4223 4180 4157
4 4202 3990 3955 3904
4 4115 4076 4013 3982
4 4227 4184 4085 4065
4 4193 3979 4042 3974
4 4132 3978 4068 3887
4 4117 4061 4068 3978
4 4187 4143 4132 3978
4 4118 4072 4081 3991
4 4118 4108 4081 4072
4 4191 4164 4129 4118
4 4168 4003 4032 3934
4 4235 4200 4010 850
4 4192 4186 4179 4133
4 4121 4108 4098 4081
4 4168 4153 4110 4104
4 4121 4108 4110 4097
4 4156 4008 4012 3999
4 4156 4044 3595 3535
4 4122 3999 4091 3988
4 4156 3725 3999 3697
4 4156 3595 4012 3587
4 4156 3999 3725 3637
4 4156 4119 4101 4023
4 4119 4044 4015 3999
4 4119 4015 4091 3999
4 4326 4290 4301 4224
4 4340 4334 4320 610
4 4234 4162 4154 4107
4 4243 4231 4242 4230
4 4306 850 4235 610
4 4235 4200 4224 4010
4 4232 4170 4162 4050
4 4275 4237 4247 4225
4 4150 4138 4107 4071
4 4148 4140 4138 4123
4 4186 4123 4148 4063
4 4175 4155 4075 4060
4 4169 4149 3595 3535
4 4297 1497 1496 1492
4 4220 3840 4169 3574
4 4220 4171 4169 4152
4 4165 4125 4144 181
4 4165 785 4145 184
4 4210 4174 4126 4065
4 4284 3785 3771 3770
4 4227 4085 4184 4004
4 4226 4185 4105 4000
4 4126 4035 4085 3983
4 4126 4085 4000 3983
4 4126 4085 4004 4000
4 4126 4004 4116 4000
4 4126 4085 4116 4004
4 4215 3979 4193 3974
4 4127 4059 4049 3954
4 4127 4005 4092 3822
4 4127 3969 3954 3931
4 4127 3954 4049 3931
4 4127 3969 3931 3822
4 4127 3870 4005 3822
4 4127 4049 4005 3870
4 4127 3906 3969 3822
4 4127 4092 3906 3822
4 4127 4092 3969 3906
4 4127 3931 3870 3822
4 4127 3931 4049 3870
4 4128 3846 4036 1370
4 4128 4036 3946 1370
4 4128 3946 4036 3653
4 4128 3933 3895 3846
4 4128 1521 1520 1516
4 4128 3570 1521 1516
4 4128 1521 3570 1520
4 4128 4036 3837 3653
4 4128 3837 4047 3653
4 4128 3910 4036 3846
4 4128 4047 3979 3895
4 4128 4036 3960 3837
4 4128 3856 3910 3846
4 4128 3895 3974 3846
4 4128 3979 3974 3895
4 4128 3979 4047 3837
4 4128 3974 3856 3846
4 4128 3960 3974 3837
4 4128 3974 3979 3837
4 4128 3960 4036 3910
4 4128 3960 3910 3856
4 4128 3974 3960 3856
4 4310 4283 4273 4254
4 4141 4129 4097 4040
4 4186 4148 4123 4107
4 4164 4113 4141 4104
4 4243 4178 4230 4164
4 4284 4278 4000 3917
4 4258 4210 4128 4047
4 4131 3917 4064 3894
4 4198 4131 4151 3865
4 4258 3850 4215 3846
4 4221 3976 3841 3797
4 4180 4013 4076 3994
4 4330 4316 817 812
4 4162 4150 4107 4071
4 4326 818 4316 817
4 4253 4216 4229 4167
4 4162 4138 4071 4050
4 4162 4138 4150 4071
4 4140 3922 4138 3879
4 4134 4041 4053 4002
4 4134 4109 4053 4041
4 4134 4051 4002 3985
4 4166 4112 4114 3838
4 4134 4051 4009 4002
4 4134 4051 4109 4009
4 4134 4009 4041 4002
4 4134 4109 4041 4009
4 4135 3830 3853 3807
4 4135 4101 3853 3830
4 4135 3898 3830 3800
4 4135 3898 3998 3830
4 4136 3865 3933 3850
4 4136 3850 3933 3846
4 4193 4136 4042 3921
4 4193 4042 4128 3921
4 4180 4013 3990 3904
4 4186 4140 4148 4107
4 4138 4123 4107 4071
4 4228 4192 4200 4133
4 4138 4057 4052 4050
4 4232 4170 4179 4162
4 4140 4138 4123 4107
4 4265 1527 3840 1522
4 4265 3840 4075 1500
4 4155 4139 4152 4090
4 4181 4175 4139 4124
4 4200 4179 4170 4133
4 4148 4123 4096 4063
4 4178 4153 4164 4121
4 4205 4178 4188 4177
4 4191 4118 4129 4081
4 4178 4121 4164 4070
4 4188 4168 3467 1578
4 4168 1381 3733 1377
4 4199 4127 3969 3771
4 4199 3896 3785 3771
4 4142 3969 3906 3889
4 4142 3969 4092 3906
4 4143 4061 4117 3978
4 4143 4086 4117 4061
4 4143 4117 4068 3978
4 4143 4068 4132 3978
4 4197 4182 4143 4103
4 4143 4117 4137 4068
4 4187 4180 3990 3904
4 4145 4125 183 182
4 4203 182 4165 181
4 4165 184 4145 183
4 4222 4220 4171 4169
4 4165 4145 4144 4125
4 4180 4132 4068 3904
4 4146 4031 4016 3997
4 4190 4115 4076 4010
4 4157 4146 4078 4031
4 4180 4068 4137 3891
4 4147 3545 4111 3531
4 4147 4083 4077 3545
4 4196 4087 4147 3984
4 4196 4088 4087 4048
4 4147 4087 4077 3984
4 4147 4077 4087 3545
4 4147 4087 4058 3545
4 4147 4058 4111 3545
4 4147 4058 4087 4029
4 4147 4087 4111 4029
4 4147 4111 4058 4029
4 4192 4148 4186 4133
4 4148 4140 4123 4107
4 4164 4121 4108 4098
4 4217 4191 4178 4163
4 4186 4179 4133 4120
4 4277 4261 4160 4109
4 4247 4237 4228 4225
4 4186 4179 4154 4123
4 4148 4096 4071 4050
4 4148 4096 4123 4071
4 4148 4123 4138 4071
4 4148 4071 4138 4050
4 4148 4138 4052 4050
4 4149 4006 3909 3840
4 4149 3909 4095 3840
4 4149 4006 4095 3909
4 4191 4164 4141 4129
4 4279 4264 4252 4237
4 4228 4133 4200 4120
4 4359 1580 4357 1579
4 4217 4164 4191 4118
4 4230 4213 4217 4201
4 4186 4123 4154 4107
4 4151 4131 4136 3865
4 4198 4184 4151 4131
4 4215 4128 4193 4047
4 4151 3865 4136 3850
4 4151 3850 4136 3846
4 4193 4136 4151 4042
4 4265 3840 1524 1523
4 4152 4139 4124 4090
4 4311 4239 4293 4222
4 4297 4288 4296 914
4 4220 4169 3595 3535
4 4220 3595 3637 3587
4 4218 4206 4181 4175
4 4238 3574 4220 3535
4 4243 4205 4230 4178
4 4153 4129 4118 4104
4 4336 4323 4302 4300
4 4225 4186 4192 4148
4 4217 4164 4118 4108
4 4170 4150 4162 4138
4 4225 4204 4192 4186
4 4260 4243 4244 4242
4 4170 4138 4162 4050
4 4186 4133 4148 4120
4 4181 4139 4173 4124
4 4289 4253 4285 4245
4 4156 4018 3999 3587
4 4156 4018 4008 3999
4 4156 3574 4044 3535
4 4156 4044 4119 3999
4 4156 4023 3574 3535
4 4156 4023 4101 3574
4 4161 4119 4122 4023
4 4161 4135 4159 4101
4 4180 4157 4076 4013
4 4180 3904 4068 3891
4 4157 4031 4082 4016
4 4157 4146 4031 4016
4 4267 4207 3712 3701
4 4158 4025 4055 3995
4 4284 4174 3951 3936
4 4158 4025 3995 3986
4 4158 3995 4130 3986
4 4158 4130 4025 3986
4 4161 4156 4119 4101
4 4159 4101 4023 3574
4 4159 4023 4135 3574
4 4159 4101 4135 4023
4 4161 4159 4135 4015
4 4159 4156 4101 3574
4 4172 4166 3545 3531
4 4311 4274 4265 1500
4 4212 4203 4165 4160
4 4160 4067 4053 4041
4 4160 4053 4109 4041
4 4277 4261 4246 4212
4 4161 4119 4044 4015
4 4161 4119 4156 4044
4 4161 4159 4156 4101
4 4161 4015 4044 3988
4 4161 4159 4015 3988
4 4161 3988 4044 3574
4 4161 4044 4156 3574
4 4161 4156 4159 3574
4 4161 4159 3988 3574
4 4292 4280 4279 4275
4 4224 4200 4120 4057
4 4179 4154 4162 4120
4 4232 4200 4192 4179
4 4179 4162 4170 4133
4 4257 4242 4244 4231
4 4214 3545 4066 785
4 4259 181 4203 180
4 4166 3918 3924 3838
4 4166 4114 3918 3838
4 4166 4114 3924 3918
4 4166 4014 4066 3924
4 4194 4114 4160 4109
4 4166 4014 3924 3919
4 4166 3924 4114 3919
4 4212 4160 4114 4112
4 4364 4318 4259 785
4 4172 3616 4166 3531
4 4312 181 4277 180
4 4166 4114 3985 3919
4 4233 4229 4216 4173
4 4259 4109 4051 4041
4 4311 4285 1500 1280
4 4285 1491 4255 1490
4 4265 3472 1527 904
4 4220 3574 4169 3535
4 4168 3956 3966 3934
4 4168 4001 3966 3956
4 4168 4056 4027 4024
4 4168 4027 4070 4024
4 4168 4056 4070 4027
4 4168 4089 4098 4056
4 4168 4098 4070 4056
4 4168 4098 4089 4080
4 4168 4089 4110 4080
4 4168 4081 4098 4080
4 4168 4110 4081 4080
4 4168 4110 4098 4081
4 4246 4212 4166 4114
4 4169 4039 4149 4020
4 4269 3574 4238 3535
4 4169 4006 4149 3840
4 4169 4060 4020 4006
4 4169 4020 4149 4006
4 4176 4138 4140 3886
4 4256 4251 4188 4168
4 4200 4192 4179 4133
4 4176 4150 4170 4140
4 4285 4255 4253 1490
4 4277 181 4261 180
4 4181 4175 4155 4139
4 4171 4167 4152 4124
4 4194 4166 4172 3616
4 4194 4114 4109 4051
4 4194 4114 4051 3985
4 4214 3545 785 582
4 4172 3930 4066 3919
4 4214 4066 4172 3930
4 4214 4166 3838 3545
4 4214 4194 4066 3930
4 4214 4172 4194 3930
4 4214 4194 4160 4109
4 4297 910 914 906
4 4346 4329 4281 4263
4 4296 4272 4285 1500
4 4297 1494 4289 1493
4 4285 4274 4255 4239
4 4297 911 910 906
4 4284 4185 4174 4105
4 4174 4105 4106 4062
4 4291 4267 4240 4226
4 4174 4106 4065 4062
4 4210 4105 4174 4062
4 4174 4055 4025 3951
4 4174 4106 4055 3951
4 4174 4106 4085 4065
4 4174 4085 4126 4065
4 4174 4106 4126 4085
4 4296 906 4272 904
4 4175 4155 4139 4124
4 4186 4148 4176 4120
4 4334 850 4320 610
4 4186 4154 4150 4107
4 4217 4201 4213 4163
4 4224 4170 4162 4120
4 4294 4247 4235 4228
4 4176 4148 4140 4138
4 4188 3467 3733 1578
4 4200 3955 4010 850
4 4188 4168 4045 3467
4 4208 4177 4168 4110
4 4251 4208 4249 4201
4 4188 4168 4177 4113
4 4217 4178 4205 4163
4 4205 4178 4177 4163
4 4323 4304 4300 4280
4 4250 4180 4190 4115
4 4180 4157 4115 4076
4 4180 4078 4082 4031
4 4180 4082 4157 4031
4 4180 4157 4078 4031
4 4295 4245 4262 4233
4 4181 4173 4167 4124
4 4181 4167 4175 4124
4 4311 4293 4274 1308
4 4233 4173 4181 4139
4 4206 4181 4175 4155
4 4250 4103 4082 4078
4 4271 4137 4086 4061
4 4268 4223 4250 4180
4 4182 4137 4132 4068
4 4182 4132 4143 4068
4 4182 4143 4137 4068
4 4258 4241 4189 4183
4 4241 4198 4227 4151
4 4184 4064 4131 3917
4 4215 4198 4183 4116
4 4210 4073 4105 4062
4 4183 4116 4004 4000
4 4193 4047 4042 3979
4 4215 4047 4193 3979
4 4241 4198 4126 4116
4 4226 4185 4207 4158
4 4241 4126 4227 4116
4 4189 4183 4174 4106
4 4185 4105 4158 3995
4 4185 4106 4105 3995
4 4185 4106 4174 4105
4 4186 4176 4148 4140
4 4232 4192 4204 4179
4 4186 4154 4176 4150
4 4186 4150 4140 4107
4 4186 4150 4176 4140
4 4187 4143 4182 4132
4 4271 4187 4137 4132
4 4271 4187 4182 4137
4 4250 4082 4180 4078
4 4187 4182 4137 4132
4 4252 4232 4234 4162
4 4205 4188 4178 4153
4 4188 4177 4178 4113
4 4188 4153 4168 4104
4 4188 4168 4113 4104
4 4188 4164 4178 4153
4 4188 4113 4164 4104
4 4188 4141 4164 4113
4 4188 4178 4141 4113
4 4188 4178 4164 4141
4 4188 4129 4153 4104
4 4188 4164 4129 4104
4 4188 4164 4153 4129
4 4241 4189 4183 4004
4 4227 4116 4085 4004
4 4189 4183 4004 4000
4 4210 4174 4065 4062
4 4210 4065 4073 4062
4 4189 4126 4183 4116
4 4202 3937 3955 3928
4 4202 4010 4190 3994
4 4190 4157 4146 4115
4 4202 4016 4082 3937
4 4202 4190 4180 4157
4 4190 4076 3982 3928
4 4190 4076 4115 3982
4 4190 3982 4013 3937
4 4190 4115 4013 3982
4 4190 4013 3997 3937
4 4202 4010 3994 3990
4 4190 4013 4146 3997
4 4190 4115 4146 4013
4 4191 4164 4178 4141
4 4191 4163 4141 4113
4 4191 4141 4178 4113
4 4191 4177 4163 4113
4 4191 4178 4177 4113
4 4191 4177 4178 4163
4 4237 4204 4225 4186
4 4247 4225 4228 4192
4 4224 4200 4057 4010
4 4283 4243 4282 4242
4 4235 4010 4224 610
4 4283 4282 4254 4242
4 4230 4178 4217 4164
4 4193 4151 4136 3846
4 4193 4128 3933 3921
4 4193 3933 4136 3921
4 4193 3933 4128 3846
4 4193 4136 3933 3846
4 4194 4166 4114 3985
4 4214 4134 4066 3971
4 4194 4166 3985 3919
4 4194 4172 4166 3919
4 4194 3985 3930 3919
4 4194 3930 4172 3919
4 4194 3985 4002 3971
4 4194 4002 4134 3971
4 4194 4134 4002 3985
4 4214 4134 4109 4053
4 4214 4066 4134 4053
4 4194 3985 3971 3930
4 4194 3971 4066 3930
4 4214 4172 4166 3545
4 4209 4143 4187 3978
4 4221 4082 3797 3769
4 4250 3841 3978 3835
4 4209 4180 3994 3990
4 4250 4190 3978 3841
4 4219 4196 3944 3867
4 4219 4196 3992 3944
4 4221 3797 3978 3769
4 4221 4209 4182 3978
4 4221 3978 4082 3769
4 4221 4182 4209 4143
4 4241 4210 4000 3917
4 4258 4128 4215 4047
4 4215 4193 4128 3846
4 4258 4198 4215 3850
4 4258 3917 4131 3894
4 4198 3894 4131 3865
4 4199 3785 3873 3733
4 4199 3896 3873 3785
4 4199 3896 3885 3873
4 4199 3896 3969 3889
4 4199 3969 4142 3889
4 4199 3885 3889 3817
4 4199 3889 4142 3817
4 4199 3896 3889 3885
4 4326 4176 4170 4140
4 4200 4133 4162 4120
4 4200 4162 4170 4120
4 4200 4170 4162 4133
4 4256 4168 4188 1578
4 4363 4362 4344 4339
4 4232 4224 4228 4200
4 4202 3990 3994 3955
4 4202 3955 3994 3928
4 4202 3982 3937 3928
4 4202 4190 3982 3928
4 4202 3982 4190 3937
4 4202 3997 4016 3937
4 4202 4190 3997 3937
4 4202 4157 4082 4016
4 4202 3994 4076 3928
4 4202 4076 4190 3928
4 4202 4190 4076 3994
4 4202 4146 4016 3997
4 4202 4190 4146 3997
4 4202 4146 4157 4016
4 4202 4190 4157 4146
4 4277 179 4261 178
4 4203 184 4165 183
4 4203 785 4165 184
4 4259 4246 4212 4203
4 4293 4269 4274 1307
4 4259 182 4203 181
4 4230 4205 4217 4178
4 4276 4256 4244 4211
4 4323 4304 4280 4279
4 4279 4264 4237 4204
4 4234 4204 4232 4192
4 4315 4299 4276 4256
4 4252 4247 4237 4235
4 4251 4208 4168 4110
4 4287 4249 4208 4177
4 4257 4231 4249 4213
4 4259 4041 4051 4009
4 4289 1491 4285 1490
4 4261 4259 4051 3985
4 4277 4261 4212 4160
4 4265 1522 1523 904
4 4284 4174 3771 3733
4 4207 4130 4158 3701
4 4207 4055 4158 4025
4 4284 3828 3936 3771
4 4284 4174 3828 3771
4 4207 4025 4130 3968
4 4207 4158 4130 4025
4 4291 4226 4240 3804
4 4291 4267 3712 3701
4 4284 4174 4210 4105
4 4208 4205 4177 4163
4 4208 4177 4188 4168
4 4208 4205 4188 4177
4 4270 4257 4249 4201
4 4209 4182 4187 4143
4 4268 4117 4223 4086
4 4271 4180 4187 4132
4 4271 4268 4209 4180
4 4250 4182 4209 3978
4 4250 4190 4202 3978
4 4250 4202 4180 4082
4 4250 4182 4202 4082
4 4250 4202 4182 3978
4 4250 4180 4195 4078
4 4210 4073 4065 4035
4 4210 4000 4035 3983
4 4210 4035 4126 3983
4 4210 4126 4000 3983
4 4210 4126 4116 4000
4 4210 4126 4189 4116
4 4210 4065 4085 4035
4 4210 4085 4126 4035
4 4210 4126 4085 4065
4 4210 4116 4183 4000
4 4210 4183 4189 4000
4 4210 4189 4183 4116
4 4286 4273 4270 4257
4 4242 4230 4231 4217
4 4213 4191 4141 4129
4 4244 4211 4243 4205
4 4231 4191 4213 4129
4 4212 4160 4067 4053
4 4318 579 785 578
4 4246 4212 4203 4165
4 4212 4160 4165 4067
4 4212 4165 4144 4067
4 4263 4246 4259 4203
4 4246 4214 4212 4053
4 4249 4201 4177 4113
4 4257 4213 4201 4163
4 4283 4243 4242 4230
4 4243 4211 4230 4205
4 4214 4066 4194 3971
4 4214 4194 4134 3971
4 4214 3924 4066 3838
4 4214 4166 3924 3838
4 4214 4166 4066 3924
4 4214 4066 4166 4014
4 4214 4109 4134 4051
4 4214 4194 4109 4051
4 4214 4014 4166 3919
4 4214 4166 4172 3919
4 4214 4066 4014 3919
4 4214 4172 4066 3919
4 4214 4051 4134 3985
4 4214 4134 4194 3985
4 4214 4194 4051 3985
4 4258 4215 4198 4183
4 4258 4215 4128 3846
4 4215 4151 4193 3846
4 4215 4198 4193 4151
4 4215 3850 4151 3846
4 4258 4210 4241 3917
4 4215 3865 4151 3850
4 4215 4198 3865 3850
4 4215 4198 4151 3865
4 4255 4222 4239 4216
4 4297 1493 4295 911
4 4311 4265 4274 4239
4 4266 4238 4220 3637
4 4297 1306 1492 906
4 4262 4245 4255 4229
4 4217 4205 4208 4163
4 4217 4208 4201 4163
4 4248 4206 4218 4175
4 4265 1523 1524 904
4 4218 4181 4206 4173
4 4262 4233 4248 4206
4 4239 4216 4222 4167
4 4285 4274 1308 1280
4 4219 3992 3958 3944
4 4219 3958 4046 3944
4 4219 3992 4046 3958
4 4236 4219 4046 3925
4 4219 3992 4196 3929
4 4236 4083 4046 3984
4 4220 4152 4169 4039
4 4220 4060 4075 4039
4 4311 4155 4269 4075
4 4220 4006 4169 3840
4 4220 4060 4169 4006
4 4220 4060 4039 4020
4 4220 4039 4169 4020
4 4220 4169 4060 4020
4 4221 3976 3797 3741
4 4221 4054 3976 3741
4 4221 3976 3887 3841
4 4221 4054 3978 3887
4 4221 3976 4054 3887
4 4221 4054 4061 3978
4 4221 4061 4197 3978
4 4221 4197 4061 4054
4 4329 4321 4263 4246
4 4222 4216 4171 4167
4 4297 1280 1306 906
4 4312 4277 4212 4160
4 4222 4171 4175 4167
4 4311 1500 1314 1309
4 4311 4274 4293 4239
4 4222 4175 4181 4167
4 4265 4218 4175 4075
4 4271 4137 4180 4132
4 4271 4061 4086 4054
4 4223 4143 4182 4103
4 4268 4250 4209 4180
4 4250 4103 4182 4082
4 4271 4209 4187 4180
4 4224 4138 4057 4052
4 4224 4176 4148 4120
4 4224 4162 4154 4120
4 4224 4162 4170 4150
4 4224 4170 4176 4150
4 4224 4148 4138 4052
4 4224 4148 4176 4138
4 4224 4057 4120 4052
4 4224 4120 4148 4052
4 4224 4154 4186 4120
4 4224 4186 4176 4120
4 4224 4176 4186 4154
4 4224 4154 4162 4150
4 4224 4176 4154 4150
4 4234 4232 4179 4162
4 4235 4228 4224 4200
4 4347 4341 4343 4335
4 4232 4224 4200 4170
4 4232 4228 4225 4192
4 4317 4303 4310 4283
4 4232 4200 4179 4170
4 4309 4300 4306 4294
4 4226 4185 4158 3995
4 4240 4226 4000 3917
4 4284 3771 3846 3733
4 4278 4240 4000 3917
4 4240 4174 4226 4106
4 4226 4106 4185 3995
4 4226 4174 4185 4106
4 4241 4183 4116 4004
4 4227 4184 4131 3917
4 4258 4241 4210 4189
4 4227 4184 4198 4131
4 4258 4128 4210 3846
4 4227 4184 4064 4004
4 4241 4227 4131 3917
4 4227 4064 4184 3917
4 4258 4198 4241 4183
4 4241 4116 4227 4004
4 4241 4210 4189 4004
4 4317 4303 4283 4282
4 4282 4243 4260 4242
4 4234 4232 4225 4192
4 4252 4235 4237 4228
4 4234 4225 4204 4192
4 4317 4314 4310 4305
4 4292 4279 4264 4252
4 4264 4234 4225 4204
4 4288 4272 4262 4245
4 4233 4216 4218 4173
4 4285 1498 4274 1497
4 4288 4262 4272 4248
4 4262 4255 4248 4229
4 4230 4164 4217 4108
4 4273 4270 4257 4254
4 4282 4260 4276 4254
4 4313 4299 4287 4270
4 4340 812 4330 637
4 4233 4218 4206 4173
4 4233 4218 4216 4206
4 4295 4289 4245 1493
4 4285 4272 4262 4248
4 4255 4216 4253 1490
4 4280 4279 4237 4204
4 4294 4247 4275 4235
4 4234 4232 4228 4225
4 4314 4310 4298 4286
4 4315 4168 1578 1368
4 4326 4224 4301 4170
4 4252 4234 4232 4228
4 4340 4320 4330 4316
4 4361 4351 839 823
4 4305 4276 4303 4244
4 4309 4300 4294 4275
4 4279 4264 4204 4179
4 4323 4319 4316 4308
4 4275 4225 4247 4192
4 4236 3984 4046 3929
4 4236 4077 4083 3984
4 4236 4147 4077 3984
4 4236 4147 4083 4077
4 4236 4196 4147 3984
4 4236 4196 4219 4147
4 4236 4046 3992 3929
4 4236 3992 4219 3929
4 4236 4046 4219 3992
4 4236 4196 3984 3929
4 4236 4219 4196 3929
4 4279 4247 4252 4235
4 4347 4335 4343 4333
4 4304 4292 4280 4279
4 4302 4237 4275 4225
4 4308 4290 4292 4252
4 4292 4252 4264 4234
4 4238 4155 4152 4075
4 4238 4152 4090 4075
4 4238 4075 4090 4039
4 4238 4220 4075 4039
4 4238 4090 4152 4039
4 4238 4152 4220 4039
4 4239 4173 4216 4167
4 4239 4218 4216 4173
4 4239 4222 4181 4167
4 4239 4218 4181 4175
4 4239 4181 4222 4175
4 4259 4009 4051 3985
4 4261 4259 4109 4051
4 4239 4181 4173 4167
4 4239 4181 4218 4173
4 4278 4174 4240 4106
4 4278 4226 4240 4174
4 4240 4226 4207 4158
4 4284 3917 4210 3846
4 4278 4240 4207 4158
4 4284 4000 4210 3917
4 4240 4106 4226 3995
4 4240 4226 4158 3995
4 4291 3951 4267 3682
4 4241 4227 4198 4131
4 4241 4000 4004 3947
4 4241 4210 4004 4000
4 4241 4004 4064 3947
4 4241 4227 4064 4004
4 4241 4000 3947 3917
4 4258 3917 3894 3846
4 4258 3894 3850 3846
4 4258 4210 3917 3846
4 4241 3947 4064 3917
4 4241 4064 4227 3917
4 4287 4249 4251 4208
4 4249 4201 4208 4177
4 4300 4280 4275 4237
4 4314 4310 4286 4273
4 4260 4205 4243 4178
4 4260 4244 4243 4205
4 4328 4299 1368 1367
4 4243 4213 4230 4211
4 4249 4231 4243 4213
4 4243 4231 4230 4213
4 4320 4306 850 849
4 4282 4260 4254 4242
4 4306 4235 4224 610
4 4315 4251 4168 1368
4 4244 4242 4243 4231
4 4251 4110 4168 1368
4 4246 4212 4165 4144
4 4246 4074 4145 4053
4 4263 4261 4259 4246
4 4246 4067 4074 4053
4 4246 4212 4067 4053
4 4246 4144 4125 4067
4 4246 4212 4144 4067
4 4246 4125 4074 4067
4 4279 4252 4247 4237
4 4304 4294 4300 4280
4 4304 4292 4301 4280
4 4301 4280 4292 4275
4 4327 4302 4309 4275
4 4264 4225 4237 4204
4 4280 4279 4275 4237
4 4252 4235 4228 4224
4 4301 4292 4290 4275
4 4326 4176 4224 4170
4 4252 4228 4232 4224
4 4279 4247 4275 4237
4 4290 4252 4232 4224
4 4265 4218 4248 4206
4 4274 4269 4238 1306
4 4297 4295 4296 4288
4 4285 4239 4255 4222
4 4289 1497 4285 1496
4 4255 4229 4253 4216
4 4248 4233 4229 4206
4 4285 4255 4274 4248
4 4262 4233 4245 4229
4 4271 4137 4117 4086
4 4250 4223 4195 4180
4 4250 4223 4182 4103
4 4271 4117 4268 4086
4 4250 4195 4223 4103
4 4251 4208 4205 4188
4 4251 4205 4211 4188
4 4251 4249 4213 4201
4 4309 4302 4300 4275
4 4251 4217 4208 4201
4 4251 4208 4217 4205
4 4251 4230 4211 4205
4 4251 4213 4230 4201
4 4251 4230 4213 4211
4 4251 4230 4217 4201
4 4251 4217 4230 4205
4 4261 4259 4160 4109
4 4285 1308 4274 1307
4 4297 914 913 906
4 4297 4295 4288 4262
4 4297 1494 1493 911
4 4310 4303 4305 4298
4 4314 4310 4273 4254
4 4283 4282 4273 4254
4 4311 3840 4220 3574
4 4265 4248 4255 4206
4 4255 4248 4229 4206
4 4296 4288 4272 4248
4 4255 4245 4253 4229
4 4274 4238 4266 1306
4 4285 4253 4255 4248
4 4297 1498 1497 1306
4 4346 4329 4263 4246
4 4311 4265 4075 1500
4 4297 1492 911 906
4 4256 4243 4244 4211
4 4256 4251 4213 4211
4 4256 4251 4249 4213
4 4256 4213 4243 4211
4 4256 4249 4243 4213
4 4256 4244 4243 4231
4 4256 4243 4249 4231
4 4287 4257 4270 4254
4 4257 4244 4256 4231
4 4257 4256 4249 4231
4 4337 4176 4326 4140
4 4328 4322 4315 4305
4 4355 4347 4354 4343
4 4310 4303 4286 4283
4 4258 4241 4131 3917
4 4258 4131 4198 3894
4 4258 4241 4198 4131
4 4258 3894 3865 3850
4 4258 3865 4198 3850
4 4258 3894 4198 3865
4 4261 4259 4246 4212
4 4259 184 4203 183
4 4259 785 4203 184
4 4261 181 4259 180
4 4312 4277 4263 4246
4 4321 4312 4281 4263
4 4312 768 4277 767
4 4298 4286 4270 4257
4 4325 4298 4313 4270
4 4287 4260 4276 4244
4 4347 4335 4333 4317
4 4299 4256 4287 4244
4 4364 4259 4261 785
4 4261 182 4259 181
4 4261 183 4259 182
4 4312 180 4277 179
4 4277 178 4261 177
4 4261 184 4259 183
4 4261 785 4259 184
4 4277 769 4261 768
4 4277 4261 769 177
4 4321 180 4312 179
4 4263 4246 4203 4165
4 4285 4253 4262 4245
4 4262 4253 4255 4245
4 4262 4255 4253 4248
4 4272 4265 1499 904
4 4285 4262 4253 4248
4 4272 1499 1500 904
4 4318 4203 4259 785
4 4263 4246 4145 4053
4 4281 4263 4259 4203
4 4263 4246 4165 4144
4 4318 4307 4277 4261
4 4263 4246 4144 4125
4 4263 4125 4145 4074
4 4263 4145 4246 4074
4 4263 4246 4125 4074
4 4264 4234 4228 4225
4 4264 4234 4252 4228
4 4264 4228 4237 4225
4 4264 4252 4237 4228
4 4265 4216 4218 4206
4 4311 4274 4285 1280
4 4311 1308 4274 1280
4 4274 4255 4265 4248
4 4274 4255 4239 4216
4 4311 1311 1500 1309
4 4321 4312 4246 4212
4 4266 4171 4152 4124
4 4269 4155 4238 4075
4 4266 4152 4139 4124
4 4311 4293 4269 4155
4 4266 4152 4155 4139
4 4311 4075 4220 4060
4 4291 3770 3771 3768
4 4278 4240 4267 4207
4 4291 4240 4278 3776
4 4267 3951 4130 3682
4 4267 4130 3701 3682
4 4267 4130 4207 3701
4 4291 3712 3951 3682
4 4267 4025 4207 3968
4 4284 4105 4210 4073
4 4267 4055 4207 4025
4 4267 3968 4130 3951
4 4267 4207 4130 3968
4 4284 4278 3917 3850
4 4271 4086 4268 4054
4 4268 4143 4223 4117
4 4268 4182 4223 4143
4 4268 4209 4250 4182
4 4268 4250 4223 4182
4 4293 3574 4269 3535
4 4269 4238 4155 4152
4 4269 4155 4266 4152
4 4269 4266 4238 4152
4 4311 4265 4239 4218
4 4311 4265 4175 4075
4 4311 4265 4218 4175
4 4293 4239 4266 4222
4 4311 4075 3840 1500
4 4269 4266 4155 4139
4 4271 4182 4143 4137
4 4271 4182 4268 4143
4 4271 4187 4209 4182
4 4271 4209 4268 4182
4 4271 4137 4143 4117
4 4271 4143 4268 4117
4 4289 1496 4285 1492
4 4289 1492 4285 1491
4 4285 4274 1498 1306
4 4285 1307 4274 1306
4 4324 4314 4298 4286
4 4362 4354 4339 4324
4 4282 4276 4273 4270
4 4276 4260 4270 4254
4 4282 4276 4270 4254
4 4282 4270 4273 4254
4 4274 4272 4265 1500
4 4274 4265 4272 4248
4 4274 4239 4218 4216
4 4274 4218 4265 4216
4 4274 4239 4265 4218
4 4274 4229 4255 4216
4 4274 4216 4265 4206
4 4274 4255 4229 4206
4 4274 4265 4255 4206
4 4274 4229 4233 4206
4 4274 4233 4216 4206
4 4274 4233 4229 4216
4 4321 4312 4263 4246
4 4352 4346 4307 4281
4 4277 182 4261 181
4 4277 183 4261 182
4 4307 4281 4277 4261
4 4312 4277 4281 4263
4 4277 184 4261 183
4 4277 785 4261 184
4 4329 4321 4307 4281
4 4321 4312 4307 4281
4 4307 4281 4214 4172
4 4284 4035 4210 4000
4 4278 4240 4226 4000
4 4291 3701 3712 3682
4 4284 4105 4073 4000
4 4278 4106 4240 3995
4 4278 4240 4158 3995
4 4284 4073 4210 4035
4 4284 4226 4185 4105
4 4301 4294 4275 4235
4 4337 4290 4326 4224
4 4301 4294 4280 4275
4 4325 4324 4314 4298
4 4300 4280 4294 4275
4 4337 4326 4290 4235
4 4290 4279 4252 4235
4 4292 4290 4279 4252
4 4312 4307 4281 4277
4 4281 4263 4261 4259
4 4281 4263 4277 4261
4 4318 4277 4312 4261
4 4281 4263 4203 4165
4 4281 4263 4165 4144
4 4281 4145 4263 4125
4 4281 4263 4144 4125
4 4286 4231 4257 4213
4 4328 4299 1366 1365
4 4310 4283 4286 4273
4 4331 4328 4315 4299
4 4349 4341 4347 4335
4 4315 4251 4256 4168
4 4299 4287 4251 4208
4 4299 4251 1367 1366
4 4299 4251 1368 1367
4 4287 4257 4256 4249
4 4325 4317 4322 4305
4 4322 4315 4305 4276
4 4284 4185 4226 4174
4 4284 4226 4278 4174
4 4284 4174 4055 4025
4 4291 4267 3701 3682
4 4284 4174 4106 4055
4 4284 4174 4278 4106
4 4284 4207 4267 4055
4 4284 4278 4267 4207
4 4284 4073 4035 4000
4 4284 4226 4105 4000
4 4284 4278 4226 4000
4 4284 4055 4106 3995
4 4284 4106 4278 3995
4 4284 4158 4207 4055
4 4284 4278 4207 4158
4 4284 4158 4055 3995
4 4284 4278 4158 3995
4 4285 4272 4274 1500
4 4299 4287 4276 4244
4 4287 4270 4257 4249
4 4339 4333 4335 4331
4 4287 4256 4257 4244
4 4309 4275 4294 4247
4 4333 4331 4332 4324
4 4332 1550 4328 1365
4 4287 4244 4257 4242
4 4287 4257 4254 4242
4 4287 4254 4260 4242
4 4287 4260 4244 4242
4 4289 4253 4245 4229
4 4297 914 4296 913
4 4297 4289 4295 1493
4 4295 4285 4272 4245
4 4295 4272 4288 4245
4 4289 1500 4285 1280
4 4289 4285 1308 1280
4 4297 913 4296 906
4 4289 1307 4285 1306
4 4297 1500 1280 906
4 4296 4288 4289 4272
4 4295 4289 4285 4245
4 4289 1308 4285 1307
4 4301 4290 4232 4224
4 4340 4316 4330 812
4 4290 4235 4252 4224
4 4301 4275 4290 4235
4 4291 4284 3936 3771
4 4291 4284 3951 3936
4 4291 3776 3770 3768
4 4291 3776 4278 3770
4 4291 4278 4284 3770
4 4291 4284 4278 4267
4 4291 4025 3968 3951
4 4291 3968 4267 3951
4 4291 4025 4267 3968
4 4291 4174 4025 3951
4 4291 4284 4174 3951
4 4291 4174 4284 4025
4 4291 4055 4267 4025
4 4291 4284 4055 4025
4 4291 4284 4267 4055
4 4301 4224 4232 4170
4 4340 4306 4224 610
4 4292 4279 4290 4235
4 4292 4290 4275 4235
4 4292 4275 4247 4235
4 4292 4247 4279 4235
4 4292 4275 4279 4247
4 4311 4075 4060 3840
4 4311 4175 4155 4075
4 4311 4218 4239 4175
4 4293 4222 4266 4171
4 4311 4175 4171 4155
4 4311 4239 4222 4175
4 4293 4171 4266 4124
4 4293 4139 4155 4124
4 4293 4269 4155 4139
4 4293 4266 4139 4124
4 4293 4266 4269 4139
4 4348 4342 4338 4336
4 4338 4336 4323 4319
4 4340 4224 636 610
4 4319 4308 4304 4292
4 4336 4323 4327 4302
4 4340 4235 4290 4224
4 4359 4332 4331 1368
4 4303 4276 4260 4244
4 4365 4357 1578 1368
4 4295 4285 4289 4272
4 4295 4289 4288 4272
4 4296 4272 1500 904
4 4296 4285 4289 1500
4 4296 4289 4285 4272
4 4297 906 4296 904
4 4297 1500 906 904
4 4297 4296 4295 4289
4 4297 1492 4289 1491
4 4297 1492 1491 911
4 4297 1495 4289 1494
4 4297 1490 1494 911
4 4297 1497 1492 1306
4 4297 1491 4289 1490
4 4297 1496 4289 1492
4 4297 1491 1490 911
4 4297 1495 1494 1490
4 4297 4289 1495 1490
4 4297 4296 1500 904
4 4297 1500 4289 1280
4 4297 4296 4289 1500
4 4297 4289 1308 1280
4 4297 1308 1307 1306
4 4297 4289 1498 1306
4 4297 1498 4289 1497
4 4297 1497 4289 1496
4 4297 1308 4289 1307
4 4297 1307 4289 1306
4 4299 4276 4256 4244
4 4326 4294 4301 4235
4 4333 4317 4310 4283
4 4299 4273 4276 4270
4 4313 4298 4286 4270
4 4299 4270 4276 4260
4 4299 4276 4287 4260
4 4328 4313 4299 4287
4 4313 4282 4299 4273
4 4299 4282 4276 4273
4 4313 4286 4273 4270
4 4299 4270 4260 4254
4 4299 4260 4287 4254
4 4299 4287 4270 4254
4 4340 4337 817 812
4 4320 850 4306 610
4 4340 4320 4316 4306
4 4323 4304 4308 4300
4 4308 4301 4304 4292
4 4308 4301 4292 4290
4 4327 4323 4319 4306
4 4337 4326 4316 817
4 4332 4328 4325 4322
4 4359 1578 4357 1368
4 4315 4299 4313 4282
4 4317 4305 4310 4303
4 4310 4283 4254 4242
4 4313 4273 4299 4270
4 4332 4325 4328 4313
4 4316 4301 4308 4290
4 4340 637 4330 636
4 4326 4301 4316 818
4 4334 4320 849 848
4 4351 4345 4342 822
4 4345 4330 820 819
4 4326 4308 4316 4301
4 4365 1547 1576 1546
4 4325 4324 4317 4314
4 4335 4322 4333 4317
4 4332 4331 4328 4322
4 4331 4299 4315 4251
4 4314 4310 4305 4298
4 4328 4299 1367 1366
4 4325 4314 4305 4298
4 4343 4333 4314 4310
4 4339 4324 4298 4286
4 4334 4327 4320 4309
4 4331 4328 4322 4315
4 4327 4320 4309 4306
4 4340 4306 4337 4294
4 4323 4319 4308 4304
4 4326 4304 4301 4294
4 4340 4306 4235 4224
4 4336 4327 4323 4319
4 4318 4214 785 579
4 4307 4281 4261 4259
4 4307 4281 4203 4165
4 4307 4281 4165 4144
4 4329 4321 4281 4263
4 4318 4307 4312 4277
4 4307 4281 4259 4203
4 4318 4145 4165 785
4 4318 4307 4259 4203
4 4307 4281 4144 4125
4 4337 4316 4326 4308
4 4337 4306 4300 4294
4 4340 817 4316 812
4 4335 4322 4317 4305
4 4311 4220 4269 3574
4 4311 4269 4293 3574
4 4311 4060 4006 3840
4 4311 4006 4220 3840
4 4311 4060 4220 4006
4 4311 4155 4171 4124
4 4311 4171 4293 4124
4 4311 4293 4155 4124
4 4311 4175 4222 4171
4 4311 4222 4293 4171
4 4311 4238 4220 4075
4 4311 4269 4238 4075
4 4311 4238 4269 4220
4 4321 785 4312 184
4 4312 178 4277 177
4 4312 179 4277 178
4 4346 766 4329 765
4 4312 4277 769 177
4 4312 769 4277 768
4 4312 184 4277 183
4 4312 785 4277 184
4 4318 574 785 571
4 4329 766 4321 765
4 4312 182 4277 181
4 4312 183 4277 182
4 4321 184 4312 183
4 4321 767 4312 766
4 4318 4214 4145 785
4 4315 4299 4282 4276
4 4313 4286 4283 4273
4 4328 4313 4325 4298
4 4332 4325 4324 4322
4 4335 4331 4333 4322
4 4332 4328 1367 1366
4 4331 4299 4251 1368
4 4315 4303 4305 4276
4 4315 4282 4303 4276
4 4332 4328 4331 1368
4 4315 4283 4303 4282
4 4333 4331 4324 4322
4 4315 4283 4282 4273
4 4315 4282 4313 4273
4 4315 4313 4283 4273
4 4328 4325 4322 4305
4 4315 4313 4286 4283
4 4326 4301 4290 4235
4 4345 4330 818 817
4 4336 4323 4300 4280
4 4338 4319 4323 4304
4 4327 4306 4309 4302
4 4359 1579 4357 1578
4 4324 4314 4286 4273
4 4328 4313 4315 4299
4 4325 4314 4317 4305
4 4343 4333 4324 4314
4 4332 4328 1368 1367
4 4332 4328 1366 1365
4 4325 4324 4322 4317
4 4318 4165 4203 785
4 4318 4307 4203 4165
4 4318 4165 4145 4144
4 4318 4307 4165 4144
4 4318 4145 4214 4053
4 4318 4263 4145 4053
4 4318 4263 4281 4145
4 4318 4281 4263 4214
4 4318 4307 4281 4214
4 4318 4144 4145 4125
4 4318 4307 4144 4125
4 4318 4214 4246 4053
4 4318 4246 4263 4053
4 4318 4263 4246 4214
4 4318 4145 4281 4125
4 4318 4281 4307 4125
4 4357 4353 4349 4341
4 4350 4348 4342 4334
4 4340 636 4330 610
4 4331 4251 4315 1368
4 4334 4320 850 849
4 4351 4350 4348 4342
4 4336 4327 4319 4316
4 4327 4316 4320 4306
4 4327 4319 4316 4306
4 4346 4329 4307 4281
4 4321 181 4312 180
4 4329 180 4321 179
4 4321 768 4312 767
4 4321 4312 4318 4307
4 4329 767 4321 766
4 4321 4318 4312 4261
4 4321 182 4312 181
4 4321 183 4312 182
4 4329 184 4321 183
4 4346 765 4329 764
4 4329 785 4321 184
4 4321 178 4312 177
4 4321 179 4312 178
4 4360 184 4346 183
4 4321 4312 769 177
4 4321 769 4312 768
4 4339 4332 4325 4324
4 4339 4333 4332 4324
4 4333 4322 4324 4317
4 4333 4317 4314 4310
4 4327 4323 4306 4302
4 4337 4294 4326 4235
4 4323 4316 4319 4306
4 4340 4334 4330 4320
4 4326 4304 4308 4301
4 4330 4316 818 817
4 4345 4330 819 818
4 4345 4342 4338 4330
4 4330 4316 819 818
4 4351 4345 819 818
4 4361 4350 4334 4327
4 4330 4316 4319 4308
4 4361 4334 850 849
4 4341 4322 4335 4305
4 4345 4330 4338 4319
4 4340 4224 4337 4176
4 4340 4337 4316 817
4 4336 4319 4330 4316
4 4328 4313 4298 4286
4 4328 4315 4313 4286
4 4328 4325 4305 4298
4 4328 4305 4303 4298
4 4328 4305 4315 4303
4 4328 4298 4310 4286
4 4328 4310 4303 4286
4 4328 4303 4310 4298
4 4328 4286 4303 4283
4 4328 4303 4315 4283
4 4328 4315 4286 4283
4 4329 181 4321 180
4 4346 4329 4318 4307
4 4329 768 4321 767
4 4360 4352 4318 4307
4 4329 4321 4318 4307
4 4329 4318 4321 4261
4 4329 182 4321 181
4 4329 183 4321 182
4 4352 4346 4318 4307
4 4346 180 4329 179
4 4364 759 571 183
4 4346 767 4329 766
4 4329 178 4321 177
4 4329 179 4321 178
4 4352 766 4346 765
4 4329 4321 769 177
4 4329 769 4321 768
4 4346 184 4329 183
4 4346 785 4329 184
4 4346 181 4329 180
4 4365 4359 4357 1368
4 4341 4331 4335 4322
4 4359 4331 1578 1368
4 4350 4348 4334 4327
4 4354 4343 4344 4339
4 4364 4360 769 177
4 4343 4335 4339 4333
4 4333 4317 4324 4314
4 4332 4324 4331 4322
4 4354 4343 4324 4314
4 4365 1581 4357 1575
4 4355 4347 4343 4333
4 4347 4344 4343 4341
4 4339 4332 4333 4331
4 4359 4353 4357 1580
4 4350 4348 4327 4302
4 4365 4356 1367 1366
4 4343 4333 4339 4324
4 4350 4342 4345 4334
4 4338 4330 4336 4319
4 4361 818 820 812
4 4361 822 845 821
4 4361 846 849 845
4 4361 4350 845 844
4 4355 4349 4347 1576
4 4361 844 845 839
4 4351 4345 4350 4342
4 4345 4338 4342 822
4 4351 4342 4348 4336
4 4336 4320 4327 4316
4 4336 4330 4320 4316
4 4337 4300 4304 4294
4 4337 4308 4304 4300
4 4337 4304 4326 4294
4 4337 4308 4326 4304
4 4340 4337 4290 4235
4 4340 4290 4337 4224
4 4340 4306 4294 4235
4 4340 4294 4337 4235
4 4342 4338 4336 4323
4 4348 4334 4327 4320
4 4338 4336 4330 4320
4 4362 4355 4356 4354
4 4344 4332 4339 4331
4 4353 4331 4341 4322
4 4340 4316 4323 4306
4 4340 4306 4323 4302
4 4340 4323 4316 4308
4 4340 4316 4337 4308
4 4340 4302 4323 4300
4 4340 4309 4306 4302
4 4340 4323 4308 4300
4 4340 4308 4337 4300
4 4340 4309 4302 4300
4 4340 4306 4309 4300
4 4340 4337 4306 4300
4 4365 1366 1367 1365
4 4344 4339 4341 4331
4 4357 4349 1576 1575
4 4343 4335 4341 4331
4 4343 4339 4335 4331
4 4361 4334 848 847
4 4356 4354 4347 4344
4 4365 1579 1545 1365
4 3572 1409 3467 1329
4 1433 1500 1432 1395
4 3469 1324 1500 1280
4 3469 1318 3467 1317
4 1433 1500 1421 1415
4 1401 1500 1321 1319
4 3469 3467 1500 1317
4 1376 1373 1500 1372
4 3572 1411 3467 1410
4 1412 1500 1411 1410
4 1410 1500 1409 1329
4 1382 1379 1500 1372
4 1382 1500 1374 1372
4 1305 1304 1500 1303
4 3469 1317 1500 1316
4 1381 1500 1377 1374
4 1382 1380 1500 1379
4 3469 1325 3467 1322
4 1414 1500 1413 1412
4 1412 1500 1410 1329
4 3467 1500 1382 1380
4 1310 1500 1309 1303
4 3579 1424 1422 912
4 1379 1378 1500 1372
4 3469 1500 1319 1316
4 1311 1310 1500 1309
4 3469 1322 3467 1321
4 1382 1500 1381 1374
4 1414 1500 1329 1321
4 1414 1401 1500 1321
4 3467 1500 1419 1371
4 1312 1500 1309 1289
4 3467 1374 1500 1371
4 1378 1376 1500 1372
4 3467 1381 1500 1377
4 1377 1500 1375 1374
4 3467 1325 1500 1322
4 3469 1500 1320 1319
4 3572 1410 3467 1409
4 1433 1417 1500 1415
4 1421 1500 1420 1415
4 1315 1309 1500 1289
4 1315 1314 1500 1309
4 1433 1421 1500 1395
4 3467 1322 1500 1321
4 3467 1318 1500 1317
4 1321 1500 1318 1317
4 3467 1375 1500 1374
4 1419 1500 1374 1371
4 1319 1500 1317 1316
4 3572 1328 3467 1325
4 1419 1500 1395 1374
4 3572 3467 3469 1325
4 3467 1382 1500 1381
4 3572 1329 3467 1328
4 3469 1321 3467 1318
4 3469 1500 1324 1320
4 1321 1319 1500 1317
4 3467 1377 1500 1375
4 3467 1429 1500 1401
4 1372 1500 1370 1342
4 1327 1500 1326 1280
4 1320 1319 1500 1303
4 3467 1430 1500 1429
4 1372 1370 1500 1369
4 3467 1500 1424 1401
4 3467 1431 1500 1430
4 1329 1500 1322 1321
4 1395 1372 1500 1369
4 3467 1321 1500 1318
4 1329 1500 1328 1325
4 1421 1418 1500 1395
4 3467 1424 1500 1422
4 3579 1422 3572 912
4 3591 3525 3465 901
4 3525 1700 3465 1236
4 3525 1236 3465 903
4 3525 1239 1700 1236
4 3415 3401 3373 3347
4 2529 2527 2479 2393
4 2529 2479 2446 2393
